session_date,operative_id,zone,hours_worked,lines_picked,units_picked,mispicks
2025-07-01,OP-001,Returns,7.59,253,497,1
2025-07-01,OP-002,Bulk,7.03,347,765,1
2025-07-01,OP-004,Chilled Pick,7.64,473,1090,1
2025-07-01,OP-009,Ambient Pick,7.81,536,1500,1
2025-07-01,OP-010,Bulk,7.41,301,574,0
2025-07-01,OP-012,Ambient Pick,5.93,496,890,2
2025-07-01,OP-013,Ambient Pick,7.71,553,1746,2
2025-07-01,OP-017,Ambient Pick,7.07,602,973,2
2025-07-01,OP-018,Ambient Pick,8.11,709,1625,1
2025-07-01,OP-019,Chilled Pick,6.4,393,1121,3
2025-07-01,OP-020,Returns,7.01,260,857,2
2025-07-01,OP-021,Bulk,0.56,23,56,1
2025-07-01,OP-021,Ambient Pick,7.73,709,1810,1
2025-07-01,OP-022,Ambient Pick,7.86,528,868,2
2025-07-01,OP-025,Ambient Pick,8.3,675,1668,2
2025-07-01,OP-026,Returns,7.28,302,703,3
2025-07-01,OP-027,Ambient Pick,6.69,523,1134,2
2025-07-01,OP-028,Ambient Pick,7.28,542,1142,2
2025-07-01,OP-029,Bulk,8.52,341,546,0
2025-07-01,OP-033,Ambient Pick,6.87,639,2065,1
2025-07-01,OP-034,Ambient Pick,7.68,597,1885,0
2025-07-01,OP-035,Ambient Pick,6.98,524,867,5
2025-07-01,OP-036,Bulk,6.74,422,1000,0
2025-07-01,OP-037,Chilled Pick,7.92,528,1017,5
2025-07-01,OP-038,Bulk,7.19,239,651,0
2025-07-01,OP-042,Ambient Pick,7.46,609,1217,2
2025-07-01,OP-044,Chilled Pick,6.93,386,1005,4
2025-07-01,OP-048,Ambient Pick,0.93,69,154,1
2025-07-01,OP-048,Chilled Pick,6.45,327,951,6
2025-07-02,OP-001,Ambient Pick,7.75,715,1298,3
2025-07-02,OP-002,Bulk,7.08,291,542,1
2025-07-02,OP-004,Bulk,6.67,302,512,1
2025-07-02,OP-004,Ambient Pick,1.42,115,199,0
2025-07-02,OP-005,Bulk,7.03,344,637,2
2025-07-02,OP-007,Ambient Pick,4.74,245,547,3
2025-07-02,OP-007,Bulk,1.75,54,89,1
2025-07-02,OP-009,Ambient Pick,7.62,506,1035,2
2025-07-02,OP-010,Ambient Pick,8.81,834,2210,7
2025-07-02,OP-012,Returns,3.69,153,431,2
2025-07-02,OP-012,Ambient Pick,3.86,340,1039,2
2025-07-02,OP-013,Bulk,7.35,331,1109,2
2025-07-02,OP-017,Ambient Pick,7.67,597,1489,1
2025-07-02,OP-019,Bulk,7.98,341,733,0
2025-07-02,OP-020,Chilled Pick,7.56,426,728,3
2025-07-02,OP-022,Chilled Pick,7.82,363,1103,1
2025-07-02,OP-025,Ambient Pick,6.99,656,1896,2
2025-07-02,OP-026,Bulk,0.86,47,125,0
2025-07-02,OP-026,Ambient Pick,6.75,541,1114,1
2025-07-02,OP-028,Ambient Pick,8.24,702,1645,4
2025-07-02,OP-029,Bulk,7.27,323,1051,1
2025-07-02,OP-032,Chilled Pick,7.5,520,860,1
2025-07-02,OP-033,Bulk,6.04,299,496,0
2025-07-02,OP-033,Chilled Pick,2.28,146,365,0
2025-07-02,OP-034,Returns,1.75,65,146,2
2025-07-02,OP-034,Ambient Pick,6.48,540,1074,2
2025-07-02,OP-035,Ambient Pick,2.28,170,305,1
2025-07-02,OP-035,Chilled Pick,4.66,318,884,5
2025-07-02,OP-036,Returns,8.68,433,958,4
2025-07-02,OP-037,Ambient Pick,7.95,644,1791,4
2025-07-02,OP-038,Ambient Pick,7.15,492,1542,5
2025-07-02,OP-040,Bulk,7.97,420,932,2
2025-07-02,OP-044,Ambient Pick,6.98,410,692,0
2025-07-02,OP-046,Ambient Pick,7.32,542,1069,2
2025-07-02,OP-048,Bulk,8.14,333,538,1
2025-07-03,OP-001,Returns,6.97,272,558,1
2025-07-03,OP-002,Chilled Pick,7.41,478,1258,1
2025-07-03,OP-004,Ambient Pick,7.5,591,1197,2
2025-07-03,OP-005,Ambient Pick,7.56,557,1541,2
2025-07-03,OP-007,Ambient Pick,7.0,340,634,3
2025-07-03,OP-010,Bulk,6.94,333,1071,2
2025-07-03,OP-012,Chilled Pick,6.01,454,1513,3
2025-07-03,OP-012,Ambient Pick,1.25,104,345,0
2025-07-03,OP-013,Ambient Pick,8.22,740,2441,2
2025-07-03,OP-017,Chilled Pick,6.92,533,1545,0
2025-07-03,OP-018,Chilled Pick,7.71,542,948,2
2025-07-03,OP-020,Ambient Pick,7.78,519,1640,5
2025-07-03,OP-022,Ambient Pick,3.29,228,519,4
2025-07-03,OP-022,Chilled Pick,4.23,202,344,2
2025-07-03,OP-025,Ambient Pick,7.64,695,2105,1
2025-07-03,OP-026,Ambient Pick,7.88,691,1863,2
2025-07-03,OP-033,Ambient Pick,8.15,684,1761,4
2025-07-03,OP-034,Bulk,6.95,315,939,2
2025-07-03,OP-035,Bulk,7.47,307,700,1
2025-07-03,OP-036,Ambient Pick,6.54,641,1864,1
2025-07-03,OP-037,Chilled Pick,0.72,46,155,1
2025-07-03,OP-037,Bulk,6.32,294,872,0
2025-07-03,OP-038,Bulk,7.84,309,993,4
2025-07-03,OP-040,Chilled Pick,4.51,334,693,7
2025-07-03,OP-040,Returns,2.74,118,297,1
2025-07-03,OP-042,Chilled Pick,3.0,196,396,0
2025-07-03,OP-042,Bulk,4.27,191,541,2
2025-07-03,OP-044,Bulk,8.0,261,585,1
2025-07-03,OP-046,Ambient Pick,7.18,582,1642,2
2025-07-03,OP-048,Bulk,8.06,349,1028,3
2025-07-04,OP-001,Ambient Pick,7.93,684,2158,1
2025-07-04,OP-002,Ambient Pick,8.33,671,1608,2
2025-07-04,OP-004,Ambient Pick,9.44,712,1912,1
2025-07-04,OP-005,Bulk,7.34,362,939,1
2025-07-04,OP-007,Ambient Pick,7.52,377,1156,2
2025-07-04,OP-009,Ambient Pick,7.74,541,892,1
2025-07-04,OP-010,Chilled Pick,5.19,364,702,1
2025-07-04,OP-010,Ambient Pick,3.32,272,453,2
2025-07-04,OP-012,Ambient Pick,8.12,803,2614,3
2025-07-04,OP-013,Ambient Pick,7.87,626,1110,2
2025-07-04,OP-017,Chilled Pick,7.18,503,1556,3
2025-07-04,OP-018,Ambient Pick,7.51,677,1838,0
2025-07-04,OP-020,Bulk,3.6,172,454,0
2025-07-04,OP-020,Chilled Pick,3.62,241,770,2
2025-07-04,OP-022,Ambient Pick,4.84,326,792,2
2025-07-04,OP-022,Bulk,2.57,98,291,0
2025-07-04,OP-025,Ambient Pick,6.71,585,1012,1
2025-07-04,OP-026,Ambient Pick,6.75,567,1517,0
2025-07-04,OP-027,Bulk,7.49,312,624,0
2025-07-04,OP-028,Ambient Pick,8.02,674,2066,5
2025-07-04,OP-029,Bulk,7.91,322,661,0
2025-07-04,OP-032,Bulk,7.45,444,1412,3
2025-07-04,OP-033,Ambient Pick,7.63,805,2223,5
2025-07-04,OP-034,Ambient Pick,7.16,627,1732,3
2025-07-04,OP-035,Ambient Pick,7.44,588,1986,3
2025-07-04,OP-038,Ambient Pick,7.17,438,746,6
2025-07-04,OP-040,Ambient Pick,7.11,709,1381,7
2025-07-04,OP-042,Ambient Pick,8.63,620,1928,6
2025-07-04,OP-046,Bulk,8.19,314,701,1
2025-07-05,OP-001,Ambient Pick,8.08,614,983,2
2025-07-05,OP-002,Returns,7.81,281,727,2
2025-07-05,OP-004,Ambient Pick,6.95,558,1577,1
2025-07-05,OP-005,Ambient Pick,7.41,614,1500,5
2025-07-05,OP-009,Ambient Pick,8.45,598,1804,0
2025-07-05,OP-010,Ambient Pick,6.83,565,1636,3
2025-07-05,OP-012,Bulk,6.62,309,887,1
2025-07-05,OP-013,Chilled Pick,7.98,452,782,3
2025-07-05,OP-017,Ambient Pick,7.77,667,1116,4
2025-07-05,OP-018,Ambient Pick,6.53,524,1464,1
2025-07-05,OP-019,Ambient Pick,1.95,153,431,0
2025-07-05,OP-019,Bulk,5.19,217,644,0
2025-07-05,OP-020,Ambient Pick,6.08,442,855,0
2025-07-05,OP-021,Chilled Pick,7.36,530,956,1
2025-07-05,OP-025,Ambient Pick,5.15,454,1221,1
2025-07-05,OP-025,Bulk,2.08,87,191,0
2025-07-05,OP-026,Bulk,7.84,436,858,0
2025-07-05,OP-027,Ambient Pick,6.91,557,1582,1
2025-07-05,OP-027,Bulk,1.18,55,145,0
2025-07-05,OP-032,Bulk,7.64,425,844,1
2025-07-05,OP-033,Ambient Pick,7.57,623,1442,2
2025-07-05,OP-035,Chilled Pick,3.85,225,742,2
2025-07-05,OP-035,Ambient Pick,4.33,344,813,6
2025-07-05,OP-036,Bulk,7.75,410,1232,0
2025-07-05,OP-037,Ambient Pick,7.03,515,1176,2
2025-07-05,OP-038,Ambient Pick,7.5,432,891,3
2025-07-05,OP-040,Ambient Pick,7.34,716,1265,13
2025-07-05,OP-042,Bulk,6.36,321,842,2
2025-07-05,OP-044,Ambient Pick,2.87,157,297,1
2025-07-05,OP-044,Chilled Pick,3.54,135,277,1
2025-07-05,OP-046,Bulk,6.66,271,833,2
2025-07-05,OP-048,Bulk,8.33,335,694,0
2025-07-07,OP-001,Bulk,7.67,387,620,4
2025-07-07,OP-002,Ambient Pick,6.98,735,1574,3
2025-07-07,OP-002,Returns,0.74,31,64,1
2025-07-07,OP-004,Bulk,8.31,410,1010,0
2025-07-07,OP-005,Ambient Pick,7.42,821,1600,4
2025-07-07,OP-007,Ambient Pick,8.06,481,980,2
2025-07-07,OP-009,Chilled Pick,6.94,496,1397,2
2025-07-07,OP-010,Ambient Pick,3.88,369,1077,2
2025-07-07,OP-010,Chilled Pick,3.67,288,874,0
2025-07-07,OP-012,Ambient Pick,5.86,608,1840,2
2025-07-07,OP-012,Chilled Pick,2.09,186,458,0
2025-07-07,OP-013,Ambient Pick,7.53,706,1886,5
2025-07-07,OP-017,Ambient Pick,6.31,473,905,2
2025-07-07,OP-017,Bulk,2.31,116,227,0
2025-07-07,OP-018,Chilled Pick,7.38,688,1784,5
2025-07-07,OP-019,Ambient Pick,7.2,689,2078,5
2025-07-07,OP-020,Ambient Pick,5.45,506,820,5
2025-07-07,OP-020,Chilled Pick,3.21,236,544,7
2025-07-07,OP-021,Chilled Pick,6.81,507,1683,3
2025-07-07,OP-022,Ambient Pick,8.2,654,2134,3
2025-07-07,OP-025,Chilled Pick,7.6,616,1970,4
2025-07-07,OP-026,Chilled Pick,6.98,584,1934,3
2025-07-07,OP-027,Bulk,7.89,409,1228,4
2025-07-07,OP-028,Ambient Pick,8.03,786,1347,5
2025-07-07,OP-029,Ambient Pick,8.36,656,1739,2
2025-07-07,OP-032,Ambient Pick,8.76,963,1760,4
2025-07-07,OP-034,Bulk,7.64,374,961,1
2025-07-07,OP-035,Chilled Pick,3.91,287,771,6
2025-07-07,OP-035,Bulk,3.77,195,485,0
2025-07-07,OP-036,Ambient Pick,8.16,871,2067,3
2025-07-07,OP-037,Ambient Pick,7.2,697,2066,5
2025-07-07,OP-037,Bulk,1.08,65,190,0
2025-07-07,OP-038,Ambient Pick,8.04,602,1222,5
2025-07-07,OP-040,Ambient Pick,6.7,856,1522,9
2025-07-07,OP-042,Chilled Pick,8.03,621,1077,4
2025-07-07,OP-044,Chilled Pick,6.87,368,1037,5
2025-07-07,OP-046,Chilled Pick,7.23,513,823,5
2025-07-07,OP-048,Ambient Pick,7.36,564,1873,6
2025-07-08,OP-001,Ambient Pick,7.69,691,1801,4
2025-07-08,OP-002,Chilled Pick,8.56,600,1359,6
2025-07-08,OP-004,Ambient Pick,7.52,605,1038,2
2025-07-08,OP-005,Ambient Pick,7.57,626,1194,2
2025-07-08,OP-007,Bulk,7.32,225,722,2
2025-07-08,OP-010,Ambient Pick,9.01,736,1280,2
2025-07-08,OP-012,Chilled Pick,8.91,633,1560,2
2025-07-08,OP-013,Bulk,6.56,314,901,0
2025-07-08,OP-017,Ambient Pick,2.09,177,464,1
2025-07-08,OP-017,Chilled Pick,5.13,313,622,3
2025-07-08,OP-018,Ambient Pick,1.77,158,462,1
2025-07-08,OP-018,Chilled Pick,5.79,373,1058,0
2025-07-08,OP-019,Ambient Pick,7.52,557,1298,1
2025-07-08,OP-020,Ambient Pick,8.18,670,1726,0
2025-07-08,OP-021,Ambient Pick,7.78,703,1843,1
2025-07-08,OP-022,Bulk,7.24,299,516,0
2025-07-08,OP-026,Bulk,7.78,382,1218,2
2025-07-08,OP-027,Chilled Pick,7.56,445,741,1
2025-07-08,OP-028,Ambient Pick,5.6,437,864,0
2025-07-08,OP-028,Chilled Pick,1.71,99,306,1
2025-07-08,OP-029,Bulk,8.39,307,858,0
2025-07-08,OP-032,Ambient Pick,7.31,725,1775,4
2025-07-08,OP-033,Ambient Pick,7.18,669,1073,4
2025-07-08,OP-034,Ambient Pick,7.29,561,1253,4
2025-07-08,OP-035,Ambient Pick,7.92,604,1104,4
2025-07-08,OP-036,Ambient Pick,7.73,850,2750,1
2025-07-08,OP-037,Ambient Pick,7.71,594,1965,1
2025-07-08,OP-038,Ambient Pick,7.84,512,914,3
2025-07-08,OP-040,Bulk,4.82,249,711,1
2025-07-08,OP-040,Ambient Pick,2.46,244,421,0
2025-07-08,OP-042,Returns,6.71,261,592,0
2025-07-08,OP-044,Chilled Pick,7.78,332,946,2
2025-07-08,OP-046,Ambient Pick,3.92,270,445,1
2025-07-08,OP-046,Bulk,2.75,109,190,2
2025-07-09,OP-001,Chilled Pick,6.86,442,1167,4
2025-07-09,OP-002,Chilled Pick,7.51,531,1574,1
2025-07-09,OP-004,Chilled Pick,8.24,515,837,3
2025-07-09,OP-005,Ambient Pick,8.16,666,1979,4
2025-07-09,OP-007,Ambient Pick,6.47,362,747,2
2025-07-09,OP-009,Ambient Pick,7.0,470,1483,1
2025-07-09,OP-009,Chilled Pick,0.76,37,62,0
2025-07-09,OP-010,Ambient Pick,6.98,590,1974,5
2025-07-09,OP-012,Chilled Pick,7.86,572,1395,3
2025-07-09,OP-013,Ambient Pick,7.53,640,1539,0
2025-07-09,OP-017,Chilled Pick,7.52,518,1741,4
2025-07-09,OP-018,Bulk,6.86,284,515,0
2025-07-09,OP-018,Ambient Pick,1.1,93,218,0
2025-07-09,OP-019,Chilled Pick,7.17,432,871,0
2025-07-09,OP-020,Chilled Pick,8.27,523,1260,2
2025-07-09,OP-021,Ambient Pick,7.22,734,2116,3
2025-07-09,OP-022,Bulk,7.28,241,637,1
2025-07-09,OP-026,Ambient Pick,1.27,109,204,0
2025-07-09,OP-026,Bulk,6.65,358,901,0
2025-07-09,OP-027,Bulk,4.29,179,506,0
2025-07-09,OP-027,Returns,3.28,113,289,1
2025-07-09,OP-029,Bulk,7.67,363,1144,0
2025-07-09,OP-032,Ambient Pick,8.08,801,2635,5
2025-07-09,OP-033,Bulk,1.15,58,187,1
2025-07-09,OP-033,Ambient Pick,7.4,616,1775,2
2025-07-09,OP-034,Ambient Pick,7.81,584,1904,2
2025-07-09,OP-035,Chilled Pick,3.98,294,716,5
2025-07-09,OP-035,Ambient Pick,3.96,301,485,2
2025-07-09,OP-036,Bulk,7.97,452,1193,0
2025-07-09,OP-037,Ambient Pick,6.76,539,1179,5
2025-07-09,OP-038,Ambient Pick,7.01,424,723,1
2025-07-09,OP-040,Ambient Pick,0.69,71,227,1
2025-07-09,OP-040,Bulk,5.94,339,765,3
2025-07-09,OP-042,Bulk,7.99,342,1095,0
2025-07-09,OP-044,Ambient Pick,8.47,487,1070,1
2025-07-09,OP-046,Ambient Pick,7.86,569,956,1
2025-07-09,OP-048,Ambient Pick,1.5,115,248,1
2025-07-09,OP-048,Returns,6.13,218,470,2
2025-07-10,OP-001,Ambient Pick,2.79,226,561,1
2025-07-10,OP-001,Chilled Pick,3.98,229,449,2
2025-07-10,OP-002,Chilled Pick,6.6,403,1044,1
2025-07-10,OP-004,Ambient Pick,1.11,86,230,0
2025-07-10,OP-004,Chilled Pick,4.81,320,942,1
2025-07-10,OP-005,Ambient Pick,7.04,607,1200,2
2025-07-10,OP-007,Chilled Pick,8.44,377,1140,0
2025-07-10,OP-009,Chilled Pick,7.37,384,696,1
2025-07-10,OP-010,Ambient Pick,0.8,67,157,0
2025-07-10,OP-010,Bulk,6.43,338,1027,1
2025-07-10,OP-012,Ambient Pick,7.62,770,2526,4
2025-07-10,OP-013,Returns,8.97,292,940,0
2025-07-10,OP-017,Bulk,4.78,221,468,0
2025-07-10,OP-017,Ambient Pick,2.4,204,689,0
2025-07-10,OP-018,Bulk,8.71,384,998,1
2025-07-10,OP-018,Chilled Pick,0.54,40,119,0
2025-07-10,OP-019,Ambient Pick,7.8,580,1126,1
2025-07-10,OP-020,Ambient Pick,8.14,662,2007,4
2025-07-10,OP-021,Ambient Pick,8.02,632,1461,2
2025-07-10,OP-022,Ambient Pick,6.58,425,1199,2
2025-07-10,OP-025,Bulk,6.82,326,577,0
2025-07-10,OP-026,Ambient Pick,3.55,286,813,0
2025-07-10,OP-026,Bulk,3.79,195,463,1
2025-07-10,OP-027,Ambient Pick,7.82,565,923,0
2025-07-10,OP-028,Ambient Pick,7.62,619,1451,1
2025-07-10,OP-029,Chilled Pick,8.49,495,1270,2
2025-07-10,OP-032,Chilled Pick,7.92,678,1864,3
2025-07-10,OP-033,Ambient Pick,8.16,797,2198,2
2025-07-10,OP-034,Bulk,8.14,368,779,1
2025-07-10,OP-035,Bulk,6.95,295,637,1
2025-07-10,OP-037,Bulk,6.31,333,913,0
2025-07-10,OP-037,Chilled Pick,2.05,135,457,1
2025-07-10,OP-038,Ambient Pick,2.98,190,638,3
2025-07-10,OP-038,Returns,5.18,136,437,0
2025-07-10,OP-040,Ambient Pick,8.2,758,1713,9
2025-07-10,OP-042,Chilled Pick,7.16,476,1593,2
2025-07-10,OP-046,Chilled Pick,7.3,344,981,3
2025-07-10,OP-048,Ambient Pick,5.33,381,1088,7
2025-07-10,OP-048,Returns,1.6,56,126,4
2025-07-11,OP-001,Ambient Pick,6.67,558,1419,0
2025-07-11,OP-002,Chilled Pick,6.68,438,1122,1
2025-07-11,OP-004,Bulk,7.88,357,826,0
2025-07-11,OP-005,Chilled Pick,0.94,66,106,2
2025-07-11,OP-005,Ambient Pick,6.8,615,1995,10
2025-07-11,OP-007,Ambient Pick,7.36,396,1177,5
2025-07-11,OP-010,Ambient Pick,8.51,757,1737,1
2025-07-11,OP-012,Ambient Pick,7.77,704,2232,2
2025-07-11,OP-013,Chilled Pick,7.49,487,1350,0
2025-07-11,OP-017,Chilled Pick,6.33,413,1367,3
2025-07-11,OP-019,Bulk,8.57,340,1053,0
2025-07-11,OP-020,Bulk,1.84,83,140,0
2025-07-11,OP-020,Returns,6.11,221,630,2
2025-07-11,OP-021,Bulk,4.0,199,602,0
2025-07-11,OP-021,Ambient Pick,3.04,244,501,3
2025-07-11,OP-022,Chilled Pick,7.41,324,951,3
2025-07-11,OP-025,Ambient Pick,7.4,672,1253,2
2025-07-11,OP-026,Chilled Pick,5.28,375,1141,1
2025-07-11,OP-026,Ambient Pick,3.17,324,651,2
2025-07-11,OP-027,Ambient Pick,8.76,751,1497,2
2025-07-11,OP-028,Ambient Pick,7.92,680,2300,1
2025-07-11,OP-029,Ambient Pick,5.64,418,800,2
2025-07-11,OP-029,Chilled Pick,1.55,94,288,0
2025-07-11,OP-032,Bulk,7.7,429,782,4
2025-07-11,OP-033,Bulk,2.29,111,375,0
2025-07-11,OP-033,Ambient Pick,4.97,473,795,3
2025-07-11,OP-034,Ambient Pick,3.47,288,962,1
2025-07-11,OP-034,Bulk,3.89,163,457,0
2025-07-11,OP-036,Returns,7.08,315,886,1
2025-07-11,OP-037,Ambient Pick,7.92,644,2046,2
2025-07-11,OP-038,Bulk,7.05,243,684,1
2025-07-11,OP-040,Chilled Pick,6.91,579,1130,8
2025-07-11,OP-042,Returns,4.56,168,444,3
2025-07-11,OP-042,Chilled Pick,2.59,172,527,1
2025-07-11,OP-044,Bulk,7.88,237,425,0
2025-07-11,OP-046,Chilled Pick,7.02,368,652,1
2025-07-11,OP-048,Returns,1.68,53,131,0
2025-07-11,OP-048,Chilled Pick,6.5,393,1044,6
2025-07-12,OP-002,Chilled Pick,1.13,68,174,1
2025-07-12,OP-002,Bulk,5.64,282,807,2
2025-07-12,OP-004,Ambient Pick,7.26,531,1410,3
2025-07-12,OP-005,Ambient Pick,8.65,867,2753,2
2025-07-12,OP-007,Ambient Pick,7.24,437,1379,5
2025-07-12,OP-009,Chilled Pick,3.89,199,661,2
2025-07-12,OP-009,Bulk,4.18,157,291,1
2025-07-12,OP-012,Returns,7.21,294,643,1
2025-07-12,OP-013,Ambient Pick,8.28,603,1309,1
2025-07-12,OP-017,Bulk,7.52,345,926,0
2025-07-12,OP-018,Chilled Pick,7.38,485,1309,0
2025-07-12,OP-019,Bulk,8.89,364,903,0
2025-07-12,OP-021,Ambient Pick,7.66,718,2154,4
2025-07-12,OP-022,Chilled Pick,6.99,347,761,1
2025-07-12,OP-025,Ambient Pick,6.48,610,1741,1
2025-07-12,OP-026,Ambient Pick,8.21,769,2080,5
2025-07-12,OP-027,Bulk,8.43,345,968,0
2025-07-12,OP-028,Bulk,8.18,375,1207,0
2025-07-12,OP-029,Chilled Pick,7.05,411,1068,1
2025-07-12,OP-032,Chilled Pick,2.54,189,529,2
2025-07-12,OP-032,Ambient Pick,3.83,348,934,2
2025-07-12,OP-033,Ambient Pick,7.96,708,1861,2
2025-07-12,OP-034,Chilled Pick,6.64,389,1061,2
2025-07-12,OP-034,Ambient Pick,1.33,96,225,0
2025-07-12,OP-035,Bulk,8.68,379,805,0
2025-07-12,OP-036,Ambient Pick,1.08,122,243,1
2025-07-12,OP-036,Returns,6.61,282,641,1
2025-07-12,OP-037,Bulk,7.67,360,781,1
2025-07-12,OP-038,Ambient Pick,7.75,512,1696,2
2025-07-12,OP-040,Ambient Pick,6.8,636,1405,2
2025-07-12,OP-040,Chilled Pick,1.19,94,153,1
2025-07-12,OP-042,Ambient Pick,8.06,737,1262,3
2025-07-12,OP-048,Ambient Pick,7.22,552,1365,5
2025-07-14,OP-002,Chilled Pick,4.96,397,1066,4
2025-07-14,OP-002,Ambient Pick,3.28,316,533,1
2025-07-14,OP-005,Chilled Pick,8.01,691,1761,11
2025-07-14,OP-007,Chilled Pick,7.71,392,809,2
2025-07-14,OP-009,Ambient Pick,4.18,330,810,0
2025-07-14,OP-009,Returns,3.69,138,353,1
2025-07-14,OP-010,Bulk,7.46,399,1043,0
2025-07-14,OP-013,Ambient Pick,7.95,753,2177,2
2025-07-14,OP-017,Chilled Pick,7.65,631,1079,6
2025-07-14,OP-018,Chilled Pick,7.61,621,2034,0
2025-07-14,OP-019,Ambient Pick,7.42,751,2500,5
2025-07-14,OP-021,Ambient Pick,4.09,419,1290,2
2025-07-14,OP-021,Chilled Pick,2.29,182,364,1
2025-07-14,OP-022,Ambient Pick,7.49,634,1562,4
2025-07-14,OP-025,Bulk,8.04,490,1441,0
2025-07-14,OP-026,Bulk,7.59,423,1120,4
2025-07-14,OP-027,Chilled Pick,7.91,534,1683,0
2025-07-14,OP-028,Ambient Pick,8.29,755,2045,4
2025-07-14,OP-029,Returns,5.28,217,682,5
2025-07-14,OP-029,Bulk,1.87,101,333,0
2025-07-14,OP-033,Chilled Pick,7.62,657,1984,2
2025-07-14,OP-034,Ambient Pick,7.61,603,1756,2
2025-07-14,OP-035,Bulk,8.16,491,1304,5
2025-07-14,OP-036,Ambient Pick,5.72,666,1163,0
2025-07-14,OP-036,Returns,2.52,133,379,0
2025-07-14,OP-038,Bulk,7.85,344,672,2
2025-07-14,OP-040,Chilled Pick,7.75,740,2383,8
2025-07-14,OP-042,Ambient Pick,7.56,749,1732,6
2025-07-14,OP-044,Chilled Pick,2.39,101,220,1
2025-07-14,OP-044,Ambient Pick,4.23,304,759,1
2025-07-14,OP-048,Ambient Pick,8.24,616,1299,3
2025-07-15,OP-002,Chilled Pick,7.9,460,1435,1
2025-07-15,OP-004,Bulk,6.37,282,752,0
2025-07-15,OP-004,Ambient Pick,1.18,93,212,0
2025-07-15,OP-005,Ambient Pick,7.68,652,1076,1
2025-07-15,OP-007,Ambient Pick,7.55,430,925,5
2025-07-15,OP-009,Chilled Pick,7.09,446,1125,3
2025-07-15,OP-010,Ambient Pick,8.11,722,2431,2
2025-07-15,OP-012,Bulk,7.29,350,1051,1
2025-07-15,OP-013,Ambient Pick,7.78,658,1317,5
2025-07-15,OP-017,Bulk,7.3,356,702,1
2025-07-15,OP-018,Chilled Pick,3.55,240,499,1
2025-07-15,OP-018,Ambient Pick,4.17,347,741,0
2025-07-15,OP-019,Ambient Pick,7.96,575,1154,1
2025-07-15,OP-020,Chilled Pick,7.32,425,1335,1
2025-07-15,OP-021,Returns,6.95,289,577,4
2025-07-15,OP-022,Returns,8.91,258,488,1
2025-07-15,OP-025,Ambient Pick,4.59,369,1250,2
2025-07-15,OP-025,Chilled Pick,3.79,282,880,2
2025-07-15,OP-026,Ambient Pick,8.46,703,1801,1
2025-07-15,OP-027,Ambient Pick,8.04,609,1418,2
2025-07-15,OP-028,Bulk,3.98,174,293,1
2025-07-15,OP-028,Ambient Pick,3.5,297,865,3
2025-07-15,OP-029,Ambient Pick,3.82,272,885,0
2025-07-15,OP-029,Chilled Pick,3.86,235,613,4
2025-07-15,OP-032,Bulk,6.66,401,1295,1
2025-07-15,OP-033,Ambient Pick,0.99,97,296,0
2025-07-15,OP-033,Bulk,6.83,312,676,1
2025-07-15,OP-034,Chilled Pick,6.86,490,1128,5
2025-07-15,OP-035,Ambient Pick,8.62,662,1929,2
2025-07-15,OP-036,Ambient Pick,7.24,831,1772,2
2025-07-15,OP-037,Bulk,0.8,38,122,0
2025-07-15,OP-037,Ambient Pick,7.01,576,1615,4
2025-07-15,OP-038,Ambient Pick,1.62,116,386,1
2025-07-15,OP-038,Bulk,6.74,251,445,2
2025-07-15,OP-040,Bulk,6.88,374,1146,4
2025-07-15,OP-042,Chilled Pick,6.47,417,1219,2
2025-07-15,OP-042,Bulk,1.16,56,96,0
2025-07-15,OP-044,Ambient Pick,7.42,390,767,2
2025-07-15,OP-046,Chilled Pick,7.53,394,1012,5
2025-07-15,OP-048,Ambient Pick,7.5,557,1570,3
2025-07-16,OP-001,Chilled Pick,8.35,549,1755,2
2025-07-16,OP-004,Ambient Pick,7.67,625,1986,1
2025-07-16,OP-005,Ambient Pick,6.88,588,1577,3
2025-07-16,OP-007,Ambient Pick,7.41,469,1131,5
2025-07-16,OP-009,Ambient Pick,0.74,55,125,0
2025-07-16,OP-009,Bulk,7.13,287,926,0
2025-07-16,OP-012,Ambient Pick,7.29,690,2180,4
2025-07-16,OP-012,Chilled Pick,0.91,65,128,0
2025-07-16,OP-013,Ambient Pick,4.42,362,826,0
2025-07-16,OP-013,Chilled Pick,2.61,158,482,0
2025-07-16,OP-017,Ambient Pick,7.57,673,2274,3
2025-07-16,OP-018,Chilled Pick,3.95,257,823,0
2025-07-16,OP-018,Bulk,3.87,208,381,1
2025-07-16,OP-019,Ambient Pick,7.01,453,817,0
2025-07-16,OP-020,Bulk,6.63,299,960,0
2025-07-16,OP-021,Ambient Pick,7.9,788,2452,4
2025-07-16,OP-022,Ambient Pick,7.2,472,885,1
2025-07-16,OP-025,Chilled Pick,6.99,504,1094,2
2025-07-16,OP-026,Bulk,5.79,288,766,1
2025-07-16,OP-026,Chilled Pick,1.59,133,379,0
2025-07-16,OP-027,Chilled Pick,2.56,157,395,0
2025-07-16,OP-027,Bulk,4.3,191,322,0
2025-07-16,OP-028,Chilled Pick,8.12,583,1876,7
2025-07-16,OP-029,Chilled Pick,7.67,421,1225,3
2025-07-16,OP-032,Ambient Pick,7.36,657,1867,4
2025-07-16,OP-033,Ambient Pick,7.63,694,2346,5
2025-07-16,OP-034,Chilled Pick,8.28,494,1231,4
2025-07-16,OP-035,Ambient Pick,6.69,531,1109,3
2025-07-16,OP-036,Ambient Pick,3.09,315,853,1
2025-07-16,OP-036,Chilled Pick,4.19,353,1027,3
2025-07-16,OP-037,Ambient Pick,7.42,633,1659,6
2025-07-16,OP-038,Ambient Pick,0.71,49,117,0
2025-07-16,OP-038,Bulk,6.05,225,435,0
2025-07-16,OP-040,Returns,8.05,386,707,2
2025-07-16,OP-041,Chilled Pick,4.16,111,300,0
2025-07-16,OP-041,Bulk,4.28,81,151,2
2025-07-16,OP-042,Bulk,7.62,333,1070,0
2025-07-16,OP-044,Bulk,7.84,240,501,0
2025-07-16,OP-046,Returns,1.47,48,132,0
2025-07-16,OP-046,Bulk,5.44,184,541,0
2025-07-16,OP-048,Returns,7.13,250,818,4
2025-07-17,OP-001,Chilled Pick,6.11,397,1273,3
2025-07-17,OP-001,Bulk,1.98,95,232,0
2025-07-17,OP-004,Returns,5.43,192,368,2
2025-07-17,OP-009,Ambient Pick,7.04,560,1035,10
2025-07-17,OP-012,Ambient Pick,7.69,731,2355,5
2025-07-17,OP-017,Bulk,7.08,328,1039,0
2025-07-17,OP-018,Ambient Pick,7.62,687,2301,1
2025-07-17,OP-019,Returns,7.96,270,889,0
2025-07-17,OP-020,Ambient Pick,7.56,579,1899,2
2025-07-17,OP-022,Returns,7.85,234,532,2
2025-07-17,OP-025,Chilled Pick,8.64,526,1408,1
2025-07-17,OP-026,Ambient Pick,7.93,800,2406,2
2025-07-17,OP-027,Chilled Pick,6.9,439,1456,1
2025-07-17,OP-028,Chilled Pick,9.44,575,1613,3
2025-07-17,OP-029,Chilled Pick,3.55,246,625,1
2025-07-17,OP-029,Ambient Pick,3.71,319,552,3
2025-07-17,OP-031,Ambient Pick,5.85,232,671,2
2025-07-17,OP-031,Bulk,2.5,67,113,2
2025-07-17,OP-032,Ambient Pick,7.14,679,1397,2
2025-07-17,OP-033,Ambient Pick,6.7,536,1128,1
2025-07-17,OP-035,Returns,7.79,273,489,2
2025-07-17,OP-036,Returns,7.49,357,895,3
2025-07-17,OP-037,Ambient Pick,7.64,579,987,2
2025-07-17,OP-038,Ambient Pick,1.37,94,193,2
2025-07-17,OP-038,Chilled Pick,5.62,315,794,2
2025-07-17,OP-040,Returns,7.6,287,546,9
2025-07-17,OP-041,Chilled Pick,7.54,216,466,3
2025-07-17,OP-042,Returns,7.02,252,487,4
2025-07-17,OP-046,Ambient Pick,6.85,535,1290,5
2025-07-17,OP-048,Ambient Pick,6.78,412,1131,7
2025-07-18,OP-001,Ambient Pick,6.51,551,1079,2
2025-07-18,OP-002,Ambient Pick,8.04,697,1492,4
2025-07-18,OP-004,Returns,7.36,284,708,2
2025-07-18,OP-005,Ambient Pick,6.97,650,1246,7
2025-07-18,OP-007,Bulk,7.01,251,524,4
2025-07-18,OP-009,Ambient Pick,8.14,552,1517,2
2025-07-18,OP-010,Bulk,6.64,355,763,1
2025-07-18,OP-012,Bulk,7.74,419,1285,4
2025-07-18,OP-013,Chilled Pick,7.78,518,1066,1
2025-07-18,OP-019,Ambient Pick,6.66,559,1564,0
2025-07-18,OP-020,Bulk,7.14,292,859,1
2025-07-18,OP-020,Chilled Pick,0.84,52,169,0
2025-07-18,OP-021,Bulk,2.41,115,308,0
2025-07-18,OP-021,Chilled Pick,5.88,383,1238,3
2025-07-18,OP-022,Returns,7.47,209,352,0
2025-07-18,OP-025,Bulk,7.5,392,1295,1
2025-07-18,OP-026,Ambient Pick,1.2,102,196,1
2025-07-18,OP-026,Returns,6.82,268,850,2
2025-07-18,OP-027,Ambient Pick,1.95,171,306,0
2025-07-18,OP-027,Chilled Pick,5.47,324,783,1
2025-07-18,OP-028,Bulk,7.17,322,636,1
2025-07-18,OP-029,Ambient Pick,5.79,483,1307,4
2025-07-18,OP-029,Bulk,0.83,34,114,0
2025-07-18,OP-031,Bulk,8.12,206,451,1
2025-07-18,OP-032,Ambient Pick,7.49,758,2506,7
2025-07-18,OP-033,Ambient Pick,7.82,619,1003,1
2025-07-18,OP-034,Chilled Pick,7.8,482,988,2
2025-07-18,OP-035,Ambient Pick,7.35,636,1834,5
2025-07-18,OP-036,Ambient Pick,6.87,629,1573,0
2025-07-18,OP-037,Bulk,7.35,318,1041,0
2025-07-18,OP-040,Bulk,7.42,414,1341,5
2025-07-18,OP-042,Bulk,8.91,373,1084,1
2025-07-18,OP-046,Ambient Pick,3.05,226,496,3
2025-07-18,OP-046,Bulk,3.9,146,327,1
2025-07-18,OP-048,Bulk,3.03,110,347,1
2025-07-18,OP-048,Ambient Pick,4.14,308,621,2
2025-07-19,OP-001,Bulk,3.6,179,570,1
2025-07-19,OP-001,Chilled Pick,3.92,244,779,0
2025-07-19,OP-002,Returns,7.15,252,504,1
2025-07-19,OP-004,Ambient Pick,7.43,622,1496,2
2025-07-19,OP-005,Ambient Pick,6.45,530,1042,3
2025-07-19,OP-007,Ambient Pick,3.49,179,488,0
2025-07-19,OP-007,Bulk,4.22,125,422,0
2025-07-19,OP-009,Ambient Pick,7.27,466,1394,3
2025-07-19,OP-010,Chilled Pick,8.26,518,1402,1
2025-07-19,OP-012,Chilled Pick,7.82,519,1671,3
2025-07-19,OP-013,Chilled Pick,7.58,466,1533,2
2025-07-19,OP-017,Ambient Pick,1.35,107,176,0
2025-07-19,OP-017,Chilled Pick,6.34,422,680,3
2025-07-19,OP-018,Bulk,0.75,36,58,0
2025-07-19,OP-018,Ambient Pick,6.12,539,1405,2
2025-07-19,OP-019,Bulk,8.08,354,858,3
2025-07-19,OP-020,Chilled Pick,7.4,375,1135,3
2025-07-19,OP-021,Ambient Pick,7.66,690,2297,4
2025-07-19,OP-022,Ambient Pick,6.97,544,1579,5
2025-07-19,OP-025,Chilled Pick,6.3,389,1321,2
2025-07-19,OP-025,Returns,0.92,37,89,0
2025-07-19,OP-026,Bulk,6.43,297,673,0
2025-07-19,OP-027,Ambient Pick,4.47,362,624,1
2025-07-19,OP-027,Bulk,3.3,137,222,1
2025-07-19,OP-028,Chilled Pick,7.86,492,844,3
2025-07-19,OP-029,Bulk,7.0,312,586,2
2025-07-19,OP-031,Chilled Pick,7.17,251,455,3
2025-07-19,OP-031,Bulk,0.58,14,36,0
2025-07-19,OP-032,Ambient Pick,6.89,557,1042,1
2025-07-19,OP-033,Ambient Pick,4.33,388,1231,1
2025-07-19,OP-033,Chilled Pick,3.61,252,765,3
2025-07-19,OP-034,Ambient Pick,6.77,494,962,2
2025-07-19,OP-035,Chilled Pick,7.9,557,1170,7
2025-07-19,OP-036,Bulk,8.07,456,1091,0
2025-07-19,OP-038,Chilled Pick,6.96,361,610,4
2025-07-19,OP-040,Ambient Pick,1.48,139,334,2
2025-07-19,OP-040,Returns,5.25,206,363,5
2025-07-19,OP-046,Returns,7.72,269,441,4
2025-07-19,OP-048,Bulk,7.91,357,1019,1
2025-07-21,OP-001,Chilled Pick,6.65,511,1340,4
2025-07-21,OP-002,Bulk,7.67,427,1196,0
2025-07-21,OP-004,Chilled Pick,7.0,527,1600,4
2025-07-21,OP-004,Ambient Pick,1.15,99,239,0
2025-07-21,OP-005,Chilled Pick,3.64,316,826,4
2025-07-21,OP-005,Bulk,3.72,237,475,0
2025-07-21,OP-007,Ambient Pick,6.37,465,788,5
2025-07-21,OP-009,Chilled Pick,7.69,460,1114,0
2025-07-21,OP-010,Chilled Pick,7.23,522,1226,1
2025-07-21,OP-012,Ambient Pick,7.14,793,2511,2
2025-07-21,OP-013,Ambient Pick,7.53,721,1192,4
2025-07-21,OP-014,Chilled Pick,7.87,303,691,2
2025-07-21,OP-017,Ambient Pick,1.94,185,543,1
2025-07-21,OP-017,Bulk,5.55,279,631,2
2025-07-21,OP-018,Ambient Pick,6.03,590,1733,0
2025-07-21,OP-018,Bulk,1.05,60,187,0
2025-07-21,OP-020,Ambient Pick,7.69,659,1530,1
2025-07-21,OP-021,Ambient Pick,8.49,906,1889,2
2025-07-21,OP-022,Bulk,8.02,355,668,0
2025-07-21,OP-025,Ambient Pick,8.33,877,1709,3
2025-07-21,OP-026,Chilled Pick,7.64,745,2168,1
2025-07-21,OP-028,Ambient Pick,6.68,634,1558,5
2025-07-21,OP-031,Ambient Pick,5.08,270,639,6
2025-07-21,OP-031,Chilled Pick,2.53,107,271,2
2025-07-21,OP-033,Chilled Pick,6.35,521,1037,5
2025-07-21,OP-034,Chilled Pick,7.35,511,1610,1
2025-07-21,OP-035,Returns,0.91,39,85,0
2025-07-21,OP-035,Ambient Pick,5.74,503,898,6
2025-07-21,OP-038,Ambient Pick,7.69,567,1272,2
2025-07-21,OP-040,Bulk,7.88,448,1420,2
2025-07-21,OP-042,Chilled Pick,7.92,520,1738,2
2025-07-21,OP-044,Ambient Pick,7.72,476,1526,1
2025-07-21,OP-046,Ambient Pick,7.47,720,1571,11
2025-07-21,OP-048,Chilled Pick,5.02,351,1021,5
2025-07-21,OP-048,Bulk,2.87,147,331,2
2025-07-22,OP-001,Chilled Pick,7.02,464,1108,3
2025-07-22,OP-002,Ambient Pick,7.7,594,1749,2
2025-07-22,OP-004,Returns,6.29,209,524,0
2025-07-22,OP-004,Ambient Pick,1.08,83,176,1
2025-07-22,OP-005,Ambient Pick,6.85,588,1399,5
2025-07-22,OP-007,Ambient Pick,8.1,498,799,5
2025-07-22,OP-009,Ambient Pick,7.7,514,1374,1
2025-07-22,OP-012,Ambient Pick,0.52,44,136,0
2025-07-22,OP-012,Bulk,7.6,416,1147,4
2025-07-22,OP-013,Bulk,7.94,351,946,1
2025-07-22,OP-014,Bulk,6.98,173,318,1
2025-07-22,OP-017,Ambient Pick,7.94,608,1507,4
2025-07-22,OP-019,Bulk,8.18,388,919,0
2025-07-22,OP-020,Ambient Pick,0.57,45,102,0
2025-07-22,OP-020,Bulk,6.42,324,1072,0
2025-07-22,OP-021,Bulk,7.74,384,1046,2
2025-07-22,OP-022,Bulk,1.8,55,94,0
2025-07-22,OP-022,Ambient Pick,6.75,487,1615,2
2025-07-22,OP-025,Chilled Pick,7.33,505,1520,0
2025-07-22,OP-026,Ambient Pick,7.79,573,1307,2
2025-07-22,OP-027,Chilled Pick,3.99,240,664,3
2025-07-22,OP-027,Ambient Pick,3.55,330,691,0
2025-07-22,OP-029,Ambient Pick,4.64,294,740,1
2025-07-22,OP-029,Chilled Pick,3.51,210,473,1
2025-07-22,OP-031,Returns,7.33,164,388,2
2025-07-22,OP-032,Ambient Pick,7.81,823,2356,0
2025-07-22,OP-033,Bulk,8.51,421,736,2
2025-07-22,OP-034,Bulk,8.16,381,1149,3
2025-07-22,OP-035,Ambient Pick,7.72,613,1891,2
2025-07-22,OP-037,Chilled Pick,7.19,483,816,3
2025-07-22,OP-038,Bulk,7.05,287,635,0
2025-07-22,OP-040,Chilled Pick,7.04,622,2063,7
2025-07-22,OP-041,Chilled Pick,6.09,182,565,0
2025-07-22,OP-041,Bulk,1.17,25,52,0
2025-07-22,OP-042,Chilled Pick,7.46,522,1134,5
2025-07-22,OP-044,Ambient Pick,7.98,400,813,1
2025-07-22,OP-046,Chilled Pick,7.86,407,702,2
2025-07-22,OP-048,Ambient Pick,6.75,545,1608,6
2025-07-23,OP-001,Chilled Pick,6.91,393,1018,2
2025-07-23,OP-001,Ambient Pick,1.01,88,214,0
2025-07-23,OP-002,Ambient Pick,0.56,42,73,0
2025-07-23,OP-002,Chilled Pick,7.07,466,1231,0
2025-07-23,OP-004,Ambient Pick,6.67,508,1222,1
2025-07-23,OP-005,Chilled Pick,1.23,89,209,1
2025-07-23,OP-005,Ambient Pick,6.41,550,1484,3
2025-07-23,OP-007,Ambient Pick,7.61,454,751,3
2025-07-23,OP-009,Chilled Pick,8.34,461,1501,2
2025-07-23,OP-010,Ambient Pick,7.8,628,1206,1
2025-07-23,OP-012,Ambient Pick,7.75,684,1221,1
2025-07-23,OP-013,Ambient Pick,6.88,511,857,3
2025-07-23,OP-014,Ambient Pick,8.54,366,764,5
2025-07-23,OP-017,Ambient Pick,7.8,639,1706,2
2025-07-23,OP-018,Chilled Pick,7.74,589,1650,2
2025-07-23,OP-019,Ambient Pick,7.68,658,1388,4
2025-07-23,OP-020,Chilled Pick,8.97,652,1120,3
2025-07-23,OP-021,Ambient Pick,8.18,793,2204,5
2025-07-23,OP-022,Ambient Pick,7.38,519,1326,4
2025-07-23,OP-026,Ambient Pick,7.36,692,1544,4
2025-07-23,OP-027,Chilled Pick,7.73,445,1405,3
2025-07-23,OP-028,Ambient Pick,6.61,494,1312,2
2025-07-23,OP-028,Bulk,0.99,43,144,1
2025-07-23,OP-031,Chilled Pick,6.98,247,776,5
2025-07-23,OP-032,Bulk,7.59,394,1036,2
2025-07-23,OP-033,Ambient Pick,6.93,587,1147,2
2025-07-23,OP-034,Returns,3.96,142,450,1
2025-07-23,OP-034,Chilled Pick,3.72,227,484,1
2025-07-23,OP-035,Bulk,6.43,293,669,2
2025-07-23,OP-036,Chilled Pick,8.79,679,1249,1
2025-07-23,OP-037,Chilled Pick,4.45,309,606,2
2025-07-23,OP-037,Ambient Pick,2.45,203,532,0
2025-07-23,OP-038,Bulk,4.6,170,359,0
2025-07-23,OP-038,Chilled Pick,2.63,120,273,0
2025-07-23,OP-040,Ambient Pick,7.27,758,2482,4
2025-07-23,OP-041,Bulk,7.55,154,440,1
2025-07-23,OP-044,Ambient Pick,7.51,389,1299,2
2025-07-23,OP-046,Ambient Pick,7.28,522,1078,3
2025-07-24,OP-001,Chilled Pick,7.6,578,1951,4
2025-07-24,OP-005,Bulk,7.71,403,933,1
2025-07-24,OP-007,Ambient Pick,7.37,402,747,4
2025-07-24,OP-009,Chilled Pick,8.1,390,637,0
2025-07-24,OP-012,Ambient Pick,7.4,673,2285,1
2025-07-24,OP-014,Chilled Pick,7.6,232,689,3
2025-07-24,OP-018,Bulk,6.49,326,537,0
2025-07-24,OP-022,Bulk,8.28,319,960,0
2025-07-24,OP-025,Ambient Pick,6.91,552,1831,2
2025-07-24,OP-026,Chilled Pick,4.37,342,979,1
2025-07-24,OP-026,Returns,3.42,138,318,0
2025-07-24,OP-027,Bulk,6.48,311,828,0
2025-07-24,OP-027,Ambient Pick,1.53,115,348,1
2025-07-24,OP-028,Bulk,7.35,334,958,1
2025-07-24,OP-031,Ambient Pick,7.13,346,1090,8
2025-07-24,OP-034,Bulk,7.46,352,877,2
2025-07-24,OP-035,Ambient Pick,8.06,647,1404,9
2025-07-24,OP-036,Ambient Pick,0.6,63,191,2
2025-07-24,OP-036,Bulk,7.66,449,785,2
2025-07-24,OP-037,Bulk,6.49,339,877,1
2025-07-24,OP-038,Chilled Pick,4.19,228,490,2
2025-07-24,OP-038,Bulk,2.44,98,236,1
2025-07-24,OP-040,Ambient Pick,8.43,808,2303,7
2025-07-24,OP-041,Chilled Pick,7.68,235,501,2
2025-07-24,OP-042,Ambient Pick,7.93,583,1976,3
2025-07-24,OP-044,Ambient Pick,7.39,386,836,1
2025-07-24,OP-046,Ambient Pick,7.75,585,1446,10
2025-07-25,OP-001,Bulk,7.75,371,720,1
2025-07-25,OP-002,Chilled Pick,3.0,206,491,0
2025-07-25,OP-002,Bulk,4.27,189,632,3
2025-07-25,OP-004,Ambient Pick,6.93,492,1211,0
2025-07-25,OP-005,Ambient Pick,8.4,755,1290,6
2025-07-25,OP-007,Returns,4.07,106,318,2
2025-07-25,OP-007,Chilled Pick,4.25,210,540,4
2025-07-25,OP-009,Chilled Pick,2.9,150,474,0
2025-07-25,OP-009,Ambient Pick,4.72,340,1011,3
2025-07-25,OP-012,Chilled Pick,7.35,570,1305,5
2025-07-25,OP-013,Ambient Pick,8.01,669,2012,3
2025-07-25,OP-014,Bulk,4.93,112,277,1
2025-07-25,OP-014,Ambient Pick,2.98,114,316,1
2025-07-25,OP-017,Chilled Pick,6.37,444,1204,4
2025-07-25,OP-019,Bulk,0.97,38,71,0
2025-07-25,OP-019,Ambient Pick,5.81,461,830,3
2025-07-25,OP-021,Chilled Pick,6.02,458,913,2
2025-07-25,OP-021,Bulk,1.62,82,200,0
2025-07-25,OP-022,Ambient Pick,8.29,621,2091,3
2025-07-25,OP-026,Chilled Pick,7.09,597,1966,1
2025-07-25,OP-027,Ambient Pick,6.71,457,1129,1
2025-07-25,OP-027,Chilled Pick,1.11,77,144,0
2025-07-25,OP-029,Ambient Pick,3.23,259,630,1
2025-07-25,OP-029,Bulk,3.86,191,501,0
2025-07-25,OP-031,Chilled Pick,3.97,143,356,1
2025-07-25,OP-031,Bulk,4.62,130,227,0
2025-07-25,OP-032,Chilled Pick,6.44,567,1599,3
2025-07-25,OP-032,Ambient Pick,1.78,170,563,0
2025-07-25,OP-033,Ambient Pick,8.04,747,1520,4
2025-07-25,OP-034,Ambient Pick,7.66,618,1727,2
2025-07-25,OP-035,Bulk,8.02,331,1117,1
2025-07-25,OP-036,Ambient Pick,5.53,577,1176,3
2025-07-25,OP-036,Returns,2.11,86,244,0
2025-07-25,OP-037,Ambient Pick,4.78,382,1201,1
2025-07-25,OP-037,Chilled Pick,2.09,136,256,1
2025-07-25,OP-038,Chilled Pick,5.26,252,547,2
2025-07-25,OP-038,Bulk,1.34,49,84,0
2025-07-25,OP-040,Chilled Pick,6.75,503,1682,6
2025-07-25,OP-041,Bulk,7.49,150,409,2
2025-07-25,OP-042,Bulk,1.33,63,151,0
2025-07-25,OP-042,Ambient Pick,5.83,491,932,2
2025-07-25,OP-044,Ambient Pick,2.45,131,280,0
2025-07-25,OP-044,Chilled Pick,5.11,224,474,0
2025-07-25,OP-046,Ambient Pick,8.64,621,1192,4
2025-07-25,OP-048,Bulk,6.7,259,862,0
2025-07-26,OP-004,Bulk,7.81,341,595,1
2025-07-26,OP-005,Chilled Pick,7.81,574,1524,4
2025-07-26,OP-007,Returns,6.96,202,335,2
2025-07-26,OP-009,Ambient Pick,7.7,564,1415,1
2025-07-26,OP-010,Ambient Pick,7.46,633,1045,5
2025-07-26,OP-012,Chilled Pick,8.96,677,1974,6
2025-07-26,OP-013,Bulk,7.81,351,1140,0
2025-07-26,OP-014,Chilled Pick,7.05,210,382,3
2025-07-26,OP-017,Ambient Pick,6.96,583,1325,4
2025-07-26,OP-021,Ambient Pick,7.28,669,1496,2
2025-07-26,OP-022,Ambient Pick,6.71,477,787,2
2025-07-26,OP-025,Returns,0.76,32,65,0
2025-07-26,OP-025,Ambient Pick,6.31,551,1427,3
2025-07-26,OP-026,Chilled Pick,7.45,487,1187,0
2025-07-26,OP-027,Bulk,8.01,288,658,2
2025-07-26,OP-028,Chilled Pick,7.73,515,968,2
2025-07-26,OP-031,Bulk,8.44,201,401,0
2025-07-26,OP-032,Chilled Pick,7.98,585,990,2
2025-07-26,OP-033,Chilled Pick,7.21,521,1027,2
2025-07-26,OP-034,Ambient Pick,7.16,544,1704,1
2025-07-26,OP-036,Ambient Pick,7.28,754,1487,3
2025-07-26,OP-038,Ambient Pick,7.59,461,1221,4
2025-07-26,OP-040,Ambient Pick,1.33,143,477,0
2025-07-26,OP-040,Chilled Pick,6.23,547,975,11
2025-07-26,OP-041,Chilled Pick,8.52,284,627,1
2025-07-26,OP-042,Chilled Pick,7.27,486,1534,2
2025-07-26,OP-046,Ambient Pick,8.04,591,1955,3
2025-07-26,OP-048,Bulk,7.83,296,544,1
2025-07-28,OP-001,Ambient Pick,7.29,683,1149,7
2025-07-28,OP-002,Ambient Pick,6.71,648,1972,3
2025-07-28,OP-002,Chilled Pick,0.92,74,176,1
2025-07-28,OP-004,Chilled Pick,6.76,542,1809,3
2025-07-28,OP-005,Ambient Pick,7.67,742,2412,4
2025-07-28,OP-007,Bulk,8.05,302,806,0
2025-07-28,OP-009,Chilled Pick,7.51,470,856,3
2025-07-28,OP-010,Bulk,7.58,449,735,1
2025-07-28,OP-012,Ambient Pick,7.47,843,2136,5
2025-07-28,OP-014,Bulk,7.76,226,507,3
2025-07-28,OP-017,Ambient Pick,7.57,654,1541,1
2025-07-28,OP-018,Ambient Pick,7.01,690,2071,3
2025-07-28,OP-019,Bulk,3.31,150,245,0
2025-07-28,OP-019,Ambient Pick,3.48,325,1093,3
2025-07-28,OP-020,Returns,7.87,323,678,4
2025-07-28,OP-021,Ambient Pick,6.59,705,1507,3
2025-07-28,OP-021,Returns,1.54,71,176,0
2025-07-28,OP-022,Ambient Pick,3.17,251,794,4
2025-07-28,OP-022,Bulk,4.07,165,305,1
2025-07-28,OP-025,Ambient Pick,7.17,666,1649,6
2025-07-28,OP-027,Chilled Pick,8.74,663,1814,2
2025-07-28,OP-028,Ambient Pick,1.69,157,366,2
2025-07-28,OP-028,Bulk,6.4,371,1016,3
2025-07-28,OP-029,Chilled Pick,8.13,597,1272,3
2025-07-28,OP-031,Ambient Pick,8.16,450,1213,2
2025-07-28,OP-032,Bulk,7.17,448,851,0
2025-07-28,OP-033,Bulk,7.01,424,950,4
2025-07-28,OP-034,Ambient Pick,7.44,727,2360,7
2025-07-28,OP-035,Ambient Pick,5.5,503,851,1
2025-07-28,OP-035,Chilled Pick,1.93,152,367,1
2025-07-28,OP-037,Ambient Pick,8.05,778,1938,10
2025-07-28,OP-038,Returns,8.45,270,833,3
2025-07-28,OP-040,Chilled Pick,7.74,747,1653,9
2025-07-28,OP-041,Bulk,7.95,220,568,1
2025-07-28,OP-042,Returns,7.05,330,876,3
2025-07-28,OP-044,Ambient Pick,7.58,509,872,4
2025-07-28,OP-046,Chilled Pick,3.76,230,685,3
2025-07-28,OP-046,Bulk,4.21,185,602,0
2025-07-28,OP-048,Chilled Pick,7.31,542,1080,10
2025-07-29,OP-001,Bulk,7.97,404,988,1
2025-07-29,OP-002,Ambient Pick,8.19,664,2083,1
2025-07-29,OP-004,Ambient Pick,8.02,683,2120,2
2025-07-29,OP-005,Chilled Pick,8.18,555,1445,3
2025-07-29,OP-007,Chilled Pick,7.13,362,1043,4
2025-07-29,OP-009,Ambient Pick,8.95,662,1153,4
2025-07-29,OP-010,Ambient Pick,6.83,632,1296,3
2025-07-29,OP-012,Ambient Pick,7.33,703,1523,2
2025-07-29,OP-013,Ambient Pick,4.94,389,1296,0
2025-07-29,OP-013,Chilled Pick,2.86,193,519,0
2025-07-29,OP-014,Ambient Pick,8.21,380,1267,1
2025-07-29,OP-018,Bulk,7.89,395,740,1
2025-07-29,OP-019,Returns,7.05,284,951,1
2025-07-29,OP-020,Ambient Pick,7.61,607,1725,1
2025-07-29,OP-021,Bulk,7.44,362,824,2
2025-07-29,OP-022,Bulk,7.61,308,693,0
2025-07-29,OP-025,Chilled Pick,7.66,520,939,1
2025-07-29,OP-027,Ambient Pick,7.14,557,1319,1
2025-07-29,OP-028,Returns,6.97,243,671,2
2025-07-29,OP-031,Ambient Pick,3.14,158,448,4
2025-07-29,OP-031,Chilled Pick,4.82,185,314,1
2025-07-29,OP-032,Bulk,7.46,403,1313,1
2025-07-29,OP-033,Ambient Pick,7.56,768,2103,4
2025-07-29,OP-034,Ambient Pick,7.67,519,1287,3
2025-07-29,OP-035,Bulk,6.98,308,890,2
2025-07-29,OP-036,Chilled Pick,3.55,324,612,2
2025-07-29,OP-036,Ambient Pick,2.9,325,636,1
2025-07-29,OP-037,Ambient Pick,7.9,639,1706,6
2025-07-29,OP-038,Ambient Pick,6.72,398,1243,3
2025-07-29,OP-040,Ambient Pick,7.71,821,2228,7
2025-07-29,OP-041,Ambient Pick,7.21,268,658,0
2025-07-29,OP-042,Chilled Pick,8.03,526,917,6
2025-07-29,OP-044,Chilled Pick,3.58,150,246,1
2025-07-29,OP-044,Ambient Pick,4.12,218,435,0
2025-07-29,OP-046,Chilled Pick,1.52,81,138,0
2025-07-29,OP-046,Bulk,5.56,213,410,0
2025-07-29,OP-048,Bulk,7.48,348,752,2
2025-07-30,OP-002,Chilled Pick,7.8,519,1738,3
2025-07-30,OP-004,Bulk,8.38,399,858,1
2025-07-30,OP-005,Ambient Pick,7.15,639,1546,2
2025-07-30,OP-007,Returns,3.56,101,317,0
2025-07-30,OP-007,Bulk,3.94,138,432,4
2025-07-30,OP-009,Ambient Pick,7.69,513,1420,3
2025-07-30,OP-010,Ambient Pick,7.06,619,1866,5
2025-07-30,OP-012,Bulk,7.94,350,760,1
2025-07-30,OP-014,Ambient Pick,6.56,313,789,5
2025-07-30,OP-018,Ambient Pick,7.55,679,1321,2
2025-07-30,OP-019,Returns,8.19,315,782,0
2025-07-30,OP-020,Bulk,6.95,327,685,2
2025-07-30,OP-021,Ambient Pick,7.65,693,1336,3
2025-07-30,OP-022,Chilled Pick,7.46,406,720,2
2025-07-30,OP-025,Ambient Pick,7.76,712,1253,2
2025-07-30,OP-026,Chilled Pick,5.37,385,675,0
2025-07-30,OP-026,Ambient Pick,2.79,243,698,1
2025-07-30,OP-027,Bulk,8.1,376,766,0
2025-07-30,OP-028,Bulk,1.5,60,138,0
2025-07-30,OP-028,Ambient Pick,4.88,328,882,1
2025-07-30,OP-031,Ambient Pick,7.75,397,1304,4
2025-07-30,OP-032,Chilled Pick,6.98,517,924,1
2025-07-30,OP-033,Chilled Pick,8.01,538,1521,1
2025-07-30,OP-034,Chilled Pick,6.86,453,1076,1
2025-07-30,OP-035,Bulk,7.49,364,1166,4
2025-07-30,OP-036,Ambient Pick,6.82,605,1938,0
2025-07-30,OP-037,Ambient Pick,7.42,541,991,4
2025-07-30,OP-040,Ambient Pick,3.21,317,916,6
2025-07-30,OP-040,Chilled Pick,5.74,444,1114,5
2025-07-30,OP-041,Bulk,7.12,148,416,0
2025-07-30,OP-042,Bulk,7.81,375,931,0
2025-07-30,OP-044,Ambient Pick,7.77,411,1121,1
2025-07-30,OP-046,Bulk,7.45,297,629,1
2025-07-30,OP-048,Chilled Pick,5.21,280,873,1
2025-07-30,OP-048,Bulk,2.56,117,244,1
2025-07-31,OP-001,Ambient Pick,7.59,597,1405,0
2025-07-31,OP-002,Chilled Pick,8.45,612,1199,2
2025-07-31,OP-004,Ambient Pick,8.27,720,2319,0
2025-07-31,OP-005,Bulk,4.18,204,635,2
2025-07-31,OP-005,Chilled Pick,4.25,296,544,2
2025-07-31,OP-007,Bulk,1.49,57,123,0
2025-07-31,OP-007,Ambient Pick,6.32,442,1240,5
2025-07-31,OP-009,Ambient Pick,8.59,606,1464,3
2025-07-31,OP-010,Returns,7.49,289,674,1
2025-07-31,OP-012,Chilled Pick,6.98,549,1422,8
2025-07-31,OP-013,Ambient Pick,7.72,647,1694,5
2025-07-31,OP-014,Ambient Pick,7.59,339,769,1
2025-07-31,OP-017,Ambient Pick,7.31,672,1723,3
2025-07-31,OP-018,Ambient Pick,8.01,691,1852,1
2025-07-31,OP-020,Ambient Pick,7.12,577,1533,2
2025-07-31,OP-021,Ambient Pick,5.95,514,1358,3
2025-07-31,OP-021,Chilled Pick,1.92,128,372,1
2025-07-31,OP-022,Ambient Pick,8.04,579,1873,4
2025-07-31,OP-025,Bulk,2.56,128,430,1
2025-07-31,OP-025,Returns,5.99,220,715,1
2025-07-31,OP-027,Ambient Pick,8.27,604,1134,3
2025-07-31,OP-029,Chilled Pick,7.47,461,1553,1
2025-07-31,OP-031,Ambient Pick,8.38,413,1227,3
2025-07-31,OP-032,Returns,8.97,362,687,1
2025-07-31,OP-033,Bulk,8.23,388,1180,1
2025-07-31,OP-034,Chilled Pick,3.05,173,532,2
2025-07-31,OP-034,Bulk,4.2,179,400,0
2025-07-31,OP-035,Chilled Pick,8.66,542,1044,1
2025-07-31,OP-038,Returns,8.0,223,516,2
2025-07-31,OP-040,Ambient Pick,7.07,738,2329,7
2025-07-31,OP-041,Ambient Pick,9.05,359,950,2
2025-07-31,OP-042,Ambient Pick,7.31,613,1107,4
2025-07-31,OP-044,Chilled Pick,7.89,334,759,1
2025-07-31,OP-046,Chilled Pick,7.02,388,869,1
2025-07-31,OP-048,Chilled Pick,1.04,58,163,1
2025-07-31,OP-048,Bulk,6.57,271,841,0
2025-08-01,OP-001,Ambient Pick,8.76,723,1483,3
2025-08-01,OP-002,Bulk,4.25,196,417,0
2025-08-01,OP-002,Ambient Pick,2.96,255,745,0
2025-08-01,OP-004,Chilled Pick,7.2,448,1497,0
2025-08-01,OP-005,Ambient Pick,6.86,580,969,1
2025-08-01,OP-007,Bulk,8.12,309,890,1
2025-08-01,OP-009,Ambient Pick,8.29,638,1938,2
2025-08-01,OP-012,Chilled Pick,6.97,425,823,0
2025-08-01,OP-013,Bulk,6.92,269,730,2
2025-08-01,OP-014,Ambient Pick,3.46,173,539,2
2025-08-01,OP-014,Chilled Pick,2.87,124,391,0
2025-08-01,OP-017,Ambient Pick,7.85,579,1220,4
2025-08-01,OP-018,Ambient Pick,7.65,634,1461,1
2025-08-01,OP-019,Ambient Pick,6.93,491,1202,1
2025-08-01,OP-020,Bulk,7.68,319,522,0
2025-08-01,OP-026,Ambient Pick,8.86,867,2934,4
2025-08-01,OP-027,Returns,4.83,166,320,0
2025-08-01,OP-027,Ambient Pick,2.95,212,716,0
2025-08-01,OP-028,Ambient Pick,3.04,237,495,1
2025-08-01,OP-028,Chilled Pick,3.97,246,604,0
2025-08-01,OP-032,Bulk,7.97,405,1194,1
2025-08-01,OP-033,Ambient Pick,5.44,492,1572,0
2025-08-01,OP-033,Chilled Pick,2.28,170,560,0
2025-08-01,OP-034,Ambient Pick,7.9,639,1225,0
2025-08-01,OP-035,Bulk,2.44,109,236,1
2025-08-01,OP-035,Chilled Pick,5.24,365,857,1
2025-08-01,OP-036,Returns,7.19,350,964,1
2025-08-01,OP-037,Bulk,2.72,137,383,0
2025-08-01,OP-037,Chilled Pick,3.32,196,467,3
2025-08-01,OP-040,Bulk,7.7,461,741,4
2025-08-01,OP-042,Bulk,3.9,200,370,0
2025-08-01,OP-042,Chilled Pick,4.31,314,1011,2
2025-08-01,OP-044,Bulk,1.93,64,143,0
2025-08-01,OP-044,Ambient Pick,5.15,271,477,0
2025-08-02,OP-001,Ambient Pick,7.83,656,1276,3
2025-08-02,OP-002,Bulk,7.76,331,1048,1
2025-08-02,OP-004,Bulk,9.02,370,857,0
2025-08-02,OP-007,Ambient Pick,8.07,548,1588,6
2025-08-02,OP-009,Chilled Pick,7.06,390,736,1
2025-08-02,OP-010,Ambient Pick,4.75,385,1021,2
2025-08-02,OP-010,Returns,1.88,73,175,1
2025-08-02,OP-012,Chilled Pick,7.39,533,1717,1
2025-08-02,OP-013,Ambient Pick,7.41,586,1315,1
2025-08-02,OP-017,Ambient Pick,8.24,660,1716,1
2025-08-02,OP-018,Chilled Pick,6.54,488,1061,2
2025-08-02,OP-020,Chilled Pick,7.4,465,860,1
2025-08-02,OP-022,Chilled Pick,7.9,427,1022,1
2025-08-02,OP-025,Bulk,1.12,52,121,0
2025-08-02,OP-025,Ambient Pick,6.96,590,999,4
2025-08-02,OP-026,Chilled Pick,8.39,660,1794,7
2025-08-02,OP-027,Chilled Pick,6.55,434,1242,1
2025-08-02,OP-028,Ambient Pick,8.6,613,1706,3
2025-08-02,OP-029,Ambient Pick,8.22,657,1481,1
2025-08-02,OP-031,Ambient Pick,7.49,384,1042,16
2025-08-02,OP-033,Ambient Pick,8.56,873,2860,12
2025-08-02,OP-034,Bulk,7.89,355,816,1
2025-08-02,OP-035,Chilled Pick,7.46,492,1215,10
2025-08-02,OP-036,Ambient Pick,8.74,839,1606,3
2025-08-02,OP-037,Returns,7.21,279,497,1
2025-08-02,OP-038,Ambient Pick,7.33,439,1380,2
2025-08-02,OP-040,Chilled Pick,7.22,605,1308,8
2025-08-02,OP-041,Returns,6.94,130,366,2
2025-08-02,OP-042,Ambient Pick,7.73,643,2127,2
2025-08-02,OP-044,Chilled Pick,7.7,335,664,1
2025-08-02,OP-046,Ambient Pick,0.5,37,115,0
2025-08-02,OP-046,Chilled Pick,7.47,380,1068,4
2025-08-04,OP-001,Ambient Pick,3.65,373,952,4
2025-08-04,OP-001,Chilled Pick,3.78,291,598,1
2025-08-04,OP-002,Bulk,7.14,386,1273,1
2025-08-04,OP-004,Ambient Pick,8.5,781,1991,0
2025-08-04,OP-005,Bulk,7.87,518,1156,3
2025-08-04,OP-007,Chilled Pick,7.98,546,1171,1
2025-08-04,OP-009,Ambient Pick,6.43,491,1236,2
2025-08-04,OP-010,Bulk,7.47,451,1066,2
2025-08-04,OP-012,Bulk,1.43,85,140,0
2025-08-04,OP-012,Ambient Pick,6.6,734,1343,7
2025-08-04,OP-014,Ambient Pick,0.51,28,67,0
2025-08-04,OP-014,Bulk,6.4,173,445,0
2025-08-04,OP-017,Bulk,1.09,53,116,0
2025-08-04,OP-017,Chilled Pick,5.38,372,784,3
2025-08-04,OP-018,Chilled Pick,6.38,507,903,2
2025-08-04,OP-018,Bulk,2.05,110,365,0
2025-08-04,OP-020,Returns,7.0,291,865,3
2025-08-04,OP-021,Ambient Pick,7.05,717,2435,4
2025-08-04,OP-022,Ambient Pick,4.1,315,893,0
2025-08-04,OP-022,Bulk,3.39,158,280,0
2025-08-04,OP-025,Chilled Pick,7.11,651,2047,9
2025-08-04,OP-025,Ambient Pick,0.75,71,160,1
2025-08-04,OP-027,Ambient Pick,7.99,618,1078,1
2025-08-04,OP-028,Returns,6.73,283,538,1
2025-08-04,OP-029,Returns,7.81,332,626,2
2025-08-04,OP-032,Ambient Pick,7.05,781,1634,3
2025-08-04,OP-033,Bulk,7.69,414,1281,2
2025-08-04,OP-034,Ambient Pick,8.04,779,1681,5
2025-08-04,OP-036,Returns,0.95,53,167,1
2025-08-04,OP-036,Chilled Pick,6.99,656,1886,7
2025-08-04,OP-037,Chilled Pick,8.19,582,1482,3
2025-08-04,OP-038,Chilled Pick,7.11,433,1338,7
2025-08-04,OP-040,Chilled Pick,7.48,633,1133,19
2025-08-04,OP-041,Ambient Pick,7.51,361,851,4
2025-08-04,OP-044,Returns,6.79,185,527,0
2025-08-04,OP-046,Ambient Pick,8.36,648,1337,7
2025-08-04,OP-048,Chilled Pick,4.04,274,748,7
2025-08-04,OP-048,Ambient Pick,3.81,304,800,8
2025-08-05,OP-001,Returns,7.82,293,756,5
2025-08-05,OP-002,Ambient Pick,8.24,723,1358,3
2025-08-05,OP-004,Bulk,7.8,378,839,0
2025-08-05,OP-005,Bulk,3.89,170,504,1
2025-08-05,OP-005,Ambient Pick,2.9,265,775,1
2025-08-05,OP-009,Bulk,5.77,219,707,1
2025-08-05,OP-009,Ambient Pick,2.36,167,423,2
2025-08-05,OP-010,Ambient Pick,8.18,689,1524,2
2025-08-05,OP-012,Ambient Pick,6.96,628,1801,0
2025-08-05,OP-013,Ambient Pick,7.77,641,1892,2
2025-08-05,OP-014,Ambient Pick,5.86,293,926,2
2025-08-05,OP-014,Returns,1.91,41,122,0
2025-08-05,OP-017,Ambient Pick,6.75,555,1886,2
2025-08-05,OP-019,Chilled Pick,6.89,450,1247,2
2025-08-05,OP-020,Ambient Pick,5.05,415,1293,0
2025-08-05,OP-020,Chilled Pick,1.1,75,151,0
2025-08-05,OP-021,Ambient Pick,7.93,647,1940,3
2025-08-05,OP-022,Ambient Pick,7.76,568,1467,4
2025-08-05,OP-025,Ambient Pick,7.53,713,1777,2
2025-08-05,OP-026,Ambient Pick,7.82,731,2213,3
2025-08-05,OP-027,Ambient Pick,7.3,539,951,2
2025-08-05,OP-028,Ambient Pick,6.5,566,1805,4
2025-08-05,OP-029,Ambient Pick,7.5,593,1072,2
2025-08-05,OP-032,Bulk,3.72,201,470,0
2025-08-05,OP-032,Chilled Pick,3.84,288,955,1
2025-08-05,OP-034,Ambient Pick,6.96,524,1057,0
2025-08-05,OP-035,Bulk,4.03,179,509,1
2025-08-05,OP-035,Ambient Pick,4.44,371,600,4
2025-08-05,OP-036,Returns,7.48,347,996,1
2025-08-05,OP-037,Ambient Pick,7.26,596,1782,3
2025-08-05,OP-038,Chilled Pick,2.05,106,265,0
2025-08-05,OP-038,Returns,5.78,157,452,2
2025-08-05,OP-040,Ambient Pick,7.52,717,1286,2
2025-08-05,OP-041,Ambient Pick,6.48,256,587,3
2025-08-05,OP-042,Ambient Pick,8.01,621,1092,8
2025-08-05,OP-044,Chilled Pick,7.17,314,883,2
2025-08-05,OP-048,Ambient Pick,8.14,672,1444,7
2025-08-06,OP-001,Ambient Pick,7.88,689,1415,3
2025-08-06,OP-002,Ambient Pick,7.51,674,1098,2
2025-08-06,OP-004,Bulk,6.81,278,799,0
2025-08-06,OP-005,Ambient Pick,7.49,623,1199,3
2025-08-06,OP-007,Ambient Pick,7.23,470,1149,2
2025-08-06,OP-009,Ambient Pick,7.21,496,933,1
2025-08-06,OP-010,Ambient Pick,6.61,462,1245,1
2025-08-06,OP-013,Chilled Pick,7.99,568,1057,3
2025-08-06,OP-014,Chilled Pick,7.81,338,884,3
2025-08-06,OP-017,Ambient Pick,7.64,692,1824,1
2025-08-06,OP-018,Bulk,8.17,364,947,3
2025-08-06,OP-019,Ambient Pick,6.32,523,1132,0
2025-08-06,OP-019,Chilled Pick,0.8,49,108,1
2025-08-06,OP-020,Ambient Pick,7.81,600,1398,2
2025-08-06,OP-021,Bulk,6.53,336,832,1
2025-08-06,OP-021,Chilled Pick,0.59,38,81,0
2025-08-06,OP-022,Ambient Pick,7.44,467,1380,0
2025-08-06,OP-026,Bulk,8.32,461,1205,1
2025-08-06,OP-027,Ambient Pick,7.66,599,1497,5
2025-08-06,OP-028,Ambient Pick,7.65,564,1018,2
2025-08-06,OP-029,Ambient Pick,6.6,477,1410,2
2025-08-06,OP-032,Ambient Pick,8.43,772,1705,3
2025-08-06,OP-033,Chilled Pick,7.5,496,1049,1
2025-08-06,OP-034,Returns,1.23,43,141,0
2025-08-06,OP-034,Ambient Pick,6.65,552,1775,1
2025-08-06,OP-035,Chilled Pick,7.29,481,940,3
2025-08-06,OP-036,Chilled Pick,7.35,534,1594,2
2025-08-06,OP-038,Chilled Pick,3.85,170,509,1
2025-08-06,OP-038,Ambient Pick,2.69,184,447,2
2025-08-06,OP-040,Chilled Pick,6.78,480,1061,5
2025-08-06,OP-041,Returns,7.63,146,377,2
2025-08-06,OP-042,Returns,7.83,277,764,1
2025-08-06,OP-044,Ambient Pick,7.4,412,1285,3
2025-08-06,OP-046,Ambient Pick,4.72,301,631,2
2025-08-06,OP-046,Chilled Pick,2.86,162,377,0
2025-08-06,OP-048,Chilled Pick,8.22,514,1567,9
2025-08-07,OP-002,Ambient Pick,6.26,505,873,1
2025-08-07,OP-004,Ambient Pick,7.28,605,1077,4
2025-08-07,OP-005,Bulk,3.77,163,444,1
2025-08-07,OP-005,Chilled Pick,4.38,296,849,2
2025-08-07,OP-007,Ambient Pick,7.22,495,1625,2
2025-08-07,OP-009,Ambient Pick,4.27,294,788,3
2025-08-07,OP-009,Chilled Pick,4.57,252,770,2
2025-08-07,OP-010,Returns,6.49,247,831,3
2025-08-07,OP-012,Ambient Pick,0.71,65,211,1
2025-08-07,OP-012,Chilled Pick,6.92,430,1063,3
2025-08-07,OP-013,Bulk,7.65,319,1074,0
2025-08-07,OP-014,Chilled Pick,7.66,293,607,0
2025-08-07,OP-017,Returns,7.82,286,661,4
2025-08-07,OP-019,Bulk,7.65,308,877,0
2025-08-07,OP-020,Bulk,7.29,347,1121,3
2025-08-07,OP-021,Ambient Pick,7.64,752,2535,3
2025-08-07,OP-022,Ambient Pick,7.8,527,1423,2
2025-08-07,OP-025,Bulk,2.35,118,276,0
2025-08-07,OP-025,Ambient Pick,6.03,451,1508,1
2025-08-07,OP-026,Ambient Pick,7.35,687,1721,1
2025-08-07,OP-027,Chilled Pick,5.82,371,1099,0
2025-08-07,OP-027,Ambient Pick,1.75,145,317,0
2025-08-07,OP-028,Ambient Pick,7.25,547,1546,2
2025-08-07,OP-029,Bulk,7.2,298,874,0
2025-08-07,OP-031,Chilled Pick,7.99,328,946,4
2025-08-07,OP-032,Chilled Pick,8.02,558,1017,1
2025-08-07,OP-033,Chilled Pick,7.79,516,1108,2
2025-08-07,OP-034,Bulk,7.46,390,864,0
2025-08-07,OP-035,Ambient Pick,7.89,613,1913,2
2025-08-07,OP-036,Ambient Pick,1.83,182,324,0
2025-08-07,OP-036,Chilled Pick,5.78,478,1313,2
2025-08-07,OP-037,Ambient Pick,8.34,617,1189,4
2025-08-07,OP-038,Bulk,7.55,272,530,1
2025-08-07,OP-040,Bulk,2.41,146,492,0
2025-08-07,OP-040,Ambient Pick,5.08,455,1226,4
2025-08-07,OP-041,Ambient Pick,7.42,324,639,3
2025-08-07,OP-042,Ambient Pick,3.06,238,545,0
2025-08-07,OP-042,Returns,4.65,161,303,1
2025-08-07,OP-044,Ambient Pick,7.11,377,796,3
2025-08-07,OP-046,Ambient Pick,8.02,584,1085,1
2025-08-08,OP-001,Bulk,7.19,317,948,0
2025-08-08,OP-002,Ambient Pick,6.68,621,1418,2
2025-08-08,OP-004,Ambient Pick,7.69,594,1659,0
2025-08-08,OP-005,Bulk,6.6,301,957,1
2025-08-08,OP-007,Ambient Pick,6.48,431,1006,1
2025-08-08,OP-009,Returns,5.71,160,512,0
2025-08-08,OP-009,Chilled Pick,1.3,72,241,0
2025-08-08,OP-010,Bulk,8.28,391,1139,1
2025-08-08,OP-014,Ambient Pick,7.77,381,610,4
2025-08-08,OP-017,Bulk,8.18,405,895,2
2025-08-08,OP-018,Ambient Pick,7.52,665,2142,3
2025-08-08,OP-019,Chilled Pick,6.4,387,1180,1
2025-08-08,OP-020,Ambient Pick,7.91,662,1616,2
2025-08-08,OP-022,Chilled Pick,0.92,47,99,0
2025-08-08,OP-022,Ambient Pick,5.43,385,693,0
2025-08-08,OP-025,Ambient Pick,7.71,719,2433,2
2025-08-08,OP-026,Ambient Pick,8.05,667,1259,3
2025-08-08,OP-029,Ambient Pick,6.83,501,957,1
2025-08-08,OP-031,Chilled Pick,7.89,294,519,3
2025-08-08,OP-032,Chilled Pick,7.64,655,1393,1
2025-08-08,OP-033,Ambient Pick,6.39,530,1242,1
2025-08-08,OP-035,Ambient Pick,6.73,510,1240,3
2025-08-08,OP-036,Ambient Pick,7.83,808,1432,1
2025-08-08,OP-037,Ambient Pick,5.23,437,1037,2
2025-08-08,OP-037,Chilled Pick,1.48,91,308,0
2025-08-08,OP-038,Ambient Pick,7.68,513,1036,3
2025-08-08,OP-040,Ambient Pick,6.73,651,2039,10
2025-08-08,OP-042,Bulk,6.97,320,975,2
2025-08-08,OP-044,Ambient Pick,7.86,429,1257,3
2025-08-08,OP-048,Ambient Pick,7.18,543,1135,5
2025-08-09,OP-001,Chilled Pick,7.75,516,1177,6
2025-08-09,OP-002,Chilled Pick,7.83,516,1528,3
2025-08-09,OP-004,Chilled Pick,8.77,534,1557,1
2025-08-09,OP-005,Ambient Pick,2.69,212,446,0
2025-08-09,OP-005,Returns,5.23,185,467,3
2025-08-09,OP-007,Chilled Pick,6.7,360,1115,3
2025-08-09,OP-009,Ambient Pick,1.19,75,248,0
2025-08-09,OP-009,Bulk,5.84,202,392,1
2025-08-09,OP-010,Chilled Pick,7.91,531,1804,2
2025-08-09,OP-012,Ambient Pick,7.47,673,2002,3
2025-08-09,OP-013,Ambient Pick,7.57,632,1739,0
2025-08-09,OP-014,Bulk,6.56,178,369,0
2025-08-09,OP-017,Chilled Pick,8.45,550,1102,2
2025-08-09,OP-018,Ambient Pick,7.36,665,1681,1
2025-08-09,OP-020,Ambient Pick,7.32,650,1242,8
2025-08-09,OP-021,Ambient Pick,8.56,810,2625,3
2025-08-09,OP-022,Chilled Pick,8.07,407,697,2
2025-08-09,OP-025,Ambient Pick,7.76,709,1953,4
2025-08-09,OP-026,Chilled Pick,2.47,176,416,0
2025-08-09,OP-026,Ambient Pick,5.14,415,955,1
2025-08-09,OP-027,Chilled Pick,8.29,519,1698,1
2025-08-09,OP-028,Ambient Pick,2.16,153,337,2
2025-08-09,OP-028,Chilled Pick,7.21,410,816,3
2025-08-09,OP-029,Returns,8.49,311,908,2
2025-08-09,OP-031,Ambient Pick,8.72,440,1431,1
2025-08-09,OP-032,Ambient Pick,6.69,709,2033,1
2025-08-09,OP-034,Ambient Pick,2.09,165,542,1
2025-08-09,OP-034,Chilled Pick,6.42,400,1152,3
2025-08-09,OP-037,Ambient Pick,7.34,545,1732,2
2025-08-09,OP-038,Ambient Pick,7.02,550,1589,7
2025-08-09,OP-040,Bulk,1.4,83,147,0
2025-08-09,OP-040,Ambient Pick,6.04,588,1764,8
2025-08-09,OP-044,Ambient Pick,8.09,464,1509,1
2025-08-09,OP-048,Bulk,6.89,280,834,2
2025-08-11,OP-002,Chilled Pick,7.94,613,1295,3
2025-08-11,OP-004,Ambient Pick,8.23,585,1280,0
2025-08-11,OP-005,Chilled Pick,7.98,688,2255,6
2025-08-11,OP-007,Ambient Pick,7.0,511,910,3
2025-08-11,OP-007,Chilled Pick,0.99,64,148,0
2025-08-11,OP-009,Chilled Pick,6.3,393,630,4
2025-08-11,OP-010,Ambient Pick,4.11,410,660,0
2025-08-11,OP-010,Returns,3.58,173,435,2
2025-08-11,OP-012,Returns,6.43,278,906,2
2025-08-11,OP-013,Ambient Pick,7.97,749,1929,7
2025-08-11,OP-014,Ambient Pick,7.33,434,833,8
2025-08-11,OP-017,Ambient Pick,5.27,564,1307,3
2025-08-11,OP-017,Chilled Pick,2.75,194,357,1
2025-08-11,OP-018,Chilled Pick,8.34,699,2285,0
2025-08-11,OP-019,Ambient Pick,8.68,757,1458,3
2025-08-11,OP-020,Ambient Pick,8.36,683,1656,1
2025-08-11,OP-021,Returns,4.73,236,768,4
2025-08-11,OP-021,Ambient Pick,2.39,253,624,2
2025-08-11,OP-022,Ambient Pick,7.98,663,1443,3
2025-08-11,OP-026,Returns,6.42,333,1017,3
2025-08-11,OP-027,Chilled Pick,7.09,484,1196,0
2025-08-11,OP-028,Chilled Pick,8.76,603,1957,7
2025-08-11,OP-029,Bulk,8.69,461,1029,2
2025-08-11,OP-032,Bulk,6.87,440,764,2
2025-08-11,OP-033,Chilled Pick,8.83,717,1720,1
2025-08-11,OP-034,Chilled Pick,8.5,658,2039,3
2025-08-11,OP-035,Returns,5.22,219,476,1
2025-08-11,OP-035,Ambient Pick,2.32,222,533,1
2025-08-11,OP-036,Ambient Pick,7.34,897,1498,3
2025-08-11,OP-037,Bulk,7.73,452,1143,0
2025-08-11,OP-038,Chilled Pick,8.0,517,1594,10
2025-08-11,OP-040,Ambient Pick,6.64,753,1504,14
2025-08-11,OP-040,Bulk,0.82,51,147,0
2025-08-11,OP-041,Ambient Pick,7.95,444,1017,8
2025-08-11,OP-042,Ambient Pick,8.58,814,2192,4
2025-08-11,OP-044,Ambient Pick,7.17,482,1154,4
2025-08-11,OP-046,Ambient Pick,6.74,543,958,2
2025-08-11,OP-048,Ambient Pick,7.81,668,1892,12
2025-08-12,OP-001,Chilled Pick,7.19,478,1606,5
2025-08-12,OP-002,Ambient Pick,6.2,496,1399,2
2025-08-12,OP-005,Returns,7.26,289,553,0
2025-08-12,OP-007,Bulk,8.2,342,1087,6
2025-08-12,OP-009,Chilled Pick,3.85,213,557,0
2025-08-12,OP-009,Ambient Pick,3.17,215,619,0
2025-08-12,OP-010,Ambient Pick,7.37,662,2182,2
2025-08-12,OP-012,Ambient Pick,8.17,763,2530,2
2025-08-12,OP-013,Ambient Pick,7.38,582,1627,1
2025-08-12,OP-014,Chilled Pick,6.78,238,494,1
2025-08-12,OP-017,Bulk,7.8,372,1253,1
2025-08-12,OP-018,Ambient Pick,6.99,537,1322,0
2025-08-12,OP-018,Chilled Pick,0.92,74,172,0
2025-08-12,OP-019,Chilled Pick,0.58,35,56,1
2025-08-12,OP-019,Ambient Pick,7.44,572,1728,1
2025-08-12,OP-020,Chilled Pick,2.44,164,306,3
2025-08-12,OP-020,Ambient Pick,5.41,417,1286,2
2025-08-12,OP-021,Bulk,7.74,412,1243,2
2025-08-12,OP-022,Ambient Pick,8.02,601,1925,6
2025-08-12,OP-025,Chilled Pick,8.09,567,1596,1
2025-08-12,OP-026,Ambient Pick,8.39,804,2613,2
2025-08-12,OP-027,Chilled Pick,4.15,261,450,1
2025-08-12,OP-027,Ambient Pick,3.51,248,720,0
2025-08-12,OP-028,Ambient Pick,2.37,179,295,0
2025-08-12,OP-028,Bulk,5.11,191,414,1
2025-08-12,OP-029,Bulk,3.39,166,346,0
2025-08-12,OP-029,Ambient Pick,3.87,335,602,0
2025-08-12,OP-031,Ambient Pick,7.62,329,690,1
2025-08-12,OP-032,Ambient Pick,6.48,595,1229,2
2025-08-12,OP-033,Ambient Pick,8.67,810,2275,4
2025-08-12,OP-034,Returns,3.83,136,278,0
2025-08-12,OP-034,Bulk,3.82,180,430,0
2025-08-12,OP-035,Returns,7.87,271,503,5
2025-08-12,OP-036,Returns,1.71,81,178,1
2025-08-12,OP-036,Ambient Pick,5.89,605,1971,1
2025-08-12,OP-037,Bulk,7.02,344,665,0
2025-08-12,OP-038,Returns,6.84,187,632,3
2025-08-12,OP-040,Chilled Pick,7.8,589,1329,13
2025-08-12,OP-041,Ambient Pick,7.23,335,617,4
2025-08-12,OP-042,Bulk,7.68,366,954,1
2025-08-12,OP-044,Chilled Pick,8.12,327,1106,1
2025-08-12,OP-046,Ambient Pick,7.44,530,1772,4
2025-08-12,OP-048,Bulk,2.22,97,164,2
2025-08-12,OP-048,Ambient Pick,4.72,319,718,2
2025-08-13,OP-001,Ambient Pick,6.56,518,1566,3
2025-08-13,OP-002,Ambient Pick,8.44,667,1455,0
2025-08-13,OP-004,Ambient Pick,7.86,525,1396,5
2025-08-13,OP-005,Ambient Pick,7.98,648,1078,3
2025-08-13,OP-009,Chilled Pick,2.78,154,454,0
2025-08-13,OP-009,Bulk,5.34,211,514,0
2025-08-13,OP-010,Ambient Pick,8.16,741,2404,3
2025-08-13,OP-012,Ambient Pick,7.99,712,1289,3
2025-08-13,OP-013,Returns,8.23,251,459,3
2025-08-13,OP-014,Ambient Pick,7.33,454,1331,2
2025-08-13,OP-017,Bulk,2.1,105,284,0
2025-08-13,OP-017,Chilled Pick,6.06,443,840,4
2025-08-13,OP-018,Ambient Pick,8.15,735,1611,2
2025-08-13,OP-019,Returns,4.72,156,367,2
2025-08-13,OP-019,Ambient Pick,2.71,207,492,0
2025-08-13,OP-020,Ambient Pick,8.03,595,1681,2
2025-08-13,OP-021,Bulk,8.87,462,964,2
2025-08-13,OP-025,Ambient Pick,8.01,643,2059,2
2025-08-13,OP-026,Bulk,6.75,340,1139,0
2025-08-13,OP-027,Chilled Pick,5.82,341,566,0
2025-08-13,OP-027,Ambient Pick,2.09,158,479,1
2025-08-13,OP-029,Ambient Pick,8.51,617,1241,3
2025-08-13,OP-031,Ambient Pick,7.55,395,793,4
2025-08-13,OP-032,Ambient Pick,7.31,786,1342,4
2025-08-13,OP-033,Ambient Pick,4.67,376,1098,1
2025-08-13,OP-033,Chilled Pick,2.46,178,399,0
2025-08-13,OP-035,Chilled Pick,8.46,532,857,1
2025-08-13,OP-036,Bulk,7.32,431,1350,1
2025-08-13,OP-037,Chilled Pick,5.62,378,861,2
2025-08-13,OP-037,Bulk,1.47,66,182,0
2025-08-13,OP-038,Chilled Pick,7.01,362,657,0
2025-08-13,OP-040,Bulk,6.4,341,874,1
2025-08-13,OP-041,Chilled Pick,8.63,266,617,2
2025-08-13,OP-042,Returns,7.08,234,439,5
2025-08-13,OP-044,Chilled Pick,2.0,85,198,0
2025-08-13,OP-044,Ambient Pick,5.71,331,749,1
2025-08-13,OP-046,Returns,7.69,257,690,1
2025-08-13,OP-048,Bulk,1.65,70,176,0
2025-08-13,OP-048,Ambient Pick,5.95,431,1421,2
2025-08-14,OP-001,Ambient Pick,6.18,619,1857,10
2025-08-14,OP-004,Bulk,7.84,333,788,1
2025-08-14,OP-005,Bulk,8.09,405,950,2
2025-08-14,OP-007,Bulk,3.97,157,412,0
2025-08-14,OP-007,Ambient Pick,3.96,245,631,2
2025-08-14,OP-009,Chilled Pick,8.09,452,724,0
2025-08-14,OP-010,Ambient Pick,7.81,613,1062,4
2025-08-14,OP-012,Returns,6.54,281,566,2
2025-08-14,OP-013,Ambient Pick,1.52,122,285,0
2025-08-14,OP-013,Chilled Pick,5.4,364,687,4
2025-08-14,OP-014,Bulk,8.72,269,601,1
2025-08-14,OP-017,Bulk,0.97,40,134,0
2025-08-14,OP-017,Ambient Pick,7.36,601,1989,2
2025-08-14,OP-018,Ambient Pick,7.01,595,1450,0
2025-08-14,OP-019,Ambient Pick,7.65,586,1551,1
2025-08-14,OP-020,Returns,7.16,249,844,2
2025-08-14,OP-021,Ambient Pick,8.37,802,2488,6
2025-08-14,OP-022,Ambient Pick,8.53,600,1581,3
2025-08-14,OP-025,Bulk,6.77,311,690,2
2025-08-14,OP-026,Bulk,6.86,359,902,0
2025-08-14,OP-027,Chilled Pick,6.05,356,773,1
2025-08-14,OP-027,Ambient Pick,0.58,37,92,1
2025-08-14,OP-028,Ambient Pick,6.28,494,1232,0
2025-08-14,OP-029,Ambient Pick,5.78,445,1421,1
2025-08-14,OP-029,Returns,2.23,68,151,0
2025-08-14,OP-031,Returns,8.53,188,600,4
2025-08-14,OP-032,Ambient Pick,7.56,738,1593,2
2025-08-14,OP-033,Ambient Pick,8.09,750,2143,6
2025-08-14,OP-034,Chilled Pick,3.93,244,540,1
2025-08-14,OP-034,Ambient Pick,2.72,204,329,2
2025-08-14,OP-035,Ambient Pick,8.57,528,1100,3
2025-08-14,OP-036,Ambient Pick,8.32,899,2245,4
2025-08-14,OP-037,Bulk,7.57,311,533,1
2025-08-14,OP-038,Ambient Pick,5.96,383,876,0
2025-08-14,OP-038,Returns,2.07,56,136,1
2025-08-14,OP-040,Bulk,8.27,433,962,1
2025-08-14,OP-041,Bulk,7.2,169,394,3
2025-08-14,OP-042,Bulk,8.23,353,936,0
2025-08-14,OP-044,Bulk,7.63,212,699,2
2025-08-14,OP-046,Chilled Pick,8.22,459,916,1
2025-08-14,OP-048,Ambient Pick,7.07,563,1564,6
2025-08-15,OP-001,Ambient Pick,7.21,622,1725,5
2025-08-15,OP-002,Chilled Pick,6.46,446,1126,0
2025-08-15,OP-004,Chilled Pick,8.22,520,1187,3
2025-08-15,OP-005,Bulk,6.23,289,915,3
2025-08-15,OP-005,Chilled Pick,2.02,145,302,0
2025-08-15,OP-007,Ambient Pick,5.44,370,981,3
2025-08-15,OP-007,Chilled Pick,2.06,114,324,1
2025-08-15,OP-009,Ambient Pick,7.21,439,973,2
2025-08-15,OP-012,Ambient Pick,7.14,682,2186,5
2025-08-15,OP-014,Bulk,8.32,226,588,1
2025-08-15,OP-017,Chilled Pick,3.82,237,548,3
2025-08-15,OP-017,Bulk,3.11,142,482,0
2025-08-15,OP-018,Ambient Pick,7.34,660,1722,4
2025-08-15,OP-019,Chilled Pick,8.52,524,1197,0
2025-08-15,OP-020,Ambient Pick,8.53,654,2185,2
2025-08-15,OP-021,Bulk,8.05,412,1068,0
2025-08-15,OP-022,Ambient Pick,7.63,568,1289,2
2025-08-15,OP-025,Ambient Pick,6.93,530,1411,5
2025-08-15,OP-027,Ambient Pick,7.66,676,1737,3
2025-08-15,OP-028,Chilled Pick,6.96,466,1025,3
2025-08-15,OP-029,Chilled Pick,6.51,332,912,0
2025-08-15,OP-031,Ambient Pick,7.65,423,800,6
2025-08-15,OP-032,Chilled Pick,7.31,529,1205,1
2025-08-15,OP-033,Bulk,7.81,343,813,0
2025-08-15,OP-034,Chilled Pick,8.31,534,1723,2
2025-08-15,OP-035,Ambient Pick,7.37,608,998,4
2025-08-15,OP-036,Ambient Pick,7.38,736,1443,3
2025-08-15,OP-037,Ambient Pick,7.66,617,1095,6
2025-08-15,OP-038,Chilled Pick,7.47,401,1152,3
2025-08-15,OP-041,Ambient Pick,6.37,260,613,1
2025-08-15,OP-041,Bulk,0.8,18,55,0
2025-08-15,OP-042,Bulk,4.03,191,516,2
2025-08-15,OP-042,Ambient Pick,3.42,263,474,3
2025-08-15,OP-044,Ambient Pick,3.24,205,671,1
2025-08-15,OP-044,Bulk,3.55,96,196,0
2025-08-15,OP-046,Returns,7.64,238,485,3
2025-08-15,OP-048,Chilled Pick,6.56,393,948,8
2025-08-16,OP-001,Ambient Pick,6.81,571,1479,4
2025-08-16,OP-002,Chilled Pick,7.73,474,1382,1
2025-08-16,OP-004,Ambient Pick,3.06,238,763,1
2025-08-16,OP-004,Bulk,3.29,126,225,1
2025-08-16,OP-005,Bulk,7.37,338,637,0
2025-08-16,OP-009,Chilled Pick,3.58,194,510,1
2025-08-16,OP-009,Ambient Pick,3.71,257,841,2
2025-08-16,OP-010,Ambient Pick,8.47,754,1631,3
2025-08-16,OP-012,Ambient Pick,8.29,888,2030,3
2025-08-16,OP-013,Bulk,8.36,359,1218,0
2025-08-16,OP-014,Chilled Pick,7.65,360,933,6
2025-08-16,OP-017,Bulk,8.59,461,1366,0
2025-08-16,OP-018,Bulk,6.88,358,1155,0
2025-08-16,OP-019,Ambient Pick,6.81,500,950,2
2025-08-16,OP-020,Chilled Pick,8.0,512,1725,5
2025-08-16,OP-021,Returns,7.99,339,950,1
2025-08-16,OP-025,Chilled Pick,7.33,456,1289,3
2025-08-16,OP-026,Chilled Pick,8.22,638,2141,2
2025-08-16,OP-027,Bulk,8.14,321,561,0
2025-08-16,OP-028,Bulk,7.09,312,886,0
2025-08-16,OP-029,Bulk,7.64,321,609,1
2025-08-16,OP-031,Chilled Pick,8.04,370,1106,2
2025-08-16,OP-032,Bulk,7.53,398,828,0
2025-08-16,OP-033,Ambient Pick,6.89,545,1498,0
2025-08-16,OP-035,Returns,7.17,225,712,2
2025-08-16,OP-036,Ambient Pick,8.65,940,2363,2
2025-08-16,OP-037,Returns,8.24,321,838,3
2025-08-16,OP-038,Ambient Pick,7.5,507,1690,0
2025-08-16,OP-040,Bulk,6.82,388,1024,4
2025-08-16,OP-041,Ambient Pick,7.69,354,800,1
2025-08-16,OP-044,Chilled Pick,7.78,306,736,1
2025-08-16,OP-046,Chilled Pick,7.92,449,883,4
2025-08-16,OP-048,Chilled Pick,8.48,465,823,4
2025-08-18,OP-001,Chilled Pick,2.07,161,536,1
2025-08-18,OP-001,Bulk,5.31,314,938,0
2025-08-18,OP-002,Ambient Pick,1.05,105,332,0
2025-08-18,OP-002,Bulk,7.38,396,836,0
2025-08-18,OP-004,Chilled Pick,7.86,542,1447,1
2025-08-18,OP-005,Ambient Pick,3.63,392,641,2
2025-08-18,OP-005,Chilled Pick,2.97,259,430,1
2025-08-18,OP-007,Bulk,1.73,74,143,0
2025-08-18,OP-007,Ambient Pick,6.37,605,1015,4
2025-08-18,OP-009,Ambient Pick,6.11,494,987,4
2025-08-18,OP-009,Bulk,1.02,45,105,1
2025-08-18,OP-012,Ambient Pick,7.52,883,2014,10
2025-08-18,OP-013,Bulk,0.53,29,68,1
2025-08-18,OP-013,Ambient Pick,5.91,583,1670,1
2025-08-18,OP-014,Bulk,7.24,245,770,0
2025-08-18,OP-017,Ambient Pick,7.57,763,2443,4
2025-08-18,OP-018,Ambient Pick,7.94,827,1421,1
2025-08-18,OP-019,Ambient Pick,7.22,658,1975,1
2025-08-18,OP-020,Returns,8.47,342,673,5
2025-08-18,OP-021,Ambient Pick,0.68,65,206,0
2025-08-18,OP-021,Chilled Pick,7.22,601,1656,4
2025-08-18,OP-022,Ambient Pick,6.9,594,1619,4
2025-08-18,OP-026,Ambient Pick,7.77,833,2542,5
2025-08-18,OP-027,Chilled Pick,4.01,278,619,2
2025-08-18,OP-027,Returns,3.26,130,392,2
2025-08-18,OP-028,Bulk,7.79,438,1104,1
2025-08-18,OP-029,Chilled Pick,3.52,240,706,2
2025-08-18,OP-029,Ambient Pick,4.78,392,1187,0
2025-08-18,OP-031,Ambient Pick,8.17,515,1271,4
2025-08-18,OP-032,Ambient Pick,7.38,839,2520,8
2025-08-18,OP-034,Ambient Pick,6.43,638,1348,2
2025-08-18,OP-034,Chilled Pick,2.0,166,388,1
2025-08-18,OP-035,Returns,7.39,312,811,4
2025-08-18,OP-036,Bulk,7.47,625,1489,6
2025-08-18,OP-037,Chilled Pick,0.75,48,99,0
2025-08-18,OP-037,Ambient Pick,7.58,793,1328,6
2025-08-18,OP-038,Ambient Pick,6.94,580,1029,6
2025-08-18,OP-042,Returns,6.5,322,576,7
2025-08-18,OP-044,Ambient Pick,7.89,439,1105,4
2025-08-19,OP-001,Ambient Pick,7.69,678,2221,4
2025-08-19,OP-002,Ambient Pick,2.72,213,347,0
2025-08-19,OP-002,Chilled Pick,5.56,404,1321,5
2025-08-19,OP-004,Ambient Pick,1.76,146,288,0
2025-08-19,OP-004,Bulk,5.17,220,705,0
2025-08-19,OP-010,Bulk,8.63,446,1036,4
2025-08-19,OP-012,Chilled Pick,3.33,241,485,3
2025-08-19,OP-012,Ambient Pick,3.67,351,606,1
2025-08-19,OP-014,Returns,7.33,208,596,1
2025-08-19,OP-017,Ambient Pick,6.44,486,1299,0
2025-08-19,OP-019,Ambient Pick,8.0,584,1324,2
2025-08-19,OP-021,Ambient Pick,0.53,49,146,0
2025-08-19,OP-021,Returns,7.53,279,732,0
2025-08-19,OP-023,Bulk,1.85,47,145,0
2025-08-19,OP-023,Chilled Pick,5.55,205,430,1
2025-08-19,OP-025,Returns,4.99,189,408,1
2025-08-19,OP-025,Chilled Pick,2.08,147,295,1
2025-08-19,OP-026,Chilled Pick,7.3,501,1436,0
2025-08-19,OP-028,Ambient Pick,7.56,588,1951,7
2025-08-19,OP-031,Ambient Pick,7.67,462,1158,12
2025-08-19,OP-032,Ambient Pick,8.09,678,2209,0
2025-08-19,OP-033,Bulk,7.86,385,889,0
2025-08-19,OP-034,Ambient Pick,6.98,569,1299,3
2025-08-19,OP-035,Ambient Pick,3.59,320,600,1
2025-08-19,OP-035,Bulk,3.88,165,476,1
2025-08-19,OP-036,Ambient Pick,7.57,776,2157,1
2025-08-19,OP-037,Ambient Pick,6.3,517,1516,4
2025-08-19,OP-038,Ambient Pick,7.58,467,1441,5
2025-08-19,OP-040,Ambient Pick,7.71,770,2192,7
2025-08-19,OP-041,Ambient Pick,7.05,363,1020,4
2025-08-19,OP-042,Bulk,7.63,331,743,2
2025-08-19,OP-044,Ambient Pick,8.14,401,962,2
2025-08-19,OP-046,Chilled Pick,8.3,453,1011,2
2025-08-19,OP-048,Ambient Pick,9.02,650,1157,5
2025-08-20,OP-001,Ambient Pick,6.76,517,1113,6
2025-08-20,OP-004,Ambient Pick,7.2,581,1485,0
2025-08-20,OP-005,Ambient Pick,6.94,610,1136,3
2025-08-20,OP-007,Chilled Pick,7.38,450,1509,2
2025-08-20,OP-009,Ambient Pick,7.58,502,1679,3
2025-08-20,OP-010,Bulk,7.33,337,632,1
2025-08-20,OP-012,Returns,7.4,292,868,3
2025-08-20,OP-013,Returns,8.14,289,924,2
2025-08-20,OP-014,Ambient Pick,8.09,458,883,4
2025-08-20,OP-017,Ambient Pick,8.52,681,2152,0
2025-08-20,OP-018,Bulk,7.56,367,1222,1
2025-08-20,OP-019,Ambient Pick,8.26,690,1777,3
2025-08-20,OP-021,Chilled Pick,7.57,557,1726,2
2025-08-20,OP-022,Ambient Pick,7.41,505,1129,1
2025-08-20,OP-023,Ambient Pick,8.8,349,1001,3
2025-08-20,OP-025,Ambient Pick,5.91,582,1748,2
2025-08-20,OP-025,Bulk,1.56,84,221,0
2025-08-20,OP-026,Ambient Pick,7.55,728,1606,0
2025-08-20,OP-029,Ambient Pick,6.47,458,784,3
2025-08-20,OP-029,Bulk,1.11,47,121,0
2025-08-20,OP-031,Ambient Pick,3.94,207,515,1
2025-08-20,OP-031,Bulk,3.59,118,305,2
2025-08-20,OP-032,Ambient Pick,7.43,669,1753,0
2025-08-20,OP-033,Ambient Pick,7.31,745,1609,10
2025-08-20,OP-034,Ambient Pick,6.8,533,1068,2
2025-08-20,OP-036,Ambient Pick,3.85,364,864,1
2025-08-20,OP-036,Chilled Pick,3.42,254,754,1
2025-08-20,OP-037,Ambient Pick,7.61,671,1528,7
2025-08-20,OP-038,Chilled Pick,7.8,409,731,6
2025-08-20,OP-040,Returns,7.62,354,685,1
2025-08-20,OP-041,Bulk,7.79,187,352,1
2025-08-20,OP-042,Bulk,7.34,328,838,4
2025-08-20,OP-046,Chilled Pick,7.11,382,656,5
2025-08-20,OP-048,Ambient Pick,2.57,182,562,2
2025-08-20,OP-048,Bulk,4.18,157,347,1
2025-08-21,OP-002,Ambient Pick,7.41,630,1483,3
2025-08-21,OP-004,Bulk,7.92,308,525,2
2025-08-21,OP-005,Chilled Pick,8.53,626,1578,5
2025-08-21,OP-007,Chilled Pick,8.87,509,864,4
2025-08-21,OP-010,Ambient Pick,8.54,802,1464,4
2025-08-21,OP-012,Ambient Pick,7.71,700,2254,1
2025-08-21,OP-013,Returns,7.31,267,612,0
2025-08-21,OP-014,Ambient Pick,8.16,467,914,1
2025-08-21,OP-017,Chilled Pick,5.37,330,991,5
2025-08-21,OP-017,Ambient Pick,2.52,206,514,0
2025-08-21,OP-018,Bulk,7.84,363,1151,0
2025-08-21,OP-019,Chilled Pick,7.78,487,1627,1
2025-08-21,OP-020,Ambient Pick,8.68,683,1351,4
2025-08-21,OP-021,Chilled Pick,6.3,445,727,3
2025-08-21,OP-021,Ambient Pick,0.93,80,218,0
2025-08-21,OP-022,Bulk,5.06,178,551,2
2025-08-21,OP-022,Ambient Pick,2.98,213,598,1
2025-08-21,OP-023,Ambient Pick,7.41,368,644,3
2025-08-21,OP-027,Bulk,2.85,114,374,1
2025-08-21,OP-027,Ambient Pick,4.42,326,792,1
2025-08-21,OP-029,Ambient Pick,7.86,570,1346,1
2025-08-21,OP-031,Ambient Pick,6.73,390,732,5
2025-08-21,OP-032,Chilled Pick,7.87,639,1248,2
2025-08-21,OP-033,Bulk,1.21,57,192,0
2025-08-21,OP-033,Ambient Pick,6.57,625,1343,1
2025-08-21,OP-035,Ambient Pick,1.52,106,256,1
2025-08-21,OP-035,Bulk,5.7,244,398,0
2025-08-21,OP-036,Ambient Pick,8.47,853,2547,3
2025-08-21,OP-037,Bulk,7.45,337,658,0
2025-08-21,OP-038,Ambient Pick,8.52,546,1365,3
2025-08-21,OP-040,Ambient Pick,7.09,699,2007,6
2025-08-21,OP-041,Chilled Pick,8.26,338,1066,5
2025-08-21,OP-042,Ambient Pick,4.68,349,789,1
2025-08-21,OP-042,Chilled Pick,2.34,175,579,4
2025-08-21,OP-044,Ambient Pick,7.79,456,1376,2
2025-08-21,OP-046,Bulk,6.79,254,721,1
2025-08-21,OP-048,Chilled Pick,2.05,105,302,1
2025-08-21,OP-048,Bulk,5.78,245,644,1
2025-08-22,OP-001,Bulk,6.64,340,973,0
2025-08-22,OP-002,Bulk,7.58,358,668,1
2025-08-22,OP-004,Ambient Pick,7.67,649,1085,1
2025-08-22,OP-005,Bulk,7.39,322,858,2
2025-08-22,OP-007,Returns,7.19,217,630,3
2025-08-22,OP-009,Ambient Pick,7.41,504,1458,0
2025-08-22,OP-010,Ambient Pick,7.45,631,2046,1
2025-08-22,OP-012,Bulk,7.16,363,998,0
2025-08-22,OP-013,Bulk,8.37,347,884,0
2025-08-22,OP-014,Bulk,6.93,183,486,0
2025-08-22,OP-017,Ambient Pick,7.06,607,1035,2
2025-08-22,OP-018,Chilled Pick,6.95,540,1545,1
2025-08-22,OP-018,Bulk,0.6,31,68,0
2025-08-22,OP-019,Chilled Pick,8.08,513,1416,1
2025-08-22,OP-020,Bulk,2.68,129,270,0
2025-08-22,OP-020,Chilled Pick,5.71,370,645,3
2025-08-22,OP-021,Returns,7.88,278,534,1
2025-08-22,OP-022,Bulk,7.97,331,672,0
2025-08-22,OP-025,Chilled Pick,3.26,202,586,0
2025-08-22,OP-025,Ambient Pick,5.06,419,729,2
2025-08-22,OP-026,Chilled Pick,6.99,502,1606,4
2025-08-22,OP-026,Bulk,0.66,32,66,0
2025-08-22,OP-027,Bulk,8.34,341,734,0
2025-08-22,OP-028,Bulk,2.12,83,240,0
2025-08-22,OP-028,Returns,5.72,193,312,1
2025-08-22,OP-029,Bulk,7.91,317,543,2
2025-08-22,OP-031,Ambient Pick,3.83,213,642,1
2025-08-22,OP-031,Chilled Pick,4.2,213,384,4
2025-08-22,OP-032,Returns,2.83,126,243,0
2025-08-22,OP-032,Ambient Pick,5.49,537,1588,2
2025-08-22,OP-033,Ambient Pick,8.59,779,2062,3
2025-08-22,OP-034,Ambient Pick,3.57,263,464,1
2025-08-22,OP-034,Bulk,3.05,125,395,0
2025-08-22,OP-035,Ambient Pick,2.82,198,330,0
2025-08-22,OP-035,Chilled Pick,5.2,283,672,1
2025-08-22,OP-036,Bulk,7.24,445,895,2
2025-08-22,OP-037,Ambient Pick,7.95,716,1506,1
2025-08-22,OP-038,Bulk,7.63,284,885,1
2025-08-22,OP-041,Ambient Pick,7.84,346,647,3
2025-08-22,OP-042,Chilled Pick,3.49,241,758,1
2025-08-22,OP-042,Ambient Pick,4.37,370,712,1
2025-08-22,OP-046,Ambient Pick,8.48,586,1079,2
2025-08-22,OP-048,Bulk,2.99,129,255,1
2025-08-22,OP-048,Ambient Pick,4.75,391,1168,5
2025-08-23,OP-001,Bulk,7.97,360,799,2
2025-08-23,OP-002,Chilled Pick,8.54,547,1609,2
2025-08-23,OP-004,Chilled Pick,7.38,485,1185,0
2025-08-23,OP-005,Ambient Pick,7.72,704,2299,2
2025-08-23,OP-009,Ambient Pick,6.96,442,945,3
2025-08-23,OP-012,Returns,7.31,330,692,1
2025-08-23,OP-013,Ambient Pick,7.8,660,1453,3
2025-08-23,OP-014,Chilled Pick,7.97,377,750,7
2025-08-23,OP-017,Chilled Pick,6.34,405,974,0
2025-08-23,OP-018,Chilled Pick,7.82,547,959,1
2025-08-23,OP-019,Ambient Pick,7.4,550,1193,3
2025-08-23,OP-020,Ambient Pick,8.31,585,1838,1
2025-08-23,OP-021,Ambient Pick,7.29,716,1846,3
2025-08-23,OP-022,Bulk,7.0,284,891,0
2025-08-23,OP-023,Ambient Pick,7.66,361,1100,1
2025-08-23,OP-025,Ambient Pick,7.12,656,1780,0
2025-08-23,OP-026,Bulk,7.81,406,1320,3
2025-08-23,OP-027,Bulk,2.66,118,280,0
2025-08-23,OP-027,Chilled Pick,4.86,309,696,2
2025-08-23,OP-028,Ambient Pick,7.77,610,1077,0
2025-08-23,OP-029,Ambient Pick,7.19,541,966,0
2025-08-23,OP-031,Chilled Pick,7.87,362,1220,3
2025-08-23,OP-032,Returns,2.85,122,197,0
2025-08-23,OP-032,Chilled Pick,5.74,437,1051,3
2025-08-23,OP-033,Ambient Pick,8.05,703,1915,2
2025-08-23,OP-034,Chilled Pick,7.01,445,1046,0
2025-08-23,OP-035,Ambient Pick,6.53,479,1294,4
2025-08-23,OP-036,Ambient Pick,7.68,819,2100,1
2025-08-23,OP-037,Ambient Pick,8.16,695,1747,1
2025-08-23,OP-038,Ambient Pick,7.31,449,1154,2
2025-08-23,OP-040,Ambient Pick,7.22,618,1913,4
2025-08-23,OP-042,Bulk,6.87,323,645,1
2025-08-23,OP-042,Chilled Pick,1.21,78,154,3
2025-08-23,OP-044,Ambient Pick,2.08,122,357,1
2025-08-23,OP-044,Chilled Pick,5.14,219,457,1
2025-08-23,OP-046,Chilled Pick,2.54,151,478,1
2025-08-23,OP-046,Ambient Pick,4.25,290,886,2
2025-08-25,OP-001,Ambient Pick,6.73,627,1843,3
2025-08-25,OP-002,Ambient Pick,6.71,622,1558,4
2025-08-25,OP-004,Ambient Pick,7.1,664,1569,0
2025-08-25,OP-005,Bulk,7.44,359,888,2
2025-08-25,OP-007,Ambient Pick,7.49,649,1880,4
2025-08-25,OP-010,Ambient Pick,6.94,742,2141,6
2025-08-25,OP-012,Ambient Pick,6.7,724,1957,5
2025-08-25,OP-014,Ambient Pick,7.21,485,835,4
2025-08-25,OP-018,Ambient Pick,7.51,678,1735,0
2025-08-25,OP-019,Ambient Pick,7.55,572,1044,3
2025-08-25,OP-020,Chilled Pick,7.36,516,1539,7
2025-08-25,OP-021,Chilled Pick,5.33,500,1238,2
2025-08-25,OP-021,Ambient Pick,3.11,336,1005,4
2025-08-25,OP-022,Returns,7.18,245,525,0
2025-08-25,OP-023,Bulk,6.61,204,357,1
2025-08-25,OP-025,Ambient Pick,7.21,681,1288,0
2025-08-25,OP-026,Bulk,7.81,419,878,1
2025-08-25,OP-027,Ambient Pick,7.16,505,1267,3
2025-08-25,OP-028,Bulk,7.47,417,814,4
2025-08-25,OP-031,Chilled Pick,5.34,265,708,4
2025-08-25,OP-031,Ambient Pick,2.27,161,467,3
2025-08-25,OP-032,Bulk,7.82,543,1804,1
2025-08-25,OP-033,Bulk,7.28,425,1256,2
2025-08-25,OP-034,Bulk,6.92,411,1018,2
2025-08-25,OP-035,Ambient Pick,6.19,545,1723,6
2025-08-25,OP-035,Chilled Pick,1.18,87,186,2
2025-08-25,OP-036,Ambient Pick,6.89,844,1869,7
2025-08-25,OP-036,Returns,1.12,52,117,1
2025-08-25,OP-037,Returns,7.36,294,998,3
2025-08-25,OP-038,Ambient Pick,3.46,279,555,7
2025-08-25,OP-038,Returns,3.82,107,230,3
2025-08-25,OP-040,Returns,8.08,440,1389,14
2025-08-25,OP-041,Ambient Pick,6.79,422,1132,6
2025-08-25,OP-042,Ambient Pick,6.69,563,1523,4
2025-08-25,OP-044,Bulk,6.52,257,811,2
2025-08-25,OP-046,Chilled Pick,6.0,371,1088,4
2025-08-25,OP-046,Bulk,2.0,102,210,1
2025-08-25,OP-048,Returns,7.57,271,567,3
2025-08-26,OP-001,Chilled Pick,2.86,189,561,0
2025-08-26,OP-001,Bulk,4.54,232,412,1
2025-08-26,OP-002,Chilled Pick,8.23,518,928,3
2025-08-26,OP-004,Bulk,3.43,160,381,0
2025-08-26,OP-004,Ambient Pick,4.07,367,711,3
2025-08-26,OP-005,Chilled Pick,8.27,594,2013,2
2025-08-26,OP-007,Ambient Pick,7.98,610,2012,3
2025-08-26,OP-009,Ambient Pick,8.46,537,1145,1
2025-08-26,OP-010,Ambient Pick,6.76,527,860,0
2025-08-26,OP-012,Bulk,7.04,387,1205,0
2025-08-26,OP-013,Ambient Pick,8.57,736,2324,2
2025-08-26,OP-014,Bulk,8.41,274,669,1
2025-08-26,OP-017,Chilled Pick,7.66,512,983,2
2025-08-26,OP-018,Bulk,8.16,331,555,0
2025-08-26,OP-019,Ambient Pick,6.87,542,1434,2
2025-08-26,OP-020,Bulk,2.72,129,271,0
2025-08-26,OP-020,Chilled Pick,4.48,259,460,0
2025-08-26,OP-021,Chilled Pick,7.19,486,1292,1
2025-08-26,OP-022,Ambient Pick,7.25,469,782,1
2025-08-26,OP-023,Ambient Pick,5.94,300,980,1
2025-08-26,OP-023,Chilled Pick,2.31,98,213,1
2025-08-26,OP-025,Ambient Pick,8.66,664,1155,1
2025-08-26,OP-026,Chilled Pick,3.46,228,683,0
2025-08-26,OP-026,Ambient Pick,4.02,386,872,3
2025-08-26,OP-027,Ambient Pick,9.23,755,1626,3
2025-08-26,OP-028,Returns,5.73,208,551,2
2025-08-26,OP-028,Chilled Pick,2.02,118,358,0
2025-08-26,OP-029,Bulk,7.92,356,967,0
2025-08-26,OP-031,Chilled Pick,1.32,64,135,1
2025-08-26,OP-031,Ambient Pick,5.95,382,750,3
2025-08-26,OP-032,Chilled Pick,8.09,642,2048,4
2025-08-26,OP-033,Returns,8.02,302,609,1
2025-08-26,OP-034,Chilled Pick,7.73,424,1054,0
2025-08-26,OP-036,Ambient Pick,7.66,812,2687,5
2025-08-26,OP-038,Chilled Pick,7.9,436,1083,6
2025-08-26,OP-040,Ambient Pick,8.64,862,1901,9
2025-08-26,OP-041,Bulk,3.12,88,183,0
2025-08-26,OP-041,Chilled Pick,4.14,157,411,2
2025-08-26,OP-042,Chilled Pick,7.46,460,1491,6
2025-08-26,OP-044,Chilled Pick,7.32,307,787,4
2025-08-26,OP-046,Bulk,7.56,309,617,0
2025-08-26,OP-048,Ambient Pick,9.06,645,1980,2
2025-08-27,OP-001,Ambient Pick,1.26,110,372,0
2025-08-27,OP-001,Bulk,7.28,361,579,1
2025-08-27,OP-002,Chilled Pick,7.56,519,1494,1
2025-08-27,OP-003,Ambient Pick,8.57,362,722,1
2025-08-27,OP-004,Returns,7.89,280,941,2
2025-08-27,OP-005,Bulk,7.04,362,1045,0
2025-08-27,OP-007,Ambient Pick,1.75,137,435,1
2025-08-27,OP-007,Chilled Pick,4.82,284,806,3
2025-08-27,OP-010,Chilled Pick,7.18,484,1456,3
2025-08-27,OP-012,Ambient Pick,8.11,712,1647,2
2025-08-27,OP-013,Ambient Pick,7.35,546,1434,1
2025-08-27,OP-017,Ambient Pick,7.75,623,1874,2
2025-08-27,OP-018,Ambient Pick,4.82,459,1201,1
2025-08-27,OP-018,Bulk,3.68,193,653,1
2025-08-27,OP-019,Chilled Pick,0.51,31,63,0
2025-08-27,OP-019,Ambient Pick,6.45,455,904,1
2025-08-27,OP-020,Ambient Pick,8.16,645,1833,3
2025-08-27,OP-022,Returns,8.52,255,728,3
2025-08-27,OP-025,Bulk,8.22,414,1286,2
2025-08-27,OP-026,Chilled Pick,8.03,598,1173,1
2025-08-27,OP-027,Ambient Pick,7.23,559,1865,0
2025-08-27,OP-028,Chilled Pick,3.32,228,609,1
2025-08-27,OP-028,Ambient Pick,3.69,286,927,0
2025-08-27,OP-029,Ambient Pick,7.51,624,1824,2
2025-08-27,OP-031,Chilled Pick,7.13,276,491,2
2025-08-27,OP-032,Chilled Pick,8.68,691,1697,5
2025-08-27,OP-034,Bulk,7.49,321,1060,1
2025-08-27,OP-035,Chilled Pick,7.28,447,1028,3
2025-08-27,OP-036,Bulk,8.91,481,1443,1
2025-08-27,OP-038,Chilled Pick,4.21,197,352,2
2025-08-27,OP-038,Ambient Pick,3.1,202,350,2
2025-08-27,OP-042,Ambient Pick,3.55,380,1146,1
2025-08-27,OP-042,Returns,3.49,106,268,1
2025-08-27,OP-044,Chilled Pick,7.5,310,625,0
2025-08-27,OP-048,Ambient Pick,8.02,604,1182,0
2025-08-28,OP-001,Ambient Pick,7.7,654,2106,0
2025-08-28,OP-002,Bulk,6.5,305,769,1
2025-08-28,OP-004,Bulk,8.24,361,1161,1
2025-08-28,OP-005,Ambient Pick,7.63,586,1547,2
2025-08-28,OP-007,Ambient Pick,7.64,648,1221,1
2025-08-28,OP-009,Ambient Pick,2.89,207,490,2
2025-08-28,OP-009,Returns,4.62,137,326,0
2025-08-28,OP-010,Bulk,7.22,328,641,1
2025-08-28,OP-012,Bulk,7.71,431,897,0
2025-08-28,OP-013,Ambient Pick,3.42,276,449,0
2025-08-28,OP-013,Returns,4.56,182,311,0
2025-08-28,OP-014,Bulk,6.38,215,484,2
2025-08-28,OP-014,Ambient Pick,1.19,62,145,0
2025-08-28,OP-017,Ambient Pick,7.68,652,1202,1
2025-08-28,OP-019,Bulk,5.73,237,487,0
2025-08-28,OP-019,Ambient Pick,2.73,209,372,0
2025-08-28,OP-020,Ambient Pick,7.59,520,1282,3
2025-08-28,OP-021,Chilled Pick,8.24,567,968,5
2025-08-28,OP-022,Returns,4.9,148,321,0
2025-08-28,OP-022,Bulk,4.15,162,502,2
2025-08-28,OP-023,Ambient Pick,3.73,191,549,1
2025-08-28,OP-023,Bulk,3.48,105,237,2
2025-08-28,OP-025,Ambient Pick,7.77,653,2077,4
2025-08-28,OP-027,Bulk,7.05,282,784,1
2025-08-28,OP-028,Bulk,2.65,115,358,0
2025-08-28,OP-028,Ambient Pick,5.36,409,1323,2
2025-08-28,OP-029,Bulk,8.92,419,1082,2
2025-08-28,OP-031,Chilled Pick,8.03,384,883,5
2025-08-28,OP-032,Chilled Pick,6.81,534,1052,2
2025-08-28,OP-033,Ambient Pick,8.1,684,2294,2
2025-08-28,OP-034,Bulk,7.32,321,744,0
2025-08-28,OP-035,Bulk,7.54,352,856,2
2025-08-28,OP-036,Ambient Pick,3.85,445,873,1
2025-08-28,OP-036,Bulk,4.33,256,764,0
2025-08-28,OP-037,Ambient Pick,8.4,759,1290,1
2025-08-28,OP-038,Returns,7.26,221,739,2
2025-08-28,OP-040,Bulk,3.34,188,451,1
2025-08-28,OP-040,Ambient Pick,4.54,426,972,5
2025-08-28,OP-041,Ambient Pick,1.28,63,191,0
2025-08-28,OP-041,Chilled Pick,5.39,202,602,2
2025-08-28,OP-044,Ambient Pick,8.97,495,1430,2
2025-08-28,OP-048,Bulk,7.48,310,558,1
2025-08-29,OP-001,Ambient Pick,4.23,375,666,2
2025-08-29,OP-001,Bulk,3.17,145,257,0
2025-08-29,OP-002,Ambient Pick,3.48,271,911,1
2025-08-29,OP-002,Returns,4.47,159,440,0
2025-08-29,OP-003,Ambient Pick,6.64,270,511,8
2025-08-29,OP-004,Bulk,6.0,259,502,1
2025-08-29,OP-004,Ambient Pick,1.28,105,281,0
2025-08-29,OP-005,Chilled Pick,3.41,236,384,1
2025-08-29,OP-005,Ambient Pick,3.89,312,683,1
2025-08-29,OP-007,Chilled Pick,2.65,177,471,2
2025-08-29,OP-007,Bulk,5.44,246,565,2
2025-08-29,OP-009,Ambient Pick,3.67,261,691,0
2025-08-29,OP-009,Chilled Pick,3.8,218,544,1
2025-08-29,OP-010,Ambient Pick,2.47,223,378,2
2025-08-29,OP-010,Chilled Pick,5.77,416,1349,2
2025-08-29,OP-012,Chilled Pick,8.06,645,1322,2
2025-08-29,OP-013,Chilled Pick,7.1,402,843,3
2025-08-29,OP-014,Chilled Pick,6.46,279,651,4
2025-08-29,OP-017,Chilled Pick,7.07,455,888,2
2025-08-29,OP-019,Chilled Pick,7.44,498,1595,2
2025-08-29,OP-020,Chilled Pick,4.96,282,627,2
2025-08-29,OP-020,Bulk,2.4,103,287,0
2025-08-29,OP-021,Bulk,4.47,249,470,0
2025-08-29,OP-021,Chilled Pick,3.15,195,346,6
2025-08-29,OP-022,Ambient Pick,6.93,429,1387,1
2025-08-29,OP-023,Bulk,7.94,246,450,0
2025-08-29,OP-025,Ambient Pick,8.11,705,1593,2
2025-08-29,OP-026,Chilled Pick,8.0,541,1114,2
2025-08-29,OP-027,Bulk,6.74,344,728,0
2025-08-29,OP-027,Ambient Pick,1.54,131,252,0
2025-08-29,OP-033,Ambient Pick,8.22,778,1368,5
2025-08-29,OP-036,Chilled Pick,6.87,541,1127,3
2025-08-29,OP-037,Ambient Pick,3.65,294,748,3
2025-08-29,OP-037,Chilled Pick,4.4,279,691,1
2025-08-29,OP-038,Bulk,0.52,17,47,0
2025-08-29,OP-038,Ambient Pick,6.47,424,950,2
2025-08-29,OP-040,Ambient Pick,3.46,319,643,1
2025-08-29,OP-040,Chilled Pick,3.87,328,999,4
2025-08-29,OP-041,Chilled Pick,7.94,349,1169,8
2025-08-29,OP-044,Bulk,7.34,234,527,0
2025-08-29,OP-046,Returns,6.61,191,582,3
2025-08-29,OP-048,Bulk,4.12,176,576,1
2025-08-29,OP-048,Ambient Pick,2.58,187,543,3
2025-08-30,OP-001,Ambient Pick,7.5,643,2005,2
2025-08-30,OP-002,Bulk,6.61,300,777,1
2025-08-30,OP-003,Bulk,7.6,190,460,2
2025-08-30,OP-004,Ambient Pick,7.0,558,1588,3
2025-08-30,OP-007,Ambient Pick,7.22,578,1039,3
2025-08-30,OP-009,Bulk,6.91,269,514,1
2025-08-30,OP-010,Ambient Pick,6.94,618,1103,4
2025-08-30,OP-012,Returns,8.31,326,843,0
2025-08-30,OP-014,Returns,8.31,214,377,1
2025-08-30,OP-017,Ambient Pick,7.87,648,1556,1
2025-08-30,OP-018,Ambient Pick,7.6,678,1691,5
2025-08-30,OP-019,Ambient Pick,7.2,596,1181,1
2025-08-30,OP-020,Ambient Pick,7.64,619,1685,3
2025-08-30,OP-021,Returns,8.63,334,736,2
2025-08-30,OP-022,Ambient Pick,7.41,451,931,2
2025-08-30,OP-023,Returns,8.25,184,299,3
2025-08-30,OP-026,Ambient Pick,6.83,583,1835,0
2025-08-30,OP-027,Ambient Pick,7.87,626,1558,1
2025-08-30,OP-028,Chilled Pick,7.96,499,1366,3
2025-08-30,OP-029,Bulk,6.18,274,604,1
2025-08-30,OP-031,Ambient Pick,8.12,489,1384,1
2025-08-30,OP-032,Chilled Pick,0.67,48,112,0
2025-08-30,OP-032,Bulk,7.29,430,947,0
2025-08-30,OP-033,Chilled Pick,8.55,620,1862,2
2025-08-30,OP-034,Ambient Pick,5.18,387,950,1
2025-08-30,OP-034,Bulk,1.95,91,165,0
2025-08-30,OP-035,Ambient Pick,7.72,614,1500,8
2025-08-30,OP-036,Bulk,8.36,445,1363,2
2025-08-30,OP-037,Ambient Pick,7.66,605,983,1
2025-08-30,OP-038,Chilled Pick,6.7,401,980,3
2025-08-30,OP-040,Ambient Pick,8.11,732,1770,3
2025-08-30,OP-041,Bulk,6.62,171,464,1
2025-08-30,OP-044,Ambient Pick,8.57,442,858,4
2025-09-01,OP-001,Ambient Pick,1.73,137,376,2
2025-09-01,OP-001,Returns,6.72,263,446,4
2025-09-01,OP-002,Ambient Pick,7.73,725,1911,4
2025-09-01,OP-003,Ambient Pick,8.56,400,1285,6
2025-09-01,OP-004,Ambient Pick,7.78,653,1548,1
2025-09-01,OP-005,Ambient Pick,0.63,60,189,1
2025-09-01,OP-005,Chilled Pick,6.1,469,1431,2
2025-09-01,OP-010,Ambient Pick,8.45,863,1947,4
2025-09-01,OP-012,Bulk,3.56,194,451,1
2025-09-01,OP-012,Returns,4.85,221,412,1
2025-09-01,OP-013,Bulk,6.01,338,701,2
2025-09-01,OP-013,Ambient Pick,0.84,74,135,0
2025-09-01,OP-014,Ambient Pick,7.44,450,729,1
2025-09-01,OP-017,Chilled Pick,7.14,491,1468,2
2025-09-01,OP-018,Ambient Pick,5.96,548,1166,0
2025-09-01,OP-019,Bulk,7.61,384,961,1
2025-09-01,OP-020,Bulk,5.86,298,975,1
2025-09-01,OP-020,Ambient Pick,1.87,162,366,1
2025-09-01,OP-021,Bulk,6.06,357,610,2
2025-09-01,OP-021,Chilled Pick,1.64,142,274,1
2025-09-01,OP-022,Chilled Pick,7.84,451,1140,4
2025-09-01,OP-023,Ambient Pick,7.92,485,1357,5
2025-09-01,OP-026,Ambient Pick,8.17,880,2585,4
2025-09-01,OP-027,Chilled Pick,7.6,534,1078,1
2025-09-01,OP-028,Ambient Pick,8.34,632,1356,1
2025-09-01,OP-031,Bulk,7.88,291,935,4
2025-09-01,OP-032,Returns,8.09,341,1100,1
2025-09-01,OP-033,Ambient Pick,2.68,249,599,2
2025-09-01,OP-033,Bulk,4.17,212,426,0
2025-09-01,OP-034,Chilled Pick,8.43,605,1449,5
2025-09-01,OP-036,Ambient Pick,7.89,736,2196,3
2025-09-01,OP-037,Bulk,8.71,404,943,1
2025-09-01,OP-040,Bulk,8.18,544,1711,5
2025-09-01,OP-041,Ambient Pick,7.87,446,745,1
2025-09-01,OP-042,Chilled Pick,7.37,547,931,8
2025-09-01,OP-046,Ambient Pick,6.84,519,1605,4
2025-09-01,OP-046,Returns,1.47,44,96,0
2025-09-01,OP-048,Ambient Pick,8.28,679,1729,5
2025-09-02,OP-001,Chilled Pick,7.37,537,1199,2
2025-09-02,OP-002,Returns,8.16,293,528,2
2025-09-02,OP-003,Ambient Pick,6.94,277,890,2
2025-09-02,OP-005,Ambient Pick,8.38,719,2122,4
2025-09-02,OP-007,Bulk,7.54,322,528,1
2025-09-02,OP-009,Chilled Pick,7.35,385,1250,3
2025-09-02,OP-009,Ambient Pick,1.6,95,196,0
2025-09-02,OP-010,Ambient Pick,6.57,521,1718,3
2025-09-02,OP-012,Ambient Pick,7.67,742,1902,3
2025-09-02,OP-013,Ambient Pick,8.03,542,1641,1
2025-09-02,OP-014,Ambient Pick,7.86,420,1220,2
2025-09-02,OP-017,Ambient Pick,8.22,633,1350,1
2025-09-02,OP-018,Ambient Pick,8.43,712,1997,3
2025-09-02,OP-019,Chilled Pick,6.29,344,818,1
2025-09-02,OP-020,Ambient Pick,6.92,529,1024,1
2025-09-02,OP-021,Ambient Pick,7.59,636,1442,2
2025-09-02,OP-023,Bulk,7.86,239,593,0
2025-09-02,OP-025,Ambient Pick,8.64,743,1751,0
2025-09-02,OP-026,Chilled Pick,2.01,141,380,1
2025-09-02,OP-026,Bulk,4.46,206,430,0
2025-09-02,OP-028,Bulk,1.85,80,201,0
2025-09-02,OP-028,Ambient Pick,5.28,388,1168,0
2025-09-02,OP-029,Chilled Pick,8.1,486,1028,0
2025-09-02,OP-031,Bulk,3.8,125,272,0
2025-09-02,OP-031,Chilled Pick,3.46,152,498,4
2025-09-02,OP-032,Ambient Pick,8.16,784,1511,5
2025-09-02,OP-033,Ambient Pick,6.75,520,1525,2
2025-09-02,OP-034,Ambient Pick,7.38,514,1293,4
2025-09-02,OP-035,Ambient Pick,7.71,548,1470,1
2025-09-02,OP-036,Chilled Pick,7.86,577,1282,3
2025-09-02,OP-037,Ambient Pick,5.9,490,1295,2
2025-09-02,OP-037,Chilled Pick,1.15,67,212,0
2025-09-02,OP-038,Ambient Pick,8.81,551,894,3
2025-09-02,OP-040,Bulk,2.12,100,317,0
2025-09-02,OP-040,Ambient Pick,5.24,447,1086,4
2025-09-02,OP-041,Returns,6.19,138,241,3
2025-09-02,OP-042,Ambient Pick,7.33,631,1166,5
2025-09-02,OP-044,Ambient Pick,7.49,320,583,0
2025-09-02,OP-046,Ambient Pick,2.66,196,341,1
2025-09-02,OP-046,Chilled Pick,5.18,268,696,0
2025-09-02,OP-048,Chilled Pick,7.6,464,1343,3
2025-09-03,OP-001,Chilled Pick,7.82,487,1056,2
2025-09-03,OP-002,Chilled Pick,8.39,490,886,1
2025-09-03,OP-005,Returns,7.83,300,683,3
2025-09-03,OP-007,Bulk,1.05,43,140,0
2025-09-03,OP-007,Ambient Pick,6.49,475,1448,2
2025-09-03,OP-009,Bulk,6.55,255,568,1
2025-09-03,OP-010,Chilled Pick,8.67,507,1146,1
2025-09-03,OP-012,Bulk,7.5,394,1048,2
2025-09-03,OP-013,Bulk,7.27,309,825,0
2025-09-03,OP-014,Chilled Pick,8.7,411,1286,3
2025-09-03,OP-017,Ambient Pick,7.61,680,1118,2
2025-09-03,OP-018,Ambient Pick,6.68,625,1269,2
2025-09-03,OP-019,Ambient Pick,7.25,535,1217,1
2025-09-03,OP-021,Bulk,7.46,332,837,1
2025-09-03,OP-023,Ambient Pick,7.13,381,1111,3
2025-09-03,OP-025,Chilled Pick,8.21,491,1322,7
2025-09-03,OP-026,Ambient Pick,1.32,106,233,1
2025-09-03,OP-026,Chilled Pick,6.47,450,860,2
2025-09-03,OP-027,Bulk,7.69,368,1043,2
2025-09-03,OP-028,Bulk,7.95,332,909,0
2025-09-03,OP-031,Bulk,7.63,250,837,0
2025-09-03,OP-032,Ambient Pick,1.29,106,312,0
2025-09-03,OP-032,Bulk,7.06,381,860,1
2025-09-03,OP-033,Ambient Pick,4.0,360,1068,2
2025-09-03,OP-033,Chilled Pick,3.09,197,537,0
2025-09-03,OP-034,Ambient Pick,4.95,396,638,0
2025-09-03,OP-034,Bulk,2.33,93,237,0
2025-09-03,OP-035,Ambient Pick,7.27,523,1304,3
2025-09-03,OP-036,Ambient Pick,7.55,778,1449,2
2025-09-03,OP-037,Ambient Pick,7.84,628,1902,6
2025-09-03,OP-038,Ambient Pick,7.66,476,1198,1
2025-09-03,OP-040,Chilled Pick,8.44,605,1664,4
2025-09-03,OP-041,Chilled Pick,8.74,371,1195,4
2025-09-03,OP-042,Ambient Pick,7.19,548,1797,6
2025-09-03,OP-046,Ambient Pick,7.08,424,1299,4
2025-09-03,OP-048,Ambient Pick,7.12,495,850,6
2025-09-04,OP-001,Ambient Pick,8.84,678,2091,0
2025-09-04,OP-002,Ambient Pick,7.56,652,1606,3
2025-09-04,OP-003,Bulk,7.21,182,607,1
2025-09-04,OP-004,Ambient Pick,7.35,560,1241,0
2025-09-04,OP-005,Ambient Pick,7.17,574,1801,4
2025-09-04,OP-007,Chilled Pick,7.3,475,1140,4
2025-09-04,OP-009,Ambient Pick,7.22,401,827,2
2025-09-04,OP-010,Chilled Pick,1.94,123,356,0
2025-09-04,OP-010,Returns,5.38,206,401,1
2025-09-04,OP-012,Bulk,7.86,381,1078,1
2025-09-04,OP-018,Chilled Pick,7.23,481,1217,2
2025-09-04,OP-020,Ambient Pick,7.42,597,1275,4
2025-09-04,OP-021,Ambient Pick,8.11,671,1854,3
2025-09-04,OP-022,Ambient Pick,7.6,484,818,2
2025-09-04,OP-025,Chilled Pick,7.94,553,1671,3
2025-09-04,OP-026,Ambient Pick,5.48,481,1398,0
2025-09-04,OP-026,Bulk,2.23,114,216,0
2025-09-04,OP-027,Ambient Pick,7.18,461,764,1
2025-09-04,OP-028,Bulk,7.48,353,1170,2
2025-09-04,OP-029,Ambient Pick,7.84,574,1622,3
2025-09-04,OP-031,Returns,6.98,203,666,3
2025-09-04,OP-031,Bulk,0.76,23,78,0
2025-09-04,OP-033,Returns,7.68,288,566,1
2025-09-04,OP-034,Ambient Pick,7.61,610,1464,3
2025-09-04,OP-035,Chilled Pick,7.09,463,848,7
2025-09-04,OP-036,Ambient Pick,7.21,732,2136,1
2025-09-04,OP-037,Ambient Pick,4.69,330,592,3
2025-09-04,OP-037,Bulk,3.62,160,343,0
2025-09-04,OP-038,Chilled Pick,7.01,390,1076,1
2025-09-04,OP-038,Ambient Pick,0.96,60,118,0
2025-09-04,OP-040,Bulk,8.12,440,1224,2
2025-09-04,OP-041,Chilled Pick,5.09,188,614,5
2025-09-04,OP-041,Bulk,1.86,50,142,0
2025-09-04,OP-042,Bulk,0.54,23,68,0
2025-09-04,OP-042,Ambient Pick,7.88,573,1288,4
2025-09-04,OP-044,Ambient Pick,8.3,449,843,2
2025-09-04,OP-046,Bulk,7.74,298,799,1
2025-09-04,OP-048,Ambient Pick,7.47,518,1618,4
2025-09-05,OP-001,Bulk,0.76,31,97,0
2025-09-05,OP-001,Chilled Pick,7.71,548,1174,7
2025-09-05,OP-002,Ambient Pick,1.84,154,407,0
2025-09-05,OP-002,Bulk,5.33,206,517,0
2025-09-05,OP-003,Returns,7.25,152,362,1
2025-09-05,OP-004,Ambient Pick,7.21,567,1781,1
2025-09-05,OP-005,Ambient Pick,8.62,665,1208,1
2025-09-05,OP-007,Chilled Pick,7.12,466,788,3
2025-09-05,OP-009,Ambient Pick,3.73,255,478,1
2025-09-05,OP-009,Chilled Pick,3.26,184,479,0
2025-09-05,OP-010,Bulk,7.65,356,1116,3
2025-09-05,OP-012,Chilled Pick,5.87,358,1122,1
2025-09-05,OP-012,Ambient Pick,0.68,58,110,0
2025-09-05,OP-014,Chilled Pick,7.81,322,700,0
2025-09-05,OP-018,Chilled Pick,7.32,526,1122,0
2025-09-05,OP-019,Chilled Pick,7.75,420,1305,1
2025-09-05,OP-020,Ambient Pick,4.22,283,770,0
2025-09-05,OP-020,Chilled Pick,3.77,209,420,0
2025-09-05,OP-022,Ambient Pick,7.85,519,1310,0
2025-09-05,OP-023,Ambient Pick,8.37,419,749,3
2025-09-05,OP-025,Bulk,8.38,393,1185,0
2025-09-05,OP-026,Bulk,8.06,364,953,1
2025-09-05,OP-027,Bulk,2.28,93,238,0
2025-09-05,OP-027,Chilled Pick,5.3,335,864,3
2025-09-05,OP-029,Ambient Pick,8.34,594,1146,4
2025-09-05,OP-031,Ambient Pick,1.93,117,371,2
2025-09-05,OP-031,Chilled Pick,4.78,247,402,4
2025-09-05,OP-032,Bulk,8.15,429,945,1
2025-09-05,OP-033,Chilled Pick,5.98,374,1126,2
2025-09-05,OP-033,Ambient Pick,1.46,114,203,1
2025-09-05,OP-034,Chilled Pick,7.66,452,1507,0
2025-09-05,OP-035,Chilled Pick,5.17,329,574,2
2025-09-05,OP-035,Bulk,2.36,88,260,0
2025-09-05,OP-038,Chilled Pick,7.19,360,974,2
2025-09-05,OP-040,Ambient Pick,1.86,159,451,2
2025-09-05,OP-040,Chilled Pick,5.65,420,1186,4
2025-09-05,OP-041,Ambient Pick,8.11,413,710,2
2025-09-05,OP-042,Chilled Pick,8.03,559,1031,3
2025-09-05,OP-044,Ambient Pick,7.0,359,931,3
2025-09-05,OP-046,Ambient Pick,6.54,464,1308,2
2025-09-05,OP-048,Chilled Pick,8.43,473,899,3
2025-09-06,OP-002,Chilled Pick,7.67,475,921,2
2025-09-06,OP-003,Ambient Pick,7.5,369,946,4
2025-09-06,OP-004,Chilled Pick,2.2,115,377,1
2025-09-06,OP-004,Bulk,6.08,249,808,1
2025-09-06,OP-005,Ambient Pick,6.74,533,1666,1
2025-09-06,OP-005,Chilled Pick,0.53,34,72,0
2025-09-06,OP-007,Bulk,6.88,283,797,3
2025-09-06,OP-009,Bulk,7.41,282,539,2
2025-09-06,OP-010,Ambient Pick,7.72,603,1452,2
2025-09-06,OP-012,Chilled Pick,7.28,535,1052,3
2025-09-06,OP-013,Ambient Pick,7.49,573,1181,1
2025-09-06,OP-014,Chilled Pick,7.76,372,1166,2
2025-09-06,OP-018,Chilled Pick,7.16,520,1064,1
2025-09-06,OP-019,Ambient Pick,7.31,547,1057,0
2025-09-06,OP-020,Ambient Pick,7.52,546,1191,0
2025-09-06,OP-021,Ambient Pick,7.47,694,1877,2
2025-09-06,OP-022,Bulk,7.34,279,827,0
2025-09-06,OP-026,Chilled Pick,2.98,174,327,0
2025-09-06,OP-026,Returns,5.3,221,368,0
2025-09-06,OP-027,Bulk,6.58,273,580,0
2025-09-06,OP-028,Ambient Pick,7.88,633,1223,3
2025-09-06,OP-029,Ambient Pick,7.68,577,1937,1
2025-09-06,OP-031,Returns,7.82,236,384,0
2025-09-06,OP-032,Bulk,7.92,421,990,0
2025-09-06,OP-033,Bulk,6.9,325,1008,0
2025-09-06,OP-035,Ambient Pick,7.45,604,1311,4
2025-09-06,OP-036,Ambient Pick,6.81,580,1863,1
2025-09-06,OP-038,Ambient Pick,3.07,176,509,1
2025-09-06,OP-038,Returns,3.29,94,171,0
2025-09-06,OP-040,Ambient Pick,4.45,450,1514,2
2025-09-06,OP-040,Bulk,2.66,124,206,0
2025-09-06,OP-041,Ambient Pick,7.51,370,855,2
2025-09-06,OP-042,Bulk,8.0,338,828,2
2025-09-06,OP-044,Ambient Pick,7.07,388,1212,2
2025-09-06,OP-046,Bulk,6.77,235,639,0
2025-09-06,OP-048,Ambient Pick,7.51,477,837,1
2025-09-08,OP-001,Ambient Pick,7.0,674,1566,2
2025-09-08,OP-002,Ambient Pick,8.36,727,1685,1
2025-09-08,OP-004,Ambient Pick,8.26,679,2219,1
2025-09-08,OP-005,Chilled Pick,8.24,607,1221,3
2025-09-08,OP-007,Bulk,6.62,324,652,3
2025-09-08,OP-009,Ambient Pick,7.46,601,990,0
2025-09-08,OP-010,Ambient Pick,3.6,359,616,2
2025-09-08,OP-010,Bulk,4.38,244,792,0
2025-09-08,OP-012,Ambient Pick,7.64,787,1511,5
2025-09-08,OP-013,Chilled Pick,7.36,459,1528,0
2025-09-08,OP-014,Bulk,8.41,361,831,1
2025-09-08,OP-017,Ambient Pick,3.17,282,935,1
2025-09-08,OP-017,Returns,5.06,218,622,0
2025-09-08,OP-018,Chilled Pick,7.81,592,1279,5
2025-09-08,OP-019,Ambient Pick,7.8,724,1762,2
2025-09-08,OP-020,Ambient Pick,7.67,656,1922,2
2025-09-08,OP-021,Ambient Pick,7.59,759,2177,1
2025-09-08,OP-022,Ambient Pick,6.45,472,1397,1
2025-09-08,OP-023,Bulk,7.57,264,620,2
2025-09-08,OP-026,Ambient Pick,6.97,695,1294,2
2025-09-08,OP-027,Ambient Pick,8.31,807,2310,3
2025-09-08,OP-028,Ambient Pick,6.24,618,1027,3
2025-09-08,OP-028,Chilled Pick,1.44,99,198,0
2025-09-08,OP-029,Chilled Pick,7.16,523,1607,6
2025-09-08,OP-032,Ambient Pick,7.48,878,2780,3
2025-09-08,OP-033,Chilled Pick,8.13,660,1825,7
2025-09-08,OP-034,Bulk,7.89,420,1298,1
2025-09-08,OP-036,Ambient Pick,7.82,796,1707,2
2025-09-08,OP-037,Chilled Pick,7.85,624,1689,6
2025-09-08,OP-038,Ambient Pick,3.51,305,536,1
2025-09-08,OP-038,Bulk,3.78,150,393,2
2025-09-08,OP-040,Ambient Pick,6.98,823,1993,18
2025-09-08,OP-041,Ambient Pick,5.64,350,971,3
2025-09-08,OP-041,Chilled Pick,1.44,72,239,1
2025-09-08,OP-042,Bulk,8.0,382,1229,0
2025-09-08,OP-044,Chilled Pick,8.24,401,1200,4
2025-09-08,OP-046,Chilled Pick,6.62,437,1245,3
2025-09-08,OP-048,Ambient Pick,7.68,645,1187,11
2025-09-09,OP-001,Returns,7.48,266,850,1
2025-09-09,OP-002,Bulk,8.12,367,899,0
2025-09-09,OP-003,Bulk,7.83,209,478,0
2025-09-09,OP-004,Ambient Pick,6.98,526,1393,0
2025-09-09,OP-007,Chilled Pick,8.24,431,702,2
2025-09-09,OP-009,Returns,5.69,163,496,0
2025-09-09,OP-009,Ambient Pick,2.19,118,252,0
2025-09-09,OP-010,Chilled Pick,8.51,508,1271,6
2025-09-09,OP-013,Ambient Pick,4.48,329,758,3
2025-09-09,OP-013,Chilled Pick,3.53,230,525,0
2025-09-09,OP-014,Ambient Pick,7.87,440,1407,2
2025-09-09,OP-017,Chilled Pick,8.2,463,1348,3
2025-09-09,OP-018,Ambient Pick,7.52,579,1769,2
2025-09-09,OP-019,Ambient Pick,7.51,593,997,1
2025-09-09,OP-020,Ambient Pick,5.84,425,692,1
2025-09-09,OP-020,Bulk,1.7,72,225,0
2025-09-09,OP-021,Returns,7.48,292,873,2
2025-09-09,OP-022,Chilled Pick,6.67,342,770,3
2025-09-09,OP-023,Ambient Pick,7.99,384,681,4
2025-09-09,OP-025,Ambient Pick,8.44,688,2187,1
2025-09-09,OP-026,Chilled Pick,8.57,554,1308,1
2025-09-09,OP-027,Chilled Pick,7.4,448,744,3
2025-09-09,OP-028,Chilled Pick,7.25,409,881,2
2025-09-09,OP-031,Ambient Pick,7.52,385,958,0
2025-09-09,OP-032,Chilled Pick,7.56,581,1122,3
2025-09-09,OP-033,Ambient Pick,2.07,178,528,0
2025-09-09,OP-033,Chilled Pick,4.81,324,945,2
2025-09-09,OP-034,Ambient Pick,6.36,419,1347,3
2025-09-09,OP-034,Bulk,1.41,51,132,0
2025-09-09,OP-035,Bulk,8.73,345,589,2
2025-09-09,OP-036,Ambient Pick,8.53,863,2591,1
2025-09-09,OP-037,Ambient Pick,8.22,688,1961,0
2025-09-09,OP-040,Ambient Pick,4.63,439,1290,2
2025-09-09,OP-040,Chilled Pick,2.87,187,477,0
2025-09-09,OP-041,Returns,6.89,158,418,5
2025-09-09,OP-042,Ambient Pick,8.11,605,1438,6
2025-09-09,OP-044,Bulk,7.57,228,730,0
2025-09-09,OP-046,Bulk,7.99,293,729,2
2025-09-09,OP-048,Returns,6.28,215,468,3
2025-09-10,OP-003,Bulk,7.93,215,368,0
2025-09-10,OP-004,Ambient Pick,7.41,503,1106,0
2025-09-10,OP-005,Ambient Pick,6.07,521,1415,1
2025-09-10,OP-005,Bulk,1.02,45,96,1
2025-09-10,OP-007,Ambient Pick,6.72,491,1474,2
2025-09-10,OP-007,Bulk,0.89,38,78,0
2025-09-10,OP-009,Returns,7.15,214,698,0
2025-09-10,OP-010,Ambient Pick,6.27,485,1624,2
2025-09-10,OP-010,Chilled Pick,0.97,52,128,0
2025-09-10,OP-012,Ambient Pick,5.82,491,965,3
2025-09-10,OP-012,Returns,0.76,27,83,0
2025-09-10,OP-013,Bulk,7.79,300,671,0
2025-09-10,OP-014,Returns,7.45,174,510,2
2025-09-10,OP-017,Chilled Pick,2.9,151,507,0
2025-09-10,OP-017,Ambient Pick,3.74,272,570,2
2025-09-10,OP-018,Chilled Pick,8.2,536,1783,1
2025-09-10,OP-019,Ambient Pick,7.86,570,1389,0
2025-09-10,OP-020,Chilled Pick,7.43,433,1109,1
2025-09-10,OP-021,Ambient Pick,2.36,192,461,1
2025-09-10,OP-021,Chilled Pick,5.53,391,776,5
2025-09-10,OP-023,Chilled Pick,7.46,317,796,4
2025-09-10,OP-025,Chilled Pick,6.76,440,1333,3
2025-09-10,OP-026,Ambient Pick,7.79,621,1734,0
2025-09-10,OP-027,Bulk,7.52,277,661,1
2025-09-10,OP-028,Ambient Pick,7.48,569,1612,3
2025-09-10,OP-029,Ambient Pick,6.32,455,1186,1
2025-09-10,OP-031,Chilled Pick,4.9,221,677,0
2025-09-10,OP-031,Ambient Pick,3.41,199,322,1
2025-09-10,OP-032,Ambient Pick,7.7,653,1695,2
2025-09-10,OP-033,Chilled Pick,7.59,470,924,5
2025-09-10,OP-034,Bulk,7.87,331,1019,2
2025-09-10,OP-035,Chilled Pick,6.95,418,811,4
2025-09-10,OP-036,Chilled Pick,6.96,560,1339,4
2025-09-10,OP-037,Bulk,7.84,339,732,2
2025-09-10,OP-038,Bulk,8.0,275,897,1
2025-09-10,OP-040,Bulk,7.61,436,947,3
2025-09-10,OP-041,Chilled Pick,1.55,62,155,2
2025-09-10,OP-041,Returns,5.96,127,239,1
2025-09-10,OP-042,Ambient Pick,3.55,300,987,6
2025-09-10,OP-042,Bulk,4.05,162,414,0
2025-09-10,OP-044,Bulk,6.56,228,465,1
2025-09-10,OP-046,Returns,7.7,246,733,0
2025-09-10,OP-048,Bulk,7.84,277,695,1
2025-09-11,OP-001,Chilled Pick,8.72,568,1866,5
2025-09-11,OP-003,Chilled Pick,7.66,315,522,8
2025-09-11,OP-004,Bulk,6.72,316,782,0
2025-09-11,OP-005,Ambient Pick,4.26,333,1105,3
2025-09-11,OP-005,Chilled Pick,2.97,194,439,1
2025-09-11,OP-007,Ambient Pick,8.31,713,1961,4
2025-09-11,OP-009,Ambient Pick,1.7,93,265,0
2025-09-11,OP-009,Bulk,5.7,223,551,0
2025-09-11,OP-010,Ambient Pick,7.01,548,1344,5
2025-09-11,OP-010,Bulk,0.65,30,59,0
2025-09-11,OP-014,Ambient Pick,7.52,387,624,2
2025-09-11,OP-017,Bulk,2.07,82,230,0
2025-09-11,OP-017,Ambient Pick,4.82,410,843,4
2025-09-11,OP-018,Chilled Pick,1.27,89,177,0
2025-09-11,OP-018,Returns,6.53,233,739,0
2025-09-11,OP-019,Bulk,7.76,339,939,0
2025-09-11,OP-020,Bulk,7.75,299,863,1
2025-09-11,OP-021,Ambient Pick,7.62,656,1571,1
2025-09-11,OP-022,Returns,7.34,224,652,1
2025-09-11,OP-023,Ambient Pick,7.5,391,864,1
2025-09-11,OP-025,Ambient Pick,1.99,193,482,1
2025-09-11,OP-025,Chilled Pick,5.6,381,1128,0
2025-09-11,OP-026,Ambient Pick,6.76,516,1693,3
2025-09-11,OP-029,Ambient Pick,6.93,489,1276,1
2025-09-11,OP-031,Ambient Pick,5.36,327,944,4
2025-09-11,OP-031,Returns,2.18,56,127,1
2025-09-11,OP-032,Bulk,8.7,364,891,2
2025-09-11,OP-033,Ambient Pick,8.23,636,1483,2
2025-09-11,OP-034,Chilled Pick,8.15,413,965,1
2025-09-11,OP-035,Ambient Pick,5.38,393,1321,3
2025-09-11,OP-035,Chilled Pick,2.93,175,329,2
2025-09-11,OP-036,Bulk,6.76,382,1019,0
2025-09-11,OP-044,Chilled Pick,5.5,230,656,1
2025-09-11,OP-044,Bulk,1.53,46,133,0
2025-09-11,OP-046,Ambient Pick,7.45,437,841,4
2025-09-11,OP-048,Bulk,3.54,153,269,1
2025-09-11,OP-048,Ambient Pick,4.0,245,663,2
2025-09-12,OP-001,Ambient Pick,7.33,557,1424,0
2025-09-12,OP-002,Returns,7.55,296,897,1
2025-09-12,OP-005,Chilled Pick,6.66,406,882,3
2025-09-12,OP-007,Chilled Pick,7.66,505,1581,4
2025-09-12,OP-009,Chilled Pick,6.88,336,1076,2
2025-09-12,OP-010,Chilled Pick,7.74,476,1266,1
2025-09-12,OP-012,Ambient Pick,8.03,650,1229,1
2025-09-12,OP-013,Chilled Pick,7.67,476,1385,1
2025-09-12,OP-017,Ambient Pick,8.06,584,1513,6
2025-09-12,OP-019,Chilled Pick,3.74,204,402,0
2025-09-12,OP-019,Ambient Pick,2.12,176,374,1
2025-09-12,OP-020,Ambient Pick,7.42,552,1160,3
2025-09-12,OP-021,Returns,7.99,291,557,2
2025-09-12,OP-022,Ambient Pick,7.19,502,864,2
2025-09-12,OP-023,Returns,7.61,222,582,3
2025-09-12,OP-025,Chilled Pick,6.06,377,1222,5
2025-09-12,OP-025,Ambient Pick,1.31,105,294,1
2025-09-12,OP-026,Chilled Pick,7.46,472,1204,1
2025-09-12,OP-027,Ambient Pick,7.88,565,1390,3
2025-09-12,OP-029,Ambient Pick,8.47,571,1588,1
2025-09-12,OP-031,Ambient Pick,7.89,477,868,3
2025-09-12,OP-032,Chilled Pick,0.71,49,95,0
2025-09-12,OP-032,Ambient Pick,6.87,649,1200,0
2025-09-12,OP-033,Chilled Pick,6.38,410,1159,1
2025-09-12,OP-034,Ambient Pick,1.31,100,318,1
2025-09-12,OP-034,Bulk,6.21,283,610,1
2025-09-12,OP-035,Ambient Pick,7.75,598,1783,6
2025-09-12,OP-036,Ambient Pick,1.53,141,341,0
2025-09-12,OP-036,Chilled Pick,6.08,411,1295,2
2025-09-12,OP-037,Ambient Pick,8.14,635,1534,3
2025-09-12,OP-038,Returns,7.88,240,489,5
2025-09-12,OP-040,Ambient Pick,6.85,603,1916,4
2025-09-12,OP-041,Ambient Pick,4.79,250,531,3
2025-09-12,OP-041,Chilled Pick,2.88,104,239,0
2025-09-12,OP-042,Ambient Pick,8.48,687,1683,3
2025-09-12,OP-044,Ambient Pick,8.77,463,1452,1
2025-09-12,OP-046,Ambient Pick,0.6,38,129,0
2025-09-12,OP-046,Bulk,6.48,250,406,1
2025-09-12,OP-048,Chilled Pick,6.69,364,1181,7
2025-09-12,OP-048,Bulk,1.6,63,139,0
2025-09-13,OP-001,Bulk,2.47,114,224,1
2025-09-13,OP-001,Ambient Pick,5.25,377,1172,2
2025-09-13,OP-002,Chilled Pick,6.73,402,1099,1
2025-09-13,OP-003,Chilled Pick,6.68,243,775,2
2025-09-13,OP-004,Ambient Pick,7.25,521,994,1
2025-09-13,OP-005,Chilled Pick,7.91,490,996,2
2025-09-13,OP-007,Chilled Pick,6.93,404,690,3
2025-09-13,OP-007,Ambient Pick,0.85,62,186,0
2025-09-13,OP-009,Ambient Pick,6.84,458,1102,5
2025-09-13,OP-012,Bulk,5.61,295,923,0
2025-09-13,OP-012,Chilled Pick,2.54,201,617,0
2025-09-13,OP-013,Ambient Pick,6.59,448,1009,2
2025-09-13,OP-014,Bulk,7.06,231,413,1
2025-09-13,OP-017,Ambient Pick,8.01,592,1109,3
2025-09-13,OP-018,Ambient Pick,6.96,555,1531,1
2025-09-13,OP-019,Returns,7.21,232,394,0
2025-09-13,OP-019,Chilled Pick,0.98,59,197,0
2025-09-13,OP-020,Ambient Pick,7.83,500,1159,1
2025-09-13,OP-021,Ambient Pick,8.4,776,2424,8
2025-09-13,OP-022,Ambient Pick,0.62,42,99,0
2025-09-13,OP-022,Chilled Pick,7.0,366,982,1
2025-09-13,OP-023,Ambient Pick,7.36,417,743,2
2025-09-13,OP-025,Ambient Pick,6.84,629,1826,2
2025-09-13,OP-026,Chilled Pick,4.13,297,651,2
2025-09-13,OP-026,Bulk,3.31,152,381,0
2025-09-13,OP-028,Returns,8.34,301,635,3
2025-09-13,OP-029,Ambient Pick,7.02,525,1286,4
2025-09-13,OP-031,Chilled Pick,2.4,125,409,0
2025-09-13,OP-031,Returns,5.02,136,456,1
2025-09-13,OP-032,Ambient Pick,7.63,744,1453,1
2025-09-13,OP-033,Ambient Pick,7.86,709,1559,0
2025-09-13,OP-034,Chilled Pick,1.27,76,256,1
2025-09-13,OP-034,Bulk,6.56,266,545,0
2025-09-13,OP-036,Chilled Pick,8.84,623,2044,2
2025-09-13,OP-037,Ambient Pick,3.91,284,898,3
2025-09-13,OP-037,Chilled Pick,3.64,221,661,1
2025-09-13,OP-038,Bulk,3.7,125,264,1
2025-09-13,OP-038,Ambient Pick,3.87,265,435,0
2025-09-13,OP-040,Chilled Pick,8.13,611,1308,3
2025-09-13,OP-041,Ambient Pick,2.22,114,203,2
2025-09-13,OP-041,Bulk,5.23,159,385,2
2025-09-13,OP-042,Chilled Pick,8.51,521,1248,8
2025-09-13,OP-044,Chilled Pick,7.27,316,853,6
2025-09-13,OP-046,Chilled Pick,7.9,409,1055,5
2025-09-13,OP-048,Chilled Pick,0.67,42,133,0
2025-09-13,OP-048,Bulk,6.06,220,488,1
2025-09-15,OP-001,Returns,8.11,337,610,5
2025-09-15,OP-003,Ambient Pick,7.81,427,731,6
2025-09-15,OP-004,Bulk,6.84,369,1169,1
2025-09-15,OP-005,Chilled Pick,2.66,213,523,2
2025-09-15,OP-005,Ambient Pick,4.22,411,884,5
2025-09-15,OP-007,Ambient Pick,7.16,698,2292,4
2025-09-15,OP-009,Bulk,8.24,370,1222,0
2025-09-15,OP-012,Ambient Pick,7.56,799,1887,1
2025-09-15,OP-013,Chilled Pick,7.02,507,992,0
2025-09-15,OP-014,Ambient Pick,7.18,515,1258,7
2025-09-15,OP-017,Ambient Pick,3.43,334,820,1
2025-09-15,OP-017,Chilled Pick,3.45,258,739,5
2025-09-15,OP-019,Chilled Pick,8.34,561,1120,1
2025-09-15,OP-020,Ambient Pick,2.86,255,545,1
2025-09-15,OP-020,Chilled Pick,4.55,304,939,2
2025-09-15,OP-021,Chilled Pick,2.49,203,641,0
2025-09-15,OP-021,Bulk,4.85,262,737,0
2025-09-15,OP-022,Ambient Pick,7.53,661,1970,12
2025-09-15,OP-023,Chilled Pick,4.01,195,468,1
2025-09-15,OP-023,Bulk,4.52,154,371,2
2025-09-15,OP-025,Ambient Pick,7.19,712,1390,2
2025-09-15,OP-025,Chilled Pick,0.61,48,85,0
2025-09-15,OP-026,Returns,7.34,308,943,0
2025-09-15,OP-026,Ambient Pick,0.64,67,189,1
2025-09-15,OP-027,Ambient Pick,7.62,675,1810,2
2025-09-15,OP-028,Ambient Pick,7.06,521,898,3
2025-09-15,OP-029,Bulk,7.08,343,920,1
2025-09-15,OP-031,Ambient Pick,8.7,638,1784,9
2025-09-15,OP-032,Chilled Pick,7.03,612,2048,5
2025-09-15,OP-033,Bulk,7.44,379,916,3
2025-09-15,OP-034,Chilled Pick,7.24,488,1239,0
2025-09-15,OP-034,Ambient Pick,0.52,44,137,0
2025-09-15,OP-035,Returns,1.34,46,103,0
2025-09-15,OP-035,Ambient Pick,6.35,626,1695,3
2025-09-15,OP-036,Returns,6.81,308,887,0
2025-09-15,OP-037,Bulk,7.46,389,650,4
2025-09-15,OP-038,Ambient Pick,8.03,698,1393,10
2025-09-15,OP-040,Ambient Pick,5.08,576,969,8
2025-09-15,OP-040,Bulk,2.13,126,412,0
2025-09-15,OP-041,Ambient Pick,7.46,399,917,4
2025-09-15,OP-042,Ambient Pick,7.86,807,2016,9
2025-09-15,OP-044,Bulk,7.93,251,461,2
2025-09-16,OP-001,Ambient Pick,7.55,540,1696,0
2025-09-16,OP-002,Chilled Pick,7.63,482,875,4
2025-09-16,OP-003,Ambient Pick,7.11,354,823,2
2025-09-16,OP-005,Ambient Pick,7.33,577,1770,1
2025-09-16,OP-007,Chilled Pick,7.28,529,913,5
2025-09-16,OP-009,Chilled Pick,7.3,339,644,0
2025-09-16,OP-010,Ambient Pick,8.03,605,1640,2
2025-09-16,OP-013,Chilled Pick,6.76,407,656,1
2025-09-16,OP-014,Chilled Pick,7.36,329,825,3
2025-09-16,OP-017,Chilled Pick,8.5,452,753,3
2025-09-16,OP-018,Ambient Pick,7.97,626,1333,1
2025-09-16,OP-019,Returns,6.8,245,494,0
2025-09-16,OP-020,Chilled Pick,2.51,172,334,1
2025-09-16,OP-020,Ambient Pick,4.52,323,1012,1
2025-09-16,OP-022,Ambient Pick,3.89,267,806,1
2025-09-16,OP-022,Bulk,1.64,63,199,0
2025-09-16,OP-023,Bulk,7.19,214,419,1
2025-09-16,OP-026,Ambient Pick,7.91,655,1716,2
2025-09-16,OP-027,Returns,1.68,59,197,0
2025-09-16,OP-027,Chilled Pick,6.06,367,1118,0
2025-09-16,OP-028,Returns,7.44,236,744,2
2025-09-16,OP-029,Ambient Pick,7.75,535,1550,3
2025-09-16,OP-031,Ambient Pick,7.96,520,1050,2
2025-09-16,OP-032,Ambient Pick,4.16,407,1377,1
2025-09-16,OP-032,Bulk,3.28,184,487,0
2025-09-16,OP-033,Chilled Pick,5.27,403,1358,2
2025-09-16,OP-033,Returns,2.19,76,184,0
2025-09-16,OP-034,Ambient Pick,8.38,545,1318,1
2025-09-16,OP-035,Ambient Pick,7.61,528,910,7
2025-09-16,OP-036,Returns,7.62,291,745,0
2025-09-16,OP-037,Chilled Pick,7.12,461,1077,3
2025-09-16,OP-038,Ambient Pick,5.02,324,907,1
2025-09-16,OP-038,Bulk,2.14,74,133,0
2025-09-16,OP-040,Ambient Pick,4.16,380,1053,1
2025-09-16,OP-040,Returns,3.52,139,279,1
2025-09-16,OP-041,Ambient Pick,1.74,86,282,1
2025-09-16,OP-041,Bulk,4.86,149,249,0
2025-09-16,OP-044,Ambient Pick,2.01,94,290,0
2025-09-16,OP-044,Bulk,5.08,160,375,1
2025-09-16,OP-048,Chilled Pick,8.08,467,1019,4
2025-09-17,OP-001,Returns,5.5,215,517,2
2025-09-17,OP-001,Ambient Pick,2.39,187,333,0
2025-09-17,OP-003,Bulk,7.6,223,534,1
2025-09-17,OP-004,Chilled Pick,7.78,467,801,2
2025-09-17,OP-005,Ambient Pick,1.37,120,277,1
2025-09-17,OP-005,Chilled Pick,5.73,387,1221,1
2025-09-17,OP-007,Chilled Pick,7.09,452,1191,2
2025-09-17,OP-007,Ambient Pick,0.56,41,86,0
2025-09-17,OP-009,Bulk,6.53,250,842,0
2025-09-17,OP-009,Ambient Pick,1.77,127,377,1
2025-09-17,OP-010,Ambient Pick,2.58,190,427,0
2025-09-17,OP-010,Returns,4.72,172,387,1
2025-09-17,OP-012,Bulk,7.53,367,749,2
2025-09-17,OP-013,Chilled Pick,8.07,463,774,1
2025-09-17,OP-017,Chilled Pick,1.19,69,230,0
2025-09-17,OP-017,Ambient Pick,6.14,482,1524,2
2025-09-17,OP-018,Ambient Pick,6.83,546,1602,1
2025-09-17,OP-019,Bulk,7.07,259,760,0
2025-09-17,OP-020,Bulk,7.6,318,884,1
2025-09-17,OP-021,Bulk,7.34,338,593,1
2025-09-17,OP-022,Bulk,7.18,261,490,0
2025-09-17,OP-023,Chilled Pick,7.21,349,1036,3
2025-09-17,OP-025,Ambient Pick,7.33,585,1677,2
2025-09-17,OP-025,Chilled Pick,0.58,41,98,1
2025-09-17,OP-026,Chilled Pick,6.56,488,1423,1
2025-09-17,OP-027,Ambient Pick,6.21,453,1396,2
2025-09-17,OP-028,Bulk,7.32,292,703,0
2025-09-17,OP-029,Returns,7.54,249,708,3
2025-09-17,OP-031,Ambient Pick,6.99,449,1168,2
2025-09-17,OP-032,Bulk,1.14,58,178,0
2025-09-17,OP-032,Returns,7.17,276,697,1
2025-09-17,OP-033,Ambient Pick,6.73,598,1008,4
2025-09-17,OP-034,Ambient Pick,7.46,582,1445,3
2025-09-17,OP-036,Chilled Pick,2.49,214,490,0
2025-09-17,OP-036,Ambient Pick,5.4,530,1789,2
2025-09-17,OP-037,Ambient Pick,1.7,128,269,0
2025-09-17,OP-037,Bulk,6.22,258,867,1
2025-09-17,OP-038,Ambient Pick,1.84,115,361,0
2025-09-17,OP-038,Chilled Pick,5.42,238,486,3
2025-09-17,OP-040,Ambient Pick,7.73,757,1991,8
2025-09-17,OP-041,Chilled Pick,8.72,342,722,3
2025-09-17,OP-042,Bulk,7.28,331,552,3
2025-09-17,OP-044,Ambient Pick,7.82,430,1235,4
2025-09-17,OP-046,Ambient Pick,7.94,577,1747,4
2025-09-17,OP-048,Ambient Pick,1.16,79,245,0
2025-09-17,OP-048,Bulk,6.85,258,810,1
2025-09-18,OP-003,Chilled Pick,3.15,121,383,1
2025-09-18,OP-003,Bulk,4.5,104,296,0
2025-09-18,OP-004,Ambient Pick,3.27,254,543,0
2025-09-18,OP-004,Bulk,4.52,185,557,0
2025-09-18,OP-007,Ambient Pick,7.04,596,1880,2
2025-09-18,OP-009,Chilled Pick,8.05,394,668,1
2025-09-18,OP-010,Chilled Pick,7.98,454,1374,1
2025-09-18,OP-017,Ambient Pick,6.32,490,982,1
2025-09-18,OP-017,Bulk,1.51,55,131,1
2025-09-18,OP-018,Returns,4.92,156,305,0
2025-09-18,OP-018,Chilled Pick,3.25,237,386,1
2025-09-18,OP-019,Chilled Pick,7.33,439,1205,3
2025-09-18,OP-020,Chilled Pick,8.33,532,907,3
2025-09-18,OP-022,Bulk,7.28,262,588,1
2025-09-18,OP-023,Chilled Pick,7.36,328,1114,0
2025-09-18,OP-025,Chilled Pick,8.46,518,1617,2
2025-09-18,OP-026,Ambient Pick,7.47,599,1347,1
2025-09-18,OP-027,Chilled Pick,8.49,526,1416,2
2025-09-18,OP-028,Chilled Pick,7.74,447,1000,3
2025-09-18,OP-029,Ambient Pick,7.55,515,1241,1
2025-09-18,OP-031,Ambient Pick,7.19,453,1237,8
2025-09-18,OP-032,Ambient Pick,4.21,383,756,4
2025-09-18,OP-032,Chilled Pick,3.0,263,727,1
2025-09-18,OP-033,Bulk,8.42,405,1318,0
2025-09-18,OP-035,Ambient Pick,4.61,342,1092,1
2025-09-18,OP-035,Chilled Pick,2.25,127,218,1
2025-09-18,OP-036,Ambient Pick,8.35,798,2281,4
2025-09-18,OP-037,Chilled Pick,7.65,419,1094,0
2025-09-18,OP-038,Ambient Pick,2.67,167,529,1
2025-09-18,OP-038,Chilled Pick,4.07,183,301,1
2025-09-18,OP-040,Bulk,7.67,440,860,1
2025-09-18,OP-041,Chilled Pick,7.94,349,1133,1
2025-09-18,OP-041,Ambient Pick,0.58,28,48,1
2025-09-18,OP-042,Bulk,7.36,333,931,4
2025-09-18,OP-044,Chilled Pick,7.9,321,676,1
2025-09-18,OP-046,Ambient Pick,6.21,446,1180,2
2025-09-19,OP-001,Ambient Pick,7.72,677,1625,4
2025-09-19,OP-002,Returns,0.87,29,50,0
2025-09-19,OP-002,Ambient Pick,7.41,573,1913,2
2025-09-19,OP-003,Ambient Pick,7.45,313,969,5
2025-09-19,OP-004,Chilled Pick,7.51,407,1287,2
2025-09-19,OP-005,Bulk,4.33,190,312,0
2025-09-19,OP-005,Ambient Pick,2.37,210,472,0
2025-09-19,OP-007,Chilled Pick,9.41,629,1450,2
2025-09-19,OP-009,Ambient Pick,2.82,200,511,0
2025-09-19,OP-009,Bulk,4.12,145,310,0
2025-09-19,OP-010,Bulk,8.55,435,1434,2
2025-09-19,OP-012,Ambient Pick,8.04,691,1804,6
2025-09-19,OP-013,Bulk,7.39,345,1094,0
2025-09-19,OP-014,Ambient Pick,8.53,590,992,3
2025-09-19,OP-017,Ambient Pick,7.3,589,961,5
2025-09-19,OP-018,Bulk,6.7,309,690,0
2025-09-19,OP-019,Ambient Pick,6.36,472,1407,1
2025-09-19,OP-020,Ambient Pick,1.23,86,171,0
2025-09-19,OP-020,Returns,6.65,239,775,1
2025-09-19,OP-021,Chilled Pick,8.28,615,1240,3
2025-09-19,OP-022,Chilled Pick,7.47,386,682,0
2025-09-19,OP-023,Ambient Pick,7.55,415,962,2
2025-09-19,OP-025,Ambient Pick,7.48,632,1048,4
2025-09-19,OP-026,Ambient Pick,7.6,626,1507,2
2025-09-19,OP-027,Bulk,7.84,291,638,0
2025-09-19,OP-028,Ambient Pick,6.91,493,1599,2
2025-09-19,OP-029,Bulk,0.63,23,62,0
2025-09-19,OP-029,Ambient Pick,6.12,432,1006,1
2025-09-19,OP-031,Bulk,1.0,35,109,0
2025-09-19,OP-031,Ambient Pick,7.25,415,1199,5
2025-09-19,OP-032,Chilled Pick,7.87,563,1443,0
2025-09-19,OP-033,Ambient Pick,6.93,604,1329,1
2025-09-19,OP-034,Chilled Pick,7.25,450,1311,2
2025-09-19,OP-035,Returns,6.68,225,418,1
2025-09-19,OP-036,Ambient Pick,7.71,690,1160,2
2025-09-19,OP-038,Ambient Pick,7.82,481,939,4
2025-09-19,OP-040,Chilled Pick,7.03,528,1679,5
2025-09-19,OP-041,Ambient Pick,8.22,462,803,3
2025-09-19,OP-042,Ambient Pick,8.07,599,1319,1
2025-09-19,OP-044,Ambient Pick,3.48,176,516,0
2025-09-19,OP-044,Bulk,4.32,115,207,0
2025-09-19,OP-046,Bulk,7.5,302,788,2
2025-09-19,OP-048,Returns,7.0,230,548,4
2025-09-20,OP-001,Ambient Pick,7.27,594,1893,3
2025-09-20,OP-003,Ambient Pick,7.62,370,772,5
2025-09-20,OP-004,Bulk,0.55,21,43,0
2025-09-20,OP-004,Chilled Pick,7.43,471,1433,1
2025-09-20,OP-005,Chilled Pick,6.95,466,770,2
2025-09-20,OP-007,Chilled Pick,7.58,501,1219,3
2025-09-20,OP-009,Bulk,7.7,287,648,0
2025-09-20,OP-010,Bulk,1.7,75,194,0
2025-09-20,OP-010,Ambient Pick,6.2,491,1340,0
2025-09-20,OP-012,Bulk,8.13,395,1332,2
2025-09-20,OP-013,Bulk,7.6,287,954,0
2025-09-20,OP-017,Returns,7.46,267,809,0
2025-09-20,OP-018,Bulk,8.37,407,791,1
2025-09-20,OP-019,Chilled Pick,7.42,430,811,0
2025-09-20,OP-020,Bulk,6.92,251,648,0
2025-09-20,OP-021,Ambient Pick,6.3,552,1131,5
2025-09-20,OP-021,Bulk,0.78,37,121,0
2025-09-20,OP-022,Chilled Pick,1.3,70,143,0
2025-09-20,OP-022,Bulk,6.0,212,441,0
2025-09-20,OP-025,Returns,2.62,97,250,0
2025-09-20,OP-025,Ambient Pick,4.87,408,1276,0
2025-09-20,OP-026,Ambient Pick,6.31,539,1733,4
2025-09-20,OP-026,Chilled Pick,1.14,71,162,1
2025-09-20,OP-027,Chilled Pick,3.35,191,399,0
2025-09-20,OP-027,Ambient Pick,3.89,317,788,1
2025-09-20,OP-028,Ambient Pick,7.93,587,1578,1
2025-09-20,OP-029,Chilled Pick,7.56,463,1380,0
2025-09-20,OP-031,Ambient Pick,8.21,548,1127,4
2025-09-20,OP-032,Ambient Pick,7.62,692,1456,0
2025-09-20,OP-033,Bulk,7.75,400,1139,2
2025-09-20,OP-034,Ambient Pick,7.49,603,997,0
2025-09-20,OP-034,Bulk,0.91,35,91,0
2025-09-20,OP-037,Ambient Pick,6.12,535,915,2
2025-09-20,OP-037,Bulk,1.8,76,228,0
2025-09-20,OP-038,Bulk,7.8,264,445,0
2025-09-20,OP-040,Chilled Pick,5.54,446,1336,4
2025-09-20,OP-040,Returns,1.9,81,231,2
2025-09-20,OP-041,Returns,7.69,203,598,3
2025-09-20,OP-042,Bulk,7.32,351,670,2
2025-09-20,OP-044,Returns,8.03,199,468,1
2025-09-20,OP-046,Ambient Pick,3.26,214,686,0
2025-09-20,OP-046,Chilled Pick,3.57,193,476,2
2025-09-20,OP-048,Ambient Pick,4.59,331,585,4
2025-09-20,OP-048,Bulk,2.35,85,199,0
2025-09-22,OP-002,Chilled Pick,4.23,332,570,3
2025-09-22,OP-002,Ambient Pick,2.99,241,627,1
2025-09-22,OP-004,Bulk,8.41,437,1297,0
2025-09-22,OP-005,Bulk,7.5,436,825,3
2025-09-22,OP-007,Ambient Pick,7.65,686,1848,5
2025-09-22,OP-009,Ambient Pick,7.75,566,1272,2
2025-09-22,OP-014,Ambient Pick,7.31,599,1363,3
2025-09-22,OP-017,Chilled Pick,1.25,94,264,0
2025-09-22,OP-017,Ambient Pick,6.32,594,1555,3
2025-09-22,OP-018,Ambient Pick,7.79,803,2357,0
2025-09-22,OP-019,Ambient Pick,7.24,628,2120,2
2025-09-22,OP-020,Chilled Pick,7.57,445,1476,2
2025-09-22,OP-021,Chilled Pick,2.2,180,484,0
2025-09-22,OP-021,Ambient Pick,4.83,489,1217,4
2025-09-22,OP-022,Chilled Pick,7.81,443,869,1
2025-09-22,OP-023,Ambient Pick,7.45,472,1287,4
2025-09-22,OP-023,Returns,0.88,27,89,0
2025-09-22,OP-025,Ambient Pick,2.54,251,469,2
2025-09-22,OP-025,Bulk,4.25,242,418,1
2025-09-22,OP-026,Chilled Pick,3.83,278,738,0
2025-09-22,OP-026,Bulk,3.19,181,502,0
2025-09-22,OP-027,Ambient Pick,5.67,496,1499,1
2025-09-22,OP-027,Chilled Pick,0.81,56,130,1
2025-09-22,OP-028,Ambient Pick,7.31,710,1996,5
2025-09-22,OP-029,Ambient Pick,8.03,694,1969,1
2025-09-22,OP-033,Ambient Pick,8.44,786,1894,3
2025-09-22,OP-034,Bulk,8.12,373,939,0
2025-09-22,OP-035,Ambient Pick,2.24,195,601,1
2025-09-22,OP-035,Chilled Pick,5.38,423,886,1
2025-09-22,OP-036,Chilled Pick,6.19,542,1688,3
2025-09-22,OP-036,Bulk,1.24,79,149,1
2025-09-22,OP-037,Ambient Pick,7.76,691,1811,4
2025-09-22,OP-038,Ambient Pick,1.88,135,243,2
2025-09-22,OP-038,Chilled Pick,5.06,329,540,3
2025-09-22,OP-040,Ambient Pick,7.47,942,3146,18
2025-09-22,OP-041,Ambient Pick,7.75,479,1138,6
2025-09-22,OP-042,Ambient Pick,7.57,744,1784,13
2025-09-22,OP-044,Chilled Pick,8.82,490,1529,2
2025-09-22,OP-046,Ambient Pick,8.14,666,1481,8
2025-09-22,OP-048,Returns,7.81,308,607,4
2025-09-23,OP-001,Chilled Pick,7.89,548,1544,4
2025-09-23,OP-002,Ambient Pick,1.72,120,195,1
2025-09-23,OP-002,Bulk,6.55,290,806,2
2025-09-23,OP-003,Ambient Pick,8.02,388,851,2
2025-09-23,OP-004,Chilled Pick,7.47,424,869,0
2025-09-23,OP-005,Bulk,7.68,386,942,1
2025-09-23,OP-009,Ambient Pick,7.7,506,1110,3
2025-09-23,OP-010,Bulk,7.77,347,901,3
2025-09-23,OP-013,Bulk,7.16,309,998,0
2025-09-23,OP-014,Ambient Pick,7.8,475,1012,4
2025-09-23,OP-017,Ambient Pick,6.92,528,1789,1
2025-09-23,OP-019,Ambient Pick,6.69,459,757,0
2025-09-23,OP-020,Returns,6.55,219,599,4
2025-09-23,OP-021,Ambient Pick,8.12,591,1897,2
2025-09-23,OP-022,Bulk,8.56,302,701,1
2025-09-23,OP-023,Bulk,0.75,26,71,0
2025-09-23,OP-023,Ambient Pick,7.9,481,1112,2
2025-09-23,OP-026,Chilled Pick,6.95,454,1155,0
2025-09-23,OP-027,Ambient Pick,6.61,506,1430,1
2025-09-23,OP-028,Ambient Pick,7.24,512,1231,2
2025-09-23,OP-029,Bulk,6.63,254,442,0
2025-09-23,OP-032,Chilled Pick,8.18,600,1892,2
2025-09-23,OP-033,Chilled Pick,3.15,233,503,0
2025-09-23,OP-033,Bulk,3.87,174,387,1
2025-09-23,OP-034,Ambient Pick,7.8,563,1522,0
2025-09-23,OP-036,Ambient Pick,6.93,627,1908,2
2025-09-23,OP-037,Ambient Pick,1.09,86,280,0
2025-09-23,OP-037,Bulk,6.19,272,554,0
2025-09-23,OP-040,Ambient Pick,1.78,178,413,1
2025-09-23,OP-040,Returns,6.68,264,800,3
2025-09-23,OP-041,Bulk,8.76,280,653,1
2025-09-23,OP-042,Chilled Pick,6.59,399,1169,3
2025-09-23,OP-044,Bulk,6.83,190,371,1
2025-09-23,OP-046,Ambient Pick,6.5,441,1059,5
2025-09-23,OP-048,Bulk,6.8,286,619,2
2025-09-24,OP-001,Ambient Pick,4.98,390,1254,2
2025-09-24,OP-001,Bulk,2.75,114,372,1
2025-09-24,OP-002,Ambient Pick,8.11,599,1858,2
2025-09-24,OP-003,Returns,8.01,207,506,6
2025-09-24,OP-004,Ambient Pick,7.15,498,1079,0
2025-09-24,OP-007,Chilled Pick,4.88,312,552,1
2025-09-24,OP-007,Ambient Pick,3.42,294,922,3
2025-09-24,OP-009,Bulk,7.15,274,536,1
2025-09-24,OP-010,Returns,1.36,52,101,2
2025-09-24,OP-010,Ambient Pick,6.39,560,1218,1
2025-09-24,OP-012,Bulk,4.8,223,690,0
2025-09-24,OP-012,Ambient Pick,3.11,282,746,1
2025-09-24,OP-013,Bulk,4.47,204,410,0
2025-09-24,OP-013,Ambient Pick,3.17,248,513,0
2025-09-24,OP-014,Ambient Pick,7.4,484,877,2
2025-09-24,OP-019,Bulk,6.56,276,584,3
2025-09-24,OP-020,Ambient Pick,7.41,566,1349,1
2025-09-24,OP-021,Ambient Pick,7.38,591,1242,4
2025-09-24,OP-022,Ambient Pick,7.86,469,1017,3
2025-09-24,OP-025,Ambient Pick,8.13,691,1267,5
2025-09-24,OP-026,Ambient Pick,7.47,650,1159,1
2025-09-24,OP-027,Ambient Pick,6.12,460,852,3
2025-09-24,OP-027,Chilled Pick,1.25,67,137,0
2025-09-24,OP-028,Ambient Pick,5.38,442,1412,0
2025-09-24,OP-028,Chilled Pick,2.18,121,342,0
2025-09-24,OP-029,Bulk,8.06,339,944,0
2025-09-24,OP-031,Ambient Pick,8.19,471,1010,4
2025-09-24,OP-032,Ambient Pick,2.27,217,685,0
2025-09-24,OP-032,Bulk,6.0,344,608,3
2025-09-24,OP-034,Bulk,7.44,292,867,0
2025-09-24,OP-035,Ambient Pick,8.39,666,1134,4
2025-09-24,OP-036,Returns,1.57,64,213,0
2025-09-24,OP-036,Ambient Pick,5.22,522,1684,0
2025-09-24,OP-037,Ambient Pick,7.15,554,949,3
2025-09-24,OP-038,Ambient Pick,6.84,460,1498,9
2025-09-24,OP-040,Bulk,7.84,415,1343,3
2025-09-24,OP-041,Ambient Pick,8.39,432,1037,4
2025-09-24,OP-042,Ambient Pick,5.64,452,985,5
2025-09-24,OP-042,Bulk,1.34,55,107,1
2025-09-24,OP-044,Ambient Pick,8.04,429,942,4
2025-09-24,OP-046,Chilled Pick,6.78,376,1163,1
2025-09-24,OP-046,Returns,0.89,29,77,0
2025-09-24,OP-048,Chilled Pick,7.62,413,1297,3
2025-09-25,OP-001,Ambient Pick,2.61,221,731,1
2025-09-25,OP-001,Chilled Pick,5.79,353,1016,4
2025-09-25,OP-002,Ambient Pick,5.99,469,932,1
2025-09-25,OP-004,Bulk,6.86,306,960,0
2025-09-25,OP-005,Ambient Pick,7.39,618,1742,4
2025-09-25,OP-007,Ambient Pick,7.94,713,1673,3
2025-09-25,OP-009,Ambient Pick,4.87,318,917,1
2025-09-25,OP-009,Chilled Pick,3.89,172,465,0
2025-09-25,OP-012,Bulk,1.02,53,99,1
2025-09-25,OP-012,Chilled Pick,6.91,478,1078,2
2025-09-25,OP-013,Chilled Pick,7.36,465,877,1
2025-09-25,OP-014,Ambient Pick,7.72,516,1087,6
2025-09-25,OP-017,Ambient Pick,6.25,472,1565,1
2025-09-25,OP-019,Bulk,1.43,56,126,0
2025-09-25,OP-019,Ambient Pick,5.78,400,816,0
2025-09-25,OP-021,Ambient Pick,3.87,312,710,2
2025-09-25,OP-021,Chilled Pick,3.88,251,804,3
2025-09-25,OP-022,Chilled Pick,6.63,308,629,2
2025-09-25,OP-023,Ambient Pick,3.65,240,493,0
2025-09-25,OP-023,Chilled Pick,3.01,134,218,0
2025-09-25,OP-025,Ambient Pick,7.79,587,1982,3
2025-09-25,OP-026,Ambient Pick,6.33,593,1532,0
2025-09-25,OP-027,Bulk,9.03,430,868,1
2025-09-25,OP-029,Ambient Pick,6.49,404,908,3
2025-09-25,OP-029,Returns,1.47,54,130,0
2025-09-25,OP-031,Chilled Pick,7.88,433,1024,4
2025-09-25,OP-033,Bulk,7.5,349,1023,0
2025-09-25,OP-034,Chilled Pick,7.77,472,933,0
2025-09-25,OP-036,Ambient Pick,8.0,745,1355,1
2025-09-25,OP-037,Chilled Pick,7.91,539,890,3
2025-09-25,OP-040,Ambient Pick,7.47,753,1621,5
2025-09-25,OP-041,Bulk,4.58,137,370,0
2025-09-25,OP-041,Ambient Pick,2.16,125,411,1
2025-09-25,OP-042,Ambient Pick,7.81,646,1130,9
2025-09-25,OP-044,Bulk,6.02,182,612,1
2025-09-25,OP-046,Bulk,8.07,289,633,2
2025-09-25,OP-048,Ambient Pick,7.32,489,1170,3
2025-09-26,OP-001,Returns,5.81,184,396,1
2025-09-26,OP-001,Bulk,1.45,66,163,2
2025-09-26,OP-002,Bulk,7.9,382,676,0
2025-09-26,OP-003,Chilled Pick,4.89,205,389,6
2025-09-26,OP-003,Bulk,2.89,79,202,0
2025-09-26,OP-005,Chilled Pick,7.29,472,774,4
2025-09-26,OP-007,Bulk,7.53,374,1095,0
2025-09-26,OP-009,Chilled Pick,7.13,369,857,0
2025-09-26,OP-012,Ambient Pick,7.42,582,1698,3
2025-09-26,OP-013,Chilled Pick,7.87,414,1237,3
2025-09-26,OP-014,Ambient Pick,7.35,500,1099,5
2025-09-26,OP-017,Ambient Pick,7.55,581,1853,3
2025-09-26,OP-018,Chilled Pick,7.77,494,1166,1
2025-09-26,OP-020,Ambient Pick,1.15,87,237,0
2025-09-26,OP-020,Chilled Pick,5.5,324,720,2
2025-09-26,OP-021,Ambient Pick,9.24,736,1995,1
2025-09-26,OP-022,Bulk,8.41,306,722,1
2025-09-26,OP-026,Ambient Pick,6.76,585,1194,4
2025-09-26,OP-027,Bulk,7.89,314,885,5
2025-09-26,OP-028,Ambient Pick,7.26,547,1212,5
2025-09-26,OP-029,Ambient Pick,7.12,529,1036,2
2025-09-26,OP-031,Ambient Pick,8.0,484,1199,4
2025-09-26,OP-032,Ambient Pick,8.0,749,2086,2
2025-09-26,OP-033,Chilled Pick,7.59,521,1336,0
2025-09-26,OP-034,Chilled Pick,8.43,484,910,0
2025-09-26,OP-035,Ambient Pick,7.93,669,1436,6
2025-09-26,OP-036,Ambient Pick,7.56,736,1512,4
2025-09-26,OP-037,Returns,8.1,278,483,1
2025-09-26,OP-038,Returns,8.37,226,616,3
2025-09-26,OP-041,Ambient Pick,6.99,338,1049,2
2025-09-26,OP-042,Ambient Pick,2.88,230,728,1
2025-09-26,OP-042,Returns,4.73,179,381,3
2025-09-26,OP-044,Ambient Pick,7.3,321,880,1
2025-09-26,OP-046,Ambient Pick,8.01,516,1414,3
2025-09-27,OP-002,Chilled Pick,1.93,120,384,1
2025-09-27,OP-002,Bulk,5.1,226,654,1
2025-09-27,OP-003,Chilled Pick,5.3,202,531,5
2025-09-27,OP-003,Bulk,1.87,55,121,2
2025-09-27,OP-005,Chilled Pick,7.67,474,864,1
2025-09-27,OP-007,Ambient Pick,3.93,334,1058,0
2025-09-27,OP-007,Chilled Pick,3.11,219,650,0
2025-09-27,OP-009,Ambient Pick,8.18,514,1481,1
2025-09-27,OP-010,Ambient Pick,4.65,360,651,1
2025-09-27,OP-010,Bulk,2.57,122,281,0
2025-09-27,OP-012,Chilled Pick,7.41,480,1407,5
2025-09-27,OP-013,Ambient Pick,8.56,625,1388,2
2025-09-27,OP-014,Bulk,4.74,158,460,1
2025-09-27,OP-014,Returns,3.13,78,222,0
2025-09-27,OP-017,Ambient Pick,7.63,628,1319,3
2025-09-27,OP-018,Ambient Pick,5.1,388,831,1
2025-09-27,OP-018,Returns,1.92,67,134,0
2025-09-27,OP-019,Ambient Pick,7.82,562,1193,3
2025-09-27,OP-020,Bulk,1.98,88,148,0
2025-09-27,OP-020,Returns,6.06,226,418,2
2025-09-27,OP-021,Returns,7.76,325,563,4
2025-09-27,OP-022,Bulk,7.7,316,675,3
2025-09-27,OP-025,Bulk,6.54,312,837,1
2025-09-27,OP-026,Ambient Pick,2.73,229,672,0
2025-09-27,OP-026,Chilled Pick,4.37,313,551,3
2025-09-27,OP-027,Ambient Pick,3.0,227,735,0
2025-09-27,OP-027,Bulk,4.56,183,609,0
2025-09-27,OP-029,Ambient Pick,7.54,599,1923,4
2025-09-27,OP-031,Bulk,2.75,92,291,1
2025-09-27,OP-031,Returns,5.18,159,406,0
2025-09-27,OP-032,Chilled Pick,8.04,648,1705,3
2025-09-27,OP-033,Ambient Pick,6.8,576,1879,0
2025-09-27,OP-034,Bulk,8.1,313,521,1
2025-09-27,OP-035,Bulk,7.08,323,1016,3
2025-09-27,OP-037,Returns,9.5,338,1023,3
2025-09-27,OP-038,Ambient Pick,1.79,104,205,0
2025-09-27,OP-038,Chilled Pick,6.21,316,827,4
2025-09-27,OP-040,Ambient Pick,6.7,615,986,5
2025-09-27,OP-041,Bulk,6.87,209,387,2
2025-09-27,OP-042,Ambient Pick,1.48,98,276,1
2025-09-27,OP-042,Bulk,4.77,218,403,3
2025-09-27,OP-044,Ambient Pick,5.82,266,433,4
2025-09-27,OP-044,Bulk,1.64,50,130,0
2025-09-27,OP-046,Ambient Pick,7.62,543,1249,3
2025-09-29,OP-001,Ambient Pick,7.08,569,1000,6
2025-09-29,OP-002,Chilled Pick,6.71,490,1229,2
2025-09-29,OP-003,Ambient Pick,6.97,384,984,2
2025-09-29,OP-004,Ambient Pick,7.96,716,1303,1
2025-09-29,OP-005,Chilled Pick,7.49,533,1555,4
2025-09-29,OP-007,Ambient Pick,4.81,550,1175,8
2025-09-29,OP-007,Bulk,3.71,204,692,0
2025-09-29,OP-009,Ambient Pick,8.27,641,1563,3
2025-09-29,OP-010,Chilled Pick,5.57,442,1063,7
2025-09-29,OP-010,Bulk,3.24,161,413,0
2025-09-29,OP-012,Ambient Pick,8.15,837,1455,3
2025-09-29,OP-013,Bulk,7.01,356,959,0
2025-09-29,OP-014,Ambient Pick,7.32,621,1769,3
2025-09-29,OP-017,Ambient Pick,7.49,681,1975,1
2025-09-29,OP-018,Ambient Pick,1.34,131,378,0
2025-09-29,OP-018,Bulk,5.32,283,924,1
2025-09-29,OP-020,Ambient Pick,7.67,559,978,1
2025-09-29,OP-022,Bulk,7.3,350,879,0
2025-09-29,OP-023,Ambient Pick,7.72,517,1388,1
2025-09-29,OP-025,Ambient Pick,7.68,766,2002,3
2025-09-29,OP-026,Chilled Pick,6.57,553,1759,4
2025-09-29,OP-027,Bulk,7.37,357,996,2
2025-09-29,OP-028,Bulk,4.43,227,768,0
2025-09-29,OP-028,Ambient Pick,4.16,354,1062,1
2025-09-29,OP-029,Ambient Pick,7.49,681,1646,2
2025-09-29,OP-031,Ambient Pick,8.05,602,1343,5
2025-09-29,OP-032,Ambient Pick,7.92,908,2158,3
2025-09-29,OP-036,Ambient Pick,7.11,866,1653,7
2025-09-29,OP-037,Chilled Pick,7.73,503,981,2
2025-09-29,OP-038,Ambient Pick,7.91,595,1370,4
2025-09-29,OP-040,Bulk,8.25,486,997,2
2025-09-29,OP-041,Bulk,3.0,114,289,0
2025-09-29,OP-041,Chilled Pick,4.08,213,475,2
2025-09-29,OP-042,Ambient Pick,6.84,556,1639,3
2025-09-29,OP-042,Returns,1.0,41,105,1
2025-09-29,OP-046,Chilled Pick,7.8,489,843,1
2025-09-29,OP-048,Ambient Pick,6.96,587,1910,4
2025-09-30,OP-002,Returns,7.16,235,747,1
2025-09-30,OP-003,Ambient Pick,7.81,460,783,6
2025-09-30,OP-005,Bulk,9.0,440,1442,1
2025-09-30,OP-009,Ambient Pick,3.23,233,718,0
2025-09-30,OP-009,Returns,4.62,146,396,0
2025-09-30,OP-010,Chilled Pick,7.01,430,1402,1
2025-09-30,OP-013,Ambient Pick,7.44,489,1453,2
2025-09-30,OP-013,Bulk,1.61,68,216,0
2025-09-30,OP-014,Ambient Pick,2.71,184,620,2
2025-09-30,OP-014,Chilled Pick,4.83,219,685,0
2025-09-30,OP-017,Chilled Pick,7.47,463,1366,0
2025-09-30,OP-018,Ambient Pick,7.59,591,1934,1
2025-09-30,OP-019,Ambient Pick,6.49,431,832,0
2025-09-30,OP-020,Returns,8.32,282,516,0
2025-09-30,OP-022,Ambient Pick,7.82,518,907,1
2025-09-30,OP-023,Ambient Pick,7.39,429,1321,2
2025-09-30,OP-025,Ambient Pick,5.94,516,1119,1
2025-09-30,OP-025,Returns,2.26,79,247,0
2025-09-30,OP-026,Returns,7.51,318,1011,0
2025-09-30,OP-027,Ambient Pick,5.45,373,808,0
2025-09-30,OP-027,Chilled Pick,1.88,108,226,0
2025-09-30,OP-028,Ambient Pick,8.34,689,1514,3
2025-09-30,OP-029,Ambient Pick,5.84,495,1330,2
2025-09-30,OP-029,Returns,1.27,40,66,0
2025-09-30,OP-031,Chilled Pick,7.0,407,1096,7
2025-09-30,OP-032,Chilled Pick,7.13,432,1174,1
2025-09-30,OP-033,Chilled Pick,8.03,594,1065,9
2025-09-30,OP-034,Ambient Pick,2.36,180,341,1
2025-09-30,OP-034,Bulk,5.92,268,854,0
2025-09-30,OP-035,Ambient Pick,6.38,416,1103,9
2025-09-30,OP-036,Bulk,8.4,459,1465,3
2025-09-30,OP-037,Ambient Pick,7.38,572,1408,4
2025-09-30,OP-038,Ambient Pick,6.14,334,797,4
2025-09-30,OP-040,Ambient Pick,7.15,756,1540,4
2025-09-30,OP-041,Ambient Pick,8.23,478,827,3
2025-09-30,OP-042,Ambient Pick,8.52,691,1754,5
2025-09-30,OP-046,Chilled Pick,0.86,44,77,1
2025-09-30,OP-046,Ambient Pick,6.19,454,747,2
2025-09-30,OP-048,Returns,8.54,301,582,7
2025-10-01,OP-001,Chilled Pick,8.06,507,1122,2
2025-10-01,OP-002,Bulk,8.13,323,1062,1
2025-10-01,OP-004,Chilled Pick,7.11,438,943,0
2025-10-01,OP-005,Ambient Pick,6.88,569,1565,1
2025-10-01,OP-007,Ambient Pick,7.09,611,1823,1
2025-10-01,OP-009,Ambient Pick,7.16,457,1461,0
2025-10-01,OP-010,Bulk,7.72,382,1083,2
2025-10-01,OP-012,Bulk,7.88,359,934,0
2025-10-01,OP-013,Returns,8.85,266,561,1
2025-10-01,OP-014,Ambient Pick,7.7,493,1250,0
2025-10-01,OP-017,Ambient Pick,1.07,75,123,2
2025-10-01,OP-017,Bulk,6.51,282,741,0
2025-10-01,OP-018,Ambient Pick,3.87,299,989,0
2025-10-01,OP-018,Bulk,3.13,142,460,0
2025-10-01,OP-021,Returns,0.67,24,60,0
2025-10-01,OP-021,Chilled Pick,6.81,437,1021,0
2025-10-01,OP-022,Chilled Pick,9.19,459,1257,2
2025-10-01,OP-023,Ambient Pick,8.2,509,893,3
2025-10-01,OP-024,Ambient Pick,8.27,359,849,7
2025-10-01,OP-026,Ambient Pick,6.94,621,1503,0
2025-10-01,OP-027,Ambient Pick,8.22,579,1350,1
2025-10-01,OP-028,Chilled Pick,6.64,384,801,1
2025-10-01,OP-028,Ambient Pick,0.75,59,129,0
2025-10-01,OP-029,Ambient Pick,8.02,590,1722,1
2025-10-01,OP-031,Chilled Pick,7.31,423,1390,2
2025-10-01,OP-032,Ambient Pick,8.62,800,2480,2
2025-10-01,OP-033,Chilled Pick,1.27,83,273,0
2025-10-01,OP-033,Ambient Pick,6.26,554,1628,1
2025-10-01,OP-034,Ambient Pick,3.77,296,593,2
2025-10-01,OP-034,Bulk,3.29,140,269,0
2025-10-01,OP-035,Ambient Pick,7.1,575,1107,5
2025-10-01,OP-036,Bulk,7.7,434,871,0
2025-10-01,OP-037,Bulk,9.13,431,1211,3
2025-10-01,OP-038,Bulk,6.72,245,465,0
2025-10-01,OP-040,Returns,7.78,322,955,3
2025-10-01,OP-041,Ambient Pick,6.52,335,616,0
2025-10-01,OP-042,Returns,7.94,281,727,3
2025-10-01,OP-044,Bulk,1.14,38,61,0
2025-10-01,OP-044,Returns,5.9,143,411,1
2025-10-01,OP-046,Ambient Pick,8.62,506,922,5
2025-10-01,OP-048,Chilled Pick,7.94,416,742,5
2025-10-02,OP-001,Ambient Pick,2.11,177,326,1
2025-10-02,OP-001,Chilled Pick,5.95,378,633,1
2025-10-02,OP-002,Ambient Pick,7.94,658,1063,5
2025-10-02,OP-003,Chilled Pick,7.19,341,592,5
2025-10-02,OP-004,Bulk,8.1,335,1133,0
2025-10-02,OP-005,Chilled Pick,8.81,460,1085,3
2025-10-02,OP-007,Chilled Pick,8.01,524,862,5
2025-10-02,OP-009,Chilled Pick,7.45,376,796,2
2025-10-02,OP-010,Chilled Pick,7.43,479,1382,0
2025-10-02,OP-012,Bulk,7.16,357,1204,1
2025-10-02,OP-013,Bulk,7.82,310,517,1
2025-10-02,OP-017,Ambient Pick,7.62,630,1894,0
2025-10-02,OP-019,Ambient Pick,7.9,529,1368,0
2025-10-02,OP-020,Ambient Pick,7.86,596,1044,2
2025-10-02,OP-021,Bulk,6.11,321,920,1
2025-10-02,OP-021,Ambient Pick,0.55,49,164,0
2025-10-02,OP-022,Ambient Pick,8.44,453,840,2
2025-10-02,OP-023,Ambient Pick,8.02,505,1087,1
2025-10-02,OP-024,Ambient Pick,2.25,83,253,1
2025-10-02,OP-024,Chilled Pick,5.29,142,335,4
2025-10-02,OP-026,Bulk,8.06,355,830,0
2025-10-02,OP-029,Bulk,6.72,265,780,0
2025-10-02,OP-031,Bulk,7.09,272,678,1
2025-10-02,OP-032,Ambient Pick,8.12,709,1263,3
2025-10-02,OP-034,Bulk,7.31,315,643,1
2025-10-02,OP-035,Bulk,8.28,352,845,0
2025-10-02,OP-036,Ambient Pick,7.44,679,1848,7
2025-10-02,OP-038,Ambient Pick,7.6,506,1578,8
2025-10-02,OP-040,Chilled Pick,4.24,334,578,1
2025-10-02,OP-040,Ambient Pick,1.97,197,356,5
2025-10-02,OP-041,Ambient Pick,8.44,520,1114,2
2025-10-02,OP-042,Chilled Pick,6.5,406,900,3
2025-10-02,OP-044,Chilled Pick,7.43,307,987,0
2025-10-02,OP-046,Returns,2.46,76,206,0
2025-10-02,OP-046,Bulk,4.68,173,343,1
2025-10-03,OP-001,Ambient Pick,6.88,492,1451,0
2025-10-03,OP-002,Ambient Pick,6.66,490,997,1
2025-10-03,OP-003,Chilled Pick,7.12,284,691,1
2025-10-03,OP-004,Bulk,3.86,153,329,0
2025-10-03,OP-004,Chilled Pick,4.98,316,1014,0
2025-10-03,OP-005,Bulk,4.91,213,618,0
2025-10-03,OP-005,Chilled Pick,3.28,198,496,1
2025-10-03,OP-007,Ambient Pick,8.34,721,1745,5
2025-10-03,OP-009,Ambient Pick,1.87,123,200,0
2025-10-03,OP-009,Chilled Pick,5.54,286,464,4
2025-10-03,OP-010,Chilled Pick,7.21,501,1660,3
2025-10-03,OP-012,Ambient Pick,6.84,623,1482,1
2025-10-03,OP-013,Ambient Pick,6.92,613,1263,2
2025-10-03,OP-014,Bulk,5.84,223,402,0
2025-10-03,OP-014,Ambient Pick,1.8,112,261,0
2025-10-03,OP-017,Ambient Pick,4.49,418,736,6
2025-10-03,OP-017,Chilled Pick,2.73,179,565,0
2025-10-03,OP-018,Bulk,6.03,268,648,1
2025-10-03,OP-018,Chilled Pick,1.43,90,270,1
2025-10-03,OP-019,Chilled Pick,8.02,468,822,0
2025-10-03,OP-020,Bulk,6.26,242,749,1
2025-10-03,OP-020,Ambient Pick,2.54,209,450,1
2025-10-03,OP-021,Chilled Pick,6.99,484,955,5
2025-10-03,OP-022,Ambient Pick,7.86,528,1200,1
2025-10-03,OP-024,Chilled Pick,7.47,227,618,4
2025-10-03,OP-025,Ambient Pick,5.9,471,1034,0
2025-10-03,OP-025,Bulk,1.24,55,164,0
2025-10-03,OP-026,Returns,6.71,258,789,1
2025-10-03,OP-028,Ambient Pick,7.77,624,1849,1
2025-10-03,OP-029,Chilled Pick,6.26,371,1080,2
2025-10-03,OP-029,Ambient Pick,1.94,144,470,1
2025-10-03,OP-031,Ambient Pick,1.14,80,199,0
2025-10-03,OP-031,Chilled Pick,7.37,434,983,3
2025-10-03,OP-032,Ambient Pick,6.6,636,1623,3
2025-10-03,OP-034,Ambient Pick,7.99,658,1850,4
2025-10-03,OP-035,Ambient Pick,2.32,150,382,1
2025-10-03,OP-035,Chilled Pick,5.22,305,561,0
2025-10-03,OP-037,Ambient Pick,8.03,666,1928,4
2025-10-03,OP-038,Chilled Pick,8.08,382,1111,2
2025-10-03,OP-040,Ambient Pick,6.79,673,1301,2
2025-10-03,OP-041,Ambient Pick,7.38,435,1295,1
2025-10-03,OP-042,Ambient Pick,7.39,592,1149,4
2025-10-03,OP-044,Ambient Pick,1.49,79,182,1
2025-10-03,OP-044,Chilled Pick,5.85,235,419,0
2025-10-03,OP-046,Chilled Pick,1.76,95,282,0
2025-10-03,OP-046,Bulk,5.51,207,593,4
2025-10-04,OP-001,Ambient Pick,8.23,666,1300,3
2025-10-04,OP-002,Bulk,7.62,330,920,1
2025-10-04,OP-003,Ambient Pick,3.28,173,309,1
2025-10-04,OP-003,Bulk,3.26,115,232,1
2025-10-04,OP-004,Chilled Pick,1.82,106,278,2
2025-10-04,OP-004,Bulk,5.59,237,599,0
2025-10-04,OP-005,Ambient Pick,4.85,401,1052,4
2025-10-04,OP-005,Bulk,2.07,101,212,0
2025-10-04,OP-009,Ambient Pick,6.57,428,1030,2
2025-10-04,OP-010,Ambient Pick,7.32,601,1788,1
2025-10-04,OP-013,Bulk,7.16,321,831,0
2025-10-04,OP-017,Ambient Pick,1.99,153,481,0
2025-10-04,OP-017,Returns,5.05,165,462,1
2025-10-04,OP-018,Bulk,8.28,397,694,0
2025-10-04,OP-019,Chilled Pick,8.24,499,1512,1
2025-10-04,OP-020,Chilled Pick,7.76,471,848,1
2025-10-04,OP-021,Chilled Pick,7.28,482,1035,1
2025-10-04,OP-022,Ambient Pick,7.31,448,1076,2
2025-10-04,OP-023,Returns,7.79,208,430,1
2025-10-04,OP-024,Ambient Pick,7.44,297,769,3
2025-10-04,OP-025,Bulk,5.84,276,900,0
2025-10-04,OP-025,Chilled Pick,0.73,39,106,0
2025-10-04,OP-026,Ambient Pick,7.1,562,1283,3
2025-10-04,OP-027,Chilled Pick,7.52,396,1065,3
2025-10-04,OP-028,Chilled Pick,8.1,421,1216,3
2025-10-04,OP-031,Ambient Pick,7.01,497,864,0
2025-10-04,OP-033,Ambient Pick,2.52,198,383,1
2025-10-04,OP-033,Bulk,4.8,228,772,0
2025-10-04,OP-034,Bulk,7.52,339,863,1
2025-10-04,OP-035,Bulk,8.27,326,1019,4
2025-10-04,OP-036,Ambient Pick,6.71,531,1146,0
2025-10-04,OP-037,Ambient Pick,7.59,553,1111,1
2025-10-04,OP-038,Chilled Pick,8.31,449,961,3
2025-10-04,OP-040,Chilled Pick,7.51,571,1859,11
2025-10-04,OP-041,Bulk,7.42,252,753,4
2025-10-04,OP-042,Ambient Pick,5.68,446,1151,1
2025-10-04,OP-042,Chilled Pick,1.59,96,290,0
2025-10-04,OP-044,Bulk,5.94,157,528,0
2025-10-04,OP-044,Ambient Pick,1.66,98,226,1
2025-10-04,OP-046,Chilled Pick,4.62,263,748,4
2025-10-04,OP-046,Ambient Pick,2.46,176,595,1
2025-10-04,OP-048,Ambient Pick,1.07,75,122,0
2025-10-04,OP-048,Bulk,7.02,290,488,7
2025-10-06,OP-001,Ambient Pick,7.07,724,2326,13
2025-10-06,OP-002,Ambient Pick,8.54,846,2341,1
2025-10-06,OP-003,Chilled Pick,7.42,410,1082,6
2025-10-06,OP-005,Ambient Pick,6.85,777,1329,10
2025-10-06,OP-007,Ambient Pick,3.91,430,1071,5
2025-10-06,OP-007,Bulk,2.63,162,346,1
2025-10-06,OP-009,Ambient Pick,8.28,658,1296,3
2025-10-06,OP-010,Ambient Pick,7.44,718,1608,0
2025-10-06,OP-012,Ambient Pick,7.35,799,2574,10
2025-10-06,OP-014,Ambient Pick,7.11,595,1348,6
2025-10-06,OP-017,Returns,7.77,329,855,1
2025-10-06,OP-018,Chilled Pick,7.73,609,2057,0
2025-10-06,OP-019,Bulk,9.42,422,1076,0
2025-10-06,OP-020,Ambient Pick,7.28,634,1970,6
2025-10-06,OP-021,Ambient Pick,7.57,705,1694,3
2025-10-06,OP-022,Chilled Pick,7.26,412,779,2
2025-10-06,OP-023,Ambient Pick,8.01,577,1485,6
2025-10-06,OP-024,Bulk,8.25,214,597,0
2025-10-06,OP-025,Chilled Pick,7.82,587,1365,2
2025-10-06,OP-026,Ambient Pick,7.49,800,2670,2
2025-10-06,OP-027,Ambient Pick,4.54,408,1120,1
2025-10-06,OP-027,Returns,3.6,137,247,1
2025-10-06,OP-028,Ambient Pick,7.06,670,2079,3
2025-10-06,OP-029,Chilled Pick,7.06,480,1348,4
2025-10-06,OP-032,Ambient Pick,7.39,787,1866,3
2025-10-06,OP-033,Ambient Pick,1.03,98,184,1
2025-10-06,OP-033,Returns,7.04,340,674,4
2025-10-06,OP-034,Ambient Pick,7.65,660,1615,4
2025-10-06,OP-035,Ambient Pick,8.31,799,1642,10
2025-10-06,OP-037,Bulk,7.54,380,1135,2
2025-10-06,OP-038,Bulk,7.6,336,814,6
2025-10-06,OP-040,Ambient Pick,6.58,738,1294,8
2025-10-06,OP-041,Ambient Pick,1.24,76,164,0
2025-10-06,OP-041,Chilled Pick,5.27,320,612,2
2025-10-06,OP-042,Ambient Pick,7.97,741,1963,7
2025-10-06,OP-044,Ambient Pick,6.33,354,684,5
2025-10-06,OP-044,Bulk,1.67,49,152,0
2025-10-06,OP-046,Chilled Pick,7.36,505,1131,8
2025-10-06,OP-048,Ambient Pick,7.54,575,1937,1
2025-10-07,OP-001,Ambient Pick,8.19,696,2100,3
2025-10-07,OP-002,Ambient Pick,5.55,372,760,1
2025-10-07,OP-002,Chilled Pick,2.28,140,356,2
2025-10-07,OP-003,Chilled Pick,9.39,488,1281,4
2025-10-07,OP-004,Chilled Pick,7.19,452,1297,3
2025-10-07,OP-005,Ambient Pick,7.71,644,1835,5
2025-10-07,OP-007,Ambient Pick,1.2,99,306,1
2025-10-07,OP-007,Returns,6.42,248,771,2
2025-10-07,OP-009,Chilled Pick,0.87,40,111,0
2025-10-07,OP-009,Ambient Pick,6.54,467,1452,0
2025-10-07,OP-010,Bulk,7.57,317,809,0
2025-10-07,OP-012,Ambient Pick,6.7,598,1335,2
2025-10-07,OP-013,Chilled Pick,6.91,422,729,5
2025-10-07,OP-014,Returns,5.22,160,465,2
2025-10-07,OP-014,Ambient Pick,2.31,152,423,0
2025-10-07,OP-017,Ambient Pick,7.47,530,1136,5
2025-10-07,OP-017,Bulk,1.04,39,86,0
2025-10-07,OP-018,Bulk,6.59,293,863,0
2025-10-07,OP-019,Chilled Pick,1.61,98,190,0
2025-10-07,OP-019,Ambient Pick,6.29,492,1092,2
2025-10-07,OP-020,Chilled Pick,7.65,447,728,3
2025-10-07,OP-021,Ambient Pick,6.57,637,1279,3
2025-10-07,OP-022,Returns,8.07,241,577,1
2025-10-07,OP-024,Chilled Pick,7.28,230,606,4
2025-10-07,OP-025,Chilled Pick,8.15,545,1706,5
2025-10-07,OP-026,Bulk,2.49,120,258,0
2025-10-07,OP-026,Ambient Pick,4.2,370,1019,1
2025-10-07,OP-028,Ambient Pick,7.46,568,1569,5
2025-10-07,OP-029,Returns,1.43,43,99,1
2025-10-07,OP-029,Chilled Pick,4.92,287,862,0
2025-10-07,OP-031,Chilled Pick,7.75,453,917,3
2025-10-07,OP-032,Chilled Pick,5.44,340,788,2
2025-10-07,OP-032,Ambient Pick,1.73,173,302,1
2025-10-07,OP-033,Bulk,7.72,402,1217,2
2025-10-07,OP-034,Bulk,8.17,305,864,1
2025-10-07,OP-035,Bulk,7.58,356,1207,2
2025-10-07,OP-036,Ambient Pick,7.87,676,2243,0
2025-10-07,OP-037,Ambient Pick,3.97,254,813,0
2025-10-07,OP-037,Chilled Pick,2.79,161,289,0
2025-10-07,OP-038,Ambient Pick,7.68,480,1455,4
2025-10-07,OP-040,Ambient Pick,6.8,660,1501,5
2025-10-07,OP-041,Ambient Pick,7.2,413,1238,1
2025-10-07,OP-042,Returns,8.28,239,682,3
2025-10-07,OP-046,Bulk,7.1,269,894,1
2025-10-07,OP-048,Returns,6.7,224,360,1
2025-10-08,OP-001,Chilled Pick,7.26,518,1245,1
2025-10-08,OP-002,Ambient Pick,3.78,280,756,0
2025-10-08,OP-002,Chilled Pick,2.86,184,486,0
2025-10-08,OP-003,Chilled Pick,8.34,372,854,2
2025-10-08,OP-004,Chilled Pick,8.19,486,1062,3
2025-10-08,OP-005,Chilled Pick,7.47,456,1164,5
2025-10-08,OP-007,Ambient Pick,7.51,609,1591,2
2025-10-08,OP-009,Ambient Pick,0.84,61,106,0
2025-10-08,OP-009,Chilled Pick,6.77,332,590,0
2025-10-08,OP-010,Ambient Pick,6.6,519,979,4
2025-10-08,OP-012,Returns,7.75,321,574,2
2025-10-08,OP-013,Ambient Pick,7.19,564,1122,1
2025-10-08,OP-014,Chilled Pick,6.92,387,725,2
2025-10-08,OP-017,Ambient Pick,7.41,484,1566,3
2025-10-08,OP-018,Ambient Pick,7.39,657,1690,2
2025-10-08,OP-019,Bulk,7.9,322,630,0
2025-10-08,OP-020,Chilled Pick,1.71,108,365,0
2025-10-08,OP-020,Ambient Pick,6.84,472,1027,3
2025-10-08,OP-021,Chilled Pick,7.24,516,1251,0
2025-10-08,OP-022,Ambient Pick,7.1,427,721,2
2025-10-08,OP-023,Bulk,7.9,290,972,0
2025-10-08,OP-024,Ambient Pick,7.6,291,646,2
2025-10-08,OP-025,Ambient Pick,7.15,604,1426,4
2025-10-08,OP-026,Ambient Pick,8.26,718,2123,0
2025-10-08,OP-027,Bulk,6.35,265,799,1
2025-10-08,OP-029,Ambient Pick,7.48,530,1756,0
2025-10-08,OP-031,Chilled Pick,6.53,377,1050,3
2025-10-08,OP-031,Ambient Pick,1.7,120,295,0
2025-10-08,OP-032,Chilled Pick,7.36,539,1259,2
2025-10-08,OP-033,Bulk,7.58,374,936,0
2025-10-08,OP-034,Ambient Pick,9.12,752,2509,2
2025-10-08,OP-035,Ambient Pick,5.96,413,1075,2
2025-10-08,OP-035,Returns,1.0,36,104,0
2025-10-08,OP-036,Chilled Pick,3.5,263,587,2
2025-10-08,OP-036,Bulk,3.8,197,622,0
2025-10-08,OP-038,Ambient Pick,7.52,483,976,5
2025-10-08,OP-040,Ambient Pick,7.12,717,1758,7
2025-10-08,OP-041,Ambient Pick,6.46,401,985,2
2025-10-08,OP-042,Ambient Pick,7.37,629,1820,4
2025-10-08,OP-044,Ambient Pick,6.93,331,649,2
2025-10-08,OP-044,Bulk,0.76,23,55,0
2025-10-08,OP-046,Chilled Pick,7.45,358,1178,4
2025-10-08,OP-048,Bulk,3.07,112,219,1
2025-10-08,OP-048,Chilled Pick,5.41,295,886,4
2025-10-09,OP-002,Ambient Pick,7.72,554,895,1
2025-10-09,OP-003,Bulk,7.59,258,725,2
2025-10-09,OP-004,Ambient Pick,7.7,643,1492,1
2025-10-09,OP-007,Ambient Pick,7.94,744,1727,6
2025-10-09,OP-009,Chilled Pick,8.93,539,1658,2
2025-10-09,OP-012,Bulk,8.73,455,1536,3
2025-10-09,OP-013,Ambient Pick,7.51,652,1361,3
2025-10-09,OP-014,Chilled Pick,5.98,307,948,2
2025-10-09,OP-017,Ambient Pick,6.45,550,895,3
2025-10-09,OP-019,Bulk,7.28,284,827,0
2025-10-09,OP-020,Ambient Pick,3.52,287,688,1
2025-10-09,OP-020,Returns,4.66,149,328,1
2025-10-09,OP-021,Chilled Pick,6.49,388,1157,0
2025-10-09,OP-022,Returns,7.64,202,390,1
2025-10-09,OP-023,Chilled Pick,2.34,119,228,1
2025-10-09,OP-023,Returns,5.11,164,374,0
2025-10-09,OP-024,Chilled Pick,7.0,244,443,3
2025-10-09,OP-025,Ambient Pick,7.52,675,1601,3
2025-10-09,OP-027,Bulk,7.9,300,621,1
2025-10-09,OP-029,Bulk,6.86,289,850,1
2025-10-09,OP-031,Ambient Pick,7.34,497,1684,0
2025-10-09,OP-031,Chilled Pick,0.55,29,64,0
2025-10-09,OP-032,Ambient Pick,5.8,559,1575,4
2025-10-09,OP-032,Chilled Pick,1.73,131,212,0
2025-10-09,OP-033,Bulk,7.01,324,901,0
2025-10-09,OP-034,Returns,6.74,240,780,3
2025-10-09,OP-035,Ambient Pick,8.11,577,1261,3
2025-10-09,OP-036,Bulk,6.55,348,771,0
2025-10-09,OP-037,Chilled Pick,1.44,87,233,0
2025-10-09,OP-037,Returns,7.38,254,662,1
2025-10-09,OP-038,Chilled Pick,8.43,461,1024,5
2025-10-09,OP-040,Ambient Pick,7.02,667,1929,3
2025-10-09,OP-041,Ambient Pick,7.49,474,1232,1
2025-10-09,OP-042,Ambient Pick,8.01,674,1326,3
2025-10-09,OP-044,Returns,7.56,180,456,1
2025-10-09,OP-046,Bulk,7.38,299,625,1
2025-10-09,OP-048,Bulk,4.24,176,518,0
2025-10-09,OP-048,Ambient Pick,3.48,239,765,2
2025-10-10,OP-003,Chilled Pick,5.51,253,747,1
2025-10-10,OP-003,Ambient Pick,2.79,148,461,0
2025-10-10,OP-004,Ambient Pick,8.17,685,1590,2
2025-10-10,OP-005,Ambient Pick,7.45,704,1295,5
2025-10-10,OP-007,Chilled Pick,6.59,480,1227,0
2025-10-10,OP-009,Ambient Pick,6.94,423,925,2
2025-10-10,OP-009,Chilled Pick,0.65,32,92,0
2025-10-10,OP-010,Chilled Pick,6.6,390,769,2
2025-10-10,OP-013,Bulk,1.52,65,141,1
2025-10-10,OP-013,Chilled Pick,5.74,314,1001,0
2025-10-10,OP-017,Ambient Pick,7.15,541,1164,1
2025-10-10,OP-018,Ambient Pick,7.37,538,1349,3
2025-10-10,OP-019,Ambient Pick,7.84,612,1123,5
2025-10-10,OP-020,Ambient Pick,7.73,635,1175,3
2025-10-10,OP-021,Chilled Pick,1.75,119,240,2
2025-10-10,OP-021,Bulk,5.55,280,727,1
2025-10-10,OP-022,Ambient Pick,8.51,554,1517,2
2025-10-10,OP-023,Ambient Pick,7.25,513,1738,1
2025-10-10,OP-024,Bulk,7.39,176,347,0
2025-10-10,OP-025,Bulk,6.65,339,602,0
2025-10-10,OP-026,Returns,7.58,262,636,0
2025-10-10,OP-027,Bulk,7.45,305,1031,0
2025-10-10,OP-028,Chilled Pick,4.3,276,780,0
2025-10-10,OP-028,Ambient Pick,3.24,234,763,1
2025-10-10,OP-029,Ambient Pick,7.45,558,1473,3
2025-10-10,OP-031,Ambient Pick,7.78,553,1160,1
2025-10-10,OP-031,Bulk,0.53,20,51,0
2025-10-10,OP-032,Bulk,1.91,103,168,0
2025-10-10,OP-032,Chilled Pick,5.74,433,946,0
2025-10-10,OP-033,Chilled Pick,4.19,276,895,0
2025-10-10,OP-033,Ambient Pick,3.23,287,590,1
2025-10-10,OP-034,Chilled Pick,7.67,412,793,1
2025-10-10,OP-035,Ambient Pick,7.12,550,1246,2
2025-10-10,OP-036,Bulk,7.45,396,992,1
2025-10-10,OP-037,Ambient Pick,7.37,469,782,3
2025-10-10,OP-038,Ambient Pick,1.15,67,187,2
2025-10-10,OP-038,Chilled Pick,6.97,288,632,2
2025-10-10,OP-040,Ambient Pick,4.81,445,1003,2
2025-10-10,OP-040,Chilled Pick,2.07,155,308,1
2025-10-10,OP-041,Bulk,7.54,280,906,0
2025-10-10,OP-042,Ambient Pick,5.9,419,1386,2
2025-10-10,OP-044,Bulk,6.87,203,645,1
2025-10-10,OP-046,Bulk,3.44,131,293,0
2025-10-10,OP-046,Chilled Pick,3.42,185,452,2
2025-10-10,OP-048,Ambient Pick,8.36,595,1877,5
2025-10-11,OP-001,Ambient Pick,7.67,600,985,2
2025-10-11,OP-002,Ambient Pick,8.55,654,2054,1
2025-10-11,OP-003,Ambient Pick,7.64,371,732,6
2025-10-11,OP-004,Bulk,7.07,295,663,1
2025-10-11,OP-005,Bulk,7.28,307,787,1
2025-10-11,OP-007,Ambient Pick,6.74,486,896,3
2025-10-11,OP-009,Ambient Pick,2.99,187,600,0
2025-10-11,OP-009,Returns,6.06,166,512,0
2025-10-11,OP-010,Chilled Pick,7.84,458,1406,2
2025-10-11,OP-012,Chilled Pick,7.78,590,1270,1
2025-10-11,OP-013,Ambient Pick,8.01,628,1399,3
2025-10-11,OP-014,Bulk,5.21,201,402,0
2025-10-11,OP-014,Ambient Pick,2.11,141,341,0
2025-10-11,OP-017,Ambient Pick,0.62,49,164,0
2025-10-11,OP-017,Returns,6.12,204,369,1
2025-10-11,OP-018,Returns,8.51,329,1010,1
2025-10-11,OP-019,Ambient Pick,7.09,505,1125,1
2025-10-11,OP-020,Ambient Pick,7.24,531,1647,6
2025-10-11,OP-022,Ambient Pick,7.2,449,1248,3
2025-10-11,OP-023,Returns,7.18,210,703,0
2025-10-11,OP-024,Bulk,9.21,209,602,4
2025-10-11,OP-025,Ambient Pick,4.83,403,917,4
2025-10-11,OP-025,Bulk,3.68,153,263,0
2025-10-11,OP-026,Bulk,7.33,359,901,0
2025-10-11,OP-027,Ambient Pick,8.34,628,1733,0
2025-10-11,OP-028,Bulk,4.34,183,461,2
2025-10-11,OP-028,Chilled Pick,3.92,264,698,2
2025-10-11,OP-029,Ambient Pick,5.45,434,1381,1
2025-10-11,OP-029,Bulk,1.45,58,161,0
2025-10-11,OP-031,Ambient Pick,4.12,322,804,1
2025-10-11,OP-031,Bulk,3.18,108,309,0
2025-10-11,OP-032,Bulk,6.08,292,565,2
2025-10-11,OP-032,Ambient Pick,1.58,152,346,1
2025-10-11,OP-033,Bulk,7.19,308,946,0
2025-10-11,OP-034,Ambient Pick,7.41,622,1733,3
2025-10-11,OP-035,Ambient Pick,7.88,614,1568,8
2025-10-11,OP-036,Ambient Pick,7.93,795,2237,2
2025-10-11,OP-037,Ambient Pick,8.03,637,2106,4
2025-10-11,OP-038,Bulk,6.86,185,592,3
2025-10-11,OP-041,Ambient Pick,6.75,409,1114,2
2025-10-11,OP-042,Ambient Pick,1.59,106,307,0
2025-10-11,OP-042,Returns,7.17,269,653,2
2025-10-11,OP-044,Ambient Pick,6.53,352,1137,0
2025-10-11,OP-044,Bulk,1.08,29,84,0
2025-10-11,OP-046,Chilled Pick,6.68,355,681,3
2025-10-11,OP-048,Chilled Pick,6.6,378,998,3
2025-10-11,OP-048,Ambient Pick,1.12,87,289,0
2025-10-13,OP-001,Bulk,7.07,433,866,2
2025-10-13,OP-003,Returns,7.51,242,719,1
2025-10-13,OP-004,Bulk,8.32,390,756,0
2025-10-13,OP-005,Returns,7.55,323,554,2
2025-10-13,OP-009,Bulk,7.3,294,839,2
2025-10-13,OP-010,Ambient Pick,7.02,605,1325,6
2025-10-13,OP-012,Chilled Pick,7.65,550,1062,4
2025-10-13,OP-013,Bulk,7.29,369,1123,2
2025-10-13,OP-014,Bulk,1.27,63,208,0
2025-10-13,OP-014,Ambient Pick,7.6,706,2372,3
2025-10-13,OP-017,Bulk,8.28,460,1392,4
2025-10-13,OP-018,Ambient Pick,8.6,784,2556,1
2025-10-13,OP-019,Bulk,6.96,307,735,0
2025-10-13,OP-020,Ambient Pick,7.1,624,1150,4
2025-10-13,OP-021,Chilled Pick,8.15,653,1744,3
2025-10-13,OP-022,Ambient Pick,4.18,300,582,1
2025-10-13,OP-022,Bulk,4.05,180,312,1
2025-10-13,OP-023,Returns,5.93,221,576,4
2025-10-13,OP-023,Chilled Pick,2.0,132,281,1
2025-10-13,OP-024,Chilled Pick,1.76,67,167,2
2025-10-13,OP-024,Ambient Pick,6.55,340,549,7
2025-10-13,OP-025,Returns,7.66,320,992,2
2025-10-13,OP-026,Chilled Pick,7.3,606,1586,2
2025-10-13,OP-027,Chilled Pick,8.16,554,1217,1
2025-10-13,OP-028,Ambient Pick,1.21,100,200,0
2025-10-13,OP-028,Chilled Pick,6.37,409,735,4
2025-10-13,OP-029,Ambient Pick,7.73,631,1022,4
2025-10-13,OP-031,Chilled Pick,7.47,569,1660,4
2025-10-13,OP-032,Ambient Pick,8.19,897,2578,2
2025-10-13,OP-034,Ambient Pick,2.68,247,588,1
2025-10-13,OP-034,Returns,5.42,239,449,2
2025-10-13,OP-036,Bulk,7.91,445,830,1
2025-10-13,OP-037,Ambient Pick,6.71,577,1256,7
2025-10-13,OP-038,Ambient Pick,1.09,77,172,1
2025-10-13,OP-038,Bulk,6.0,227,371,2
2025-10-13,OP-040,Bulk,7.05,389,1007,1
2025-10-13,OP-041,Ambient Pick,7.15,474,925,1
2025-10-13,OP-042,Bulk,7.64,434,1157,1
2025-10-13,OP-044,Ambient Pick,7.22,446,835,1
2025-10-13,OP-046,Returns,7.88,287,883,2
2025-10-13,OP-048,Ambient Pick,4.35,337,870,5
2025-10-13,OP-048,Bulk,2.62,120,329,3
2025-10-14,OP-001,Ambient Pick,7.49,622,1998,0
2025-10-14,OP-002,Ambient Pick,8.34,625,1438,1
2025-10-14,OP-003,Bulk,6.48,210,431,3
2025-10-14,OP-004,Chilled Pick,3.89,216,513,1
2025-10-14,OP-004,Returns,3.68,135,218,0
2025-10-14,OP-005,Chilled Pick,7.51,545,1418,2
2025-10-14,OP-007,Chilled Pick,6.76,464,1412,1
2025-10-14,OP-009,Bulk,7.45,286,830,0
2025-10-14,OP-010,Returns,7.92,320,677,2
2025-10-14,OP-012,Ambient Pick,7.32,554,1577,1
2025-10-14,OP-013,Ambient Pick,8.09,581,929,3
2025-10-14,OP-014,Chilled Pick,7.39,424,703,2
2025-10-14,OP-017,Ambient Pick,6.39,477,830,3
2025-10-14,OP-018,Ambient Pick,7.21,630,1487,1
2025-10-14,OP-019,Bulk,6.61,306,590,0
2025-10-14,OP-020,Chilled Pick,7.75,474,1350,1
2025-10-14,OP-021,Returns,7.27,281,761,1
2025-10-14,OP-022,Ambient Pick,3.01,210,344,1
2025-10-14,OP-022,Chilled Pick,4.62,279,827,1
2025-10-14,OP-023,Bulk,7.32,278,598,3
2025-10-14,OP-024,Chilled Pick,7.94,258,575,1
2025-10-14,OP-025,Ambient Pick,8.17,565,1366,3
2025-10-14,OP-026,Chilled Pick,8.11,566,1504,5
2025-10-14,OP-027,Ambient Pick,4.35,334,711,2
2025-10-14,OP-027,Chilled Pick,3.12,174,559,2
2025-10-14,OP-029,Bulk,7.34,253,596,1
2025-10-14,OP-031,Ambient Pick,6.32,474,903,1
2025-10-14,OP-033,Chilled Pick,7.85,510,1208,1
2025-10-14,OP-035,Bulk,7.41,326,843,2
2025-10-14,OP-036,Ambient Pick,6.82,679,1686,2
2025-10-14,OP-037,Bulk,5.8,253,596,0
2025-10-14,OP-038,Chilled Pick,8.55,513,1037,8
2025-10-14,OP-040,Chilled Pick,0.93,74,220,1
2025-10-14,OP-040,Ambient Pick,7.49,744,1817,6
2025-10-14,OP-041,Bulk,8.15,260,727,4
2025-10-14,OP-042,Bulk,6.72,318,836,1
2025-10-14,OP-042,Ambient Pick,0.73,59,193,1
2025-10-14,OP-044,Chilled Pick,4.91,218,527,1
2025-10-14,OP-044,Ambient Pick,1.93,110,326,1
2025-10-14,OP-048,Ambient Pick,8.27,585,1349,3
2025-10-15,OP-001,Ambient Pick,7.45,580,986,4
2025-10-15,OP-002,Ambient Pick,0.64,54,121,2
2025-10-15,OP-002,Bulk,7.44,323,1097,1
2025-10-15,OP-003,Chilled Pick,7.93,372,629,5
2025-10-15,OP-004,Bulk,2.96,133,230,1
2025-10-15,OP-004,Returns,3.53,134,352,2
2025-10-15,OP-005,Ambient Pick,7.65,604,1362,2
2025-10-15,OP-007,Ambient Pick,6.51,530,1405,7
2025-10-15,OP-007,Chilled Pick,1.82,133,269,0
2025-10-15,OP-009,Ambient Pick,8.52,567,1507,3
2025-10-15,OP-010,Bulk,4.94,230,424,0
2025-10-15,OP-010,Ambient Pick,3.06,245,620,2
2025-10-15,OP-012,Chilled Pick,1.22,87,240,0
2025-10-15,OP-012,Ambient Pick,6.1,443,872,2
2025-10-15,OP-013,Chilled Pick,7.43,483,1316,1
2025-10-15,OP-014,Ambient Pick,3.29,223,450,0
2025-10-15,OP-014,Bulk,3.81,147,359,0
2025-10-15,OP-017,Ambient Pick,7.49,551,1082,4
2025-10-15,OP-018,Bulk,8.48,392,692,1
2025-10-15,OP-019,Chilled Pick,1.49,87,174,0
2025-10-15,OP-019,Bulk,6.3,269,874,1
2025-10-15,OP-020,Bulk,7.26,310,619,1
2025-10-15,OP-022,Chilled Pick,6.55,343,738,0
2025-10-15,OP-023,Ambient Pick,7.25,493,1261,4
2025-10-15,OP-024,Chilled Pick,7.28,235,764,6
2025-10-15,OP-025,Bulk,7.86,374,726,0
2025-10-15,OP-026,Bulk,8.39,383,1260,1
2025-10-15,OP-027,Chilled Pick,7.72,496,1685,5
2025-10-15,OP-028,Chilled Pick,7.15,413,1100,0
2025-10-15,OP-029,Bulk,8.32,314,730,0
2025-10-15,OP-031,Ambient Pick,7.72,573,1399,1
2025-10-15,OP-032,Chilled Pick,8.48,612,1679,4
2025-10-15,OP-033,Ambient Pick,6.11,581,1861,1
2025-10-15,OP-033,Chilled Pick,0.57,37,70,0
2025-10-15,OP-034,Ambient Pick,6.88,502,920,3
2025-10-15,OP-035,Ambient Pick,7.36,546,1292,4
2025-10-15,OP-036,Ambient Pick,8.48,769,1335,2
2025-10-15,OP-037,Bulk,7.67,338,658,1
2025-10-15,OP-038,Ambient Pick,0.78,49,115,0
2025-10-15,OP-038,Chilled Pick,7.71,357,716,4
2025-10-15,OP-040,Bulk,3.08,170,378,1
2025-10-15,OP-040,Ambient Pick,4.57,447,970,2
2025-10-15,OP-041,Chilled Pick,8.46,392,677,4
2025-10-15,OP-044,Ambient Pick,4.97,229,777,0
2025-10-15,OP-044,Bulk,3.6,100,253,0
2025-10-15,OP-046,Returns,7.57,247,415,0
2025-10-15,OP-048,Returns,6.42,191,557,2
2025-10-16,OP-001,Bulk,7.21,298,643,1
2025-10-16,OP-002,Ambient Pick,7.02,537,1225,1
2025-10-16,OP-005,Ambient Pick,7.38,554,1302,2
2025-10-16,OP-007,Ambient Pick,8.5,711,2002,0
2025-10-16,OP-009,Ambient Pick,6.76,410,684,0
2025-10-16,OP-012,Chilled Pick,6.4,433,1457,1
2025-10-16,OP-013,Bulk,7.83,329,965,1
2025-10-16,OP-014,Ambient Pick,0.73,48,104,0
2025-10-16,OP-014,Chilled Pick,6.93,394,934,0
2025-10-16,OP-015,Ambient Pick,7.59,217,517,1
2025-10-16,OP-015,Chilled Pick,0.56,15,45,0
2025-10-16,OP-017,Chilled Pick,7.58,508,1409,1
2025-10-16,OP-018,Ambient Pick,8.13,657,1382,0
2025-10-16,OP-020,Ambient Pick,7.86,555,1405,1
2025-10-16,OP-021,Chilled Pick,7.58,498,1060,1
2025-10-16,OP-022,Chilled Pick,3.35,178,324,0
2025-10-16,OP-022,Ambient Pick,4.52,262,726,0
2025-10-16,OP-024,Ambient Pick,7.78,328,589,3
2025-10-16,OP-025,Bulk,7.47,347,1134,2
2025-10-16,OP-026,Bulk,4.66,214,558,0
2025-10-16,OP-026,Ambient Pick,3.43,312,539,0
2025-10-16,OP-027,Ambient Pick,7.13,487,1227,5
2025-10-16,OP-029,Ambient Pick,8.19,622,2030,3
2025-10-16,OP-031,Ambient Pick,7.39,552,1140,1
2025-10-16,OP-032,Chilled Pick,7.1,553,1293,2
2025-10-16,OP-033,Returns,3.29,113,276,1
2025-10-16,OP-033,Bulk,3.92,175,516,0
2025-10-16,OP-034,Ambient Pick,6.79,480,1265,3
2025-10-16,OP-036,Chilled Pick,8.26,635,1734,2
2025-10-16,OP-037,Ambient Pick,8.3,616,1594,4
2025-10-16,OP-038,Chilled Pick,8.18,414,925,4
2025-10-16,OP-040,Ambient Pick,3.87,354,825,5
2025-10-16,OP-040,Bulk,5.09,278,695,2
2025-10-16,OP-041,Ambient Pick,8.19,509,1728,1
2025-10-16,OP-044,Bulk,0.92,29,58,0
2025-10-16,OP-044,Chilled Pick,5.8,269,464,2
2025-10-16,OP-046,Bulk,7.13,296,699,1
2025-10-16,OP-048,Ambient Pick,3.46,256,832,1
2025-10-16,OP-048,Bulk,4.06,147,363,2
2025-10-17,OP-001,Ambient Pick,7.67,532,1133,4
2025-10-17,OP-002,Ambient Pick,1.35,112,240,0
2025-10-17,OP-002,Returns,5.89,215,655,1
2025-10-17,OP-003,Ambient Pick,7.45,412,1128,1
2025-10-17,OP-004,Ambient Pick,4.91,338,815,1
2025-10-17,OP-004,Chilled Pick,2.0,128,248,0
2025-10-17,OP-005,Returns,6.04,249,782,3
2025-10-17,OP-005,Ambient Pick,2.28,190,588,4
2025-10-17,OP-007,Chilled Pick,7.36,543,1651,0
2025-10-17,OP-009,Ambient Pick,4.54,272,780,0
2025-10-17,OP-009,Chilled Pick,3.23,172,458,2
2025-10-17,OP-013,Ambient Pick,0.94,69,111,0
2025-10-17,OP-013,Chilled Pick,6.72,431,1323,0
2025-10-17,OP-015,Chilled Pick,7.81,177,313,3
2025-10-17,OP-017,Ambient Pick,1.25,103,263,1
2025-10-17,OP-017,Returns,6.4,210,344,1
2025-10-17,OP-018,Returns,6.78,254,476,1
2025-10-17,OP-019,Chilled Pick,8.33,507,1430,3
2025-10-17,OP-020,Ambient Pick,7.27,563,1904,4
2025-10-17,OP-022,Chilled Pick,6.98,325,663,2
2025-10-17,OP-023,Bulk,6.73,251,774,0
2025-10-17,OP-024,Chilled Pick,7.82,264,592,9
2025-10-17,OP-025,Ambient Pick,7.06,599,1034,1
2025-10-17,OP-026,Ambient Pick,8.76,798,2158,1
2025-10-17,OP-027,Chilled Pick,8.27,486,1351,2
2025-10-17,OP-028,Bulk,8.27,366,1133,0
2025-10-17,OP-032,Bulk,7.69,404,1233,2
2025-10-17,OP-034,Ambient Pick,8.36,640,1072,3
2025-10-17,OP-035,Ambient Pick,7.74,581,1886,1
2025-10-17,OP-036,Ambient Pick,7.0,740,1540,2
2025-10-17,OP-038,Ambient Pick,7.7,406,654,5
2025-10-17,OP-040,Chilled Pick,6.03,378,978,7
2025-10-17,OP-041,Ambient Pick,3.23,148,371,0
2025-10-17,OP-041,Bulk,2.35,83,162,0
2025-10-17,OP-044,Bulk,0.75,19,52,0
2025-10-17,OP-044,Ambient Pick,6.65,343,555,0
2025-10-17,OP-046,Ambient Pick,7.38,529,1378,8
2025-10-18,OP-001,Ambient Pick,6.93,564,1105,6
2025-10-18,OP-002,Ambient Pick,0.93,62,144,1
2025-10-18,OP-002,Chilled Pick,6.6,398,1181,3
2025-10-18,OP-003,Returns,3.9,100,162,1
2025-10-18,OP-003,Bulk,4.43,162,405,0
2025-10-18,OP-004,Ambient Pick,7.85,514,1376,1
2025-10-18,OP-005,Returns,6.66,236,664,2
2025-10-18,OP-005,Ambient Pick,1.43,122,362,1
2025-10-18,OP-007,Ambient Pick,7.6,692,2265,2
2025-10-18,OP-009,Bulk,6.43,238,591,2
2025-10-18,OP-012,Ambient Pick,7.67,698,1927,1
2025-10-18,OP-013,Ambient Pick,8.31,622,1330,3
2025-10-18,OP-014,Chilled Pick,5.49,311,691,1
2025-10-18,OP-014,Ambient Pick,1.11,84,254,0
2025-10-18,OP-015,Ambient Pick,3.1,93,244,1
2025-10-18,OP-015,Returns,3.86,53,89,0
2025-10-18,OP-017,Chilled Pick,6.86,434,860,5
2025-10-18,OP-018,Chilled Pick,6.72,416,1298,0
2025-10-18,OP-019,Returns,6.86,227,523,0
2025-10-18,OP-020,Chilled Pick,7.95,469,863,3
2025-10-18,OP-021,Ambient Pick,6.24,524,1228,1
2025-10-18,OP-023,Ambient Pick,6.11,412,1162,0
2025-10-18,OP-024,Bulk,7.52,196,590,0
2025-10-18,OP-025,Ambient Pick,7.21,677,1647,7
2025-10-18,OP-026,Chilled Pick,7.6,490,789,1
2025-10-18,OP-027,Chilled Pick,7.29,420,1265,2
2025-10-18,OP-028,Chilled Pick,8.42,512,1237,2
2025-10-18,OP-029,Chilled Pick,2.12,119,367,1
2025-10-18,OP-029,Returns,3.87,103,277,0
2025-10-18,OP-031,Chilled Pick,8.23,487,1043,1
2025-10-18,OP-032,Chilled Pick,4.64,349,682,0
2025-10-18,OP-032,Returns,3.21,132,398,0
2025-10-18,OP-033,Chilled Pick,8.04,517,1502,3
2025-10-18,OP-034,Ambient Pick,0.54,44,92,0
2025-10-18,OP-034,Bulk,7.1,296,753,2
2025-10-18,OP-035,Ambient Pick,6.92,503,1171,0
2025-10-18,OP-036,Ambient Pick,1.71,156,400,0
2025-10-18,OP-036,Chilled Pick,5.04,404,1154,0
2025-10-18,OP-037,Ambient Pick,7.7,581,1641,4
2025-10-18,OP-038,Returns,6.71,194,465,4
2025-10-18,OP-041,Chilled Pick,6.67,348,1102,0
2025-10-18,OP-042,Ambient Pick,7.39,612,1021,3
2025-10-18,OP-044,Ambient Pick,1.31,57,192,0
2025-10-18,OP-044,Returns,6.51,157,423,4
2025-10-18,OP-046,Bulk,4.78,187,564,1
2025-10-18,OP-046,Ambient Pick,1.89,139,225,1
2025-10-18,OP-048,Ambient Pick,6.8,478,1529,6
2025-10-20,OP-002,Bulk,7.53,383,947,0
2025-10-20,OP-003,Ambient Pick,8.02,583,1481,4
2025-10-20,OP-004,Ambient Pick,2.46,218,693,0
2025-10-20,OP-004,Returns,5.18,198,591,0
2025-10-20,OP-005,Ambient Pick,7.64,785,2402,6
2025-10-20,OP-007,Chilled Pick,7.36,554,1357,1
2025-10-20,OP-009,Ambient Pick,2.31,175,431,0
2025-10-20,OP-009,Bulk,4.32,158,289,1
2025-10-20,OP-013,Ambient Pick,6.95,654,1546,3
2025-10-20,OP-014,Chilled Pick,4.16,272,661,0
2025-10-20,OP-014,Ambient Pick,2.82,261,612,0
2025-10-20,OP-015,Returns,7.57,132,308,1
2025-10-20,OP-017,Chilled Pick,8.92,614,1290,2
2025-10-20,OP-018,Bulk,1.36,70,198,0
2025-10-20,OP-018,Returns,6.2,255,619,0
2025-10-20,OP-019,Ambient Pick,1.75,158,402,0
2025-10-20,OP-019,Bulk,5.3,224,590,1
2025-10-20,OP-020,Ambient Pick,7.69,673,1227,6
2025-10-20,OP-021,Ambient Pick,8.28,677,1348,2
2025-10-20,OP-022,Ambient Pick,2.01,137,260,0
2025-10-20,OP-022,Chilled Pick,6.16,378,628,0
2025-10-20,OP-023,Ambient Pick,7.34,578,1939,1
2025-10-20,OP-024,Ambient Pick,3.61,191,593,4
2025-10-20,OP-024,Bulk,2.81,85,206,2
2025-10-20,OP-025,Ambient Pick,1.28,132,337,0
2025-10-20,OP-025,Bulk,5.34,280,839,1
2025-10-20,OP-026,Ambient Pick,8.23,844,1405,5
2025-10-20,OP-028,Returns,6.88,270,653,1
2025-10-20,OP-029,Bulk,7.99,342,963,0
2025-10-20,OP-032,Ambient Pick,8.11,923,1954,4
2025-10-20,OP-033,Ambient Pick,2.65,259,781,1
2025-10-20,OP-033,Bulk,5.68,285,649,0
2025-10-20,OP-035,Ambient Pick,6.99,566,1736,1
2025-10-20,OP-036,Ambient Pick,8.42,999,2864,9
2025-10-20,OP-037,Chilled Pick,7.27,539,1348,2
2025-10-20,OP-038,Ambient Pick,5.2,403,1067,3
2025-10-20,OP-038,Returns,2.96,102,285,3
2025-10-20,OP-040,Bulk,4.55,310,1004,3
2025-10-20,OP-040,Returns,3.03,162,459,6
2025-10-20,OP-041,Chilled Pick,7.8,431,1324,2
2025-10-20,OP-042,Ambient Pick,7.27,716,1552,6
2025-10-20,OP-046,Ambient Pick,7.83,592,1309,1
2025-10-20,OP-048,Ambient Pick,7.01,623,1163,6
2025-10-21,OP-002,Ambient Pick,7.86,621,1565,1
2025-10-21,OP-003,Bulk,7.71,289,724,1
2025-10-21,OP-004,Ambient Pick,6.93,559,996,1
2025-10-21,OP-005,Returns,3.74,129,345,0
2025-10-21,OP-005,Ambient Pick,4.98,400,1345,5
2025-10-21,OP-007,Chilled Pick,6.63,468,1099,2
2025-10-21,OP-009,Bulk,1.41,49,124,0
2025-10-21,OP-009,Returns,5.52,178,452,0
2025-10-21,OP-010,Ambient Pick,7.94,549,1658,1
2025-10-21,OP-012,Ambient Pick,8.85,785,2351,2
2025-10-21,OP-013,Ambient Pick,1.34,90,200,0
2025-10-21,OP-013,Bulk,5.8,228,634,0
2025-10-21,OP-014,Chilled Pick,8.23,479,1061,2
2025-10-21,OP-018,Chilled Pick,7.71,524,1527,2
2025-10-21,OP-019,Chilled Pick,7.1,459,1556,2
2025-10-21,OP-020,Ambient Pick,7.35,575,1380,3
2025-10-21,OP-022,Bulk,8.57,319,632,0
2025-10-21,OP-023,Returns,8.54,243,626,2
2025-10-21,OP-024,Chilled Pick,5.58,211,350,3
2025-10-21,OP-024,Ambient Pick,2.23,105,292,1
2025-10-21,OP-026,Ambient Pick,8.41,805,2159,9
2025-10-21,OP-027,Ambient Pick,7.18,579,1941,3
2025-10-21,OP-028,Ambient Pick,5.95,453,1056,3
2025-10-21,OP-028,Bulk,1.99,71,138,0
2025-10-21,OP-029,Ambient Pick,5.14,325,671,0
2025-10-21,OP-029,Bulk,2.9,110,320,1
2025-10-21,OP-031,Ambient Pick,9.11,685,2249,6
2025-10-21,OP-032,Bulk,1.13,63,198,0
2025-10-21,OP-032,Ambient Pick,6.96,622,1819,2
2025-10-21,OP-033,Bulk,3.49,174,460,0
2025-10-21,OP-033,Chilled Pick,3.59,236,507,3
2025-10-21,OP-034,Ambient Pick,7.32,547,982,0
2025-10-21,OP-035,Ambient Pick,6.42,461,863,4
2025-10-21,OP-036,Ambient Pick,8.09,791,1565,5
2025-10-21,OP-037,Ambient Pick,4.35,329,1093,1
2025-10-21,OP-037,Chilled Pick,4.46,254,440,2
2025-10-21,OP-038,Ambient Pick,3.62,256,621,0
2025-10-21,OP-038,Bulk,4.48,176,426,0
2025-10-21,OP-040,Ambient Pick,8.02,798,2334,7
2025-10-21,OP-041,Bulk,7.73,256,416,0
2025-10-21,OP-044,Returns,5.14,121,279,1
2025-10-21,OP-044,Bulk,2.36,70,164,0
2025-10-21,OP-046,Chilled Pick,7.85,344,645,1
2025-10-21,OP-048,Bulk,8.21,316,996,2
2025-10-22,OP-002,Ambient Pick,7.66,623,1945,1
2025-10-22,OP-003,Ambient Pick,8.57,600,1747,4
2025-10-22,OP-004,Bulk,7.33,317,1029,0
2025-10-22,OP-005,Bulk,7.15,277,707,0
2025-10-22,OP-007,Chilled Pick,8.1,586,1895,2
2025-10-22,OP-009,Bulk,7.1,272,765,0
2025-10-22,OP-010,Chilled Pick,6.67,441,817,1
2025-10-22,OP-012,Bulk,1.02,53,120,0
2025-10-22,OP-012,Returns,6.15,238,770,4
2025-10-22,OP-014,Ambient Pick,7.52,542,1284,1
2025-10-22,OP-015,Chilled Pick,6.26,174,444,1
2025-10-22,OP-017,Chilled Pick,4.86,287,529,0
2025-10-22,OP-017,Ambient Pick,2.88,255,518,0
2025-10-22,OP-019,Ambient Pick,8.09,625,1754,1
2025-10-22,OP-020,Ambient Pick,4.7,331,926,0
2025-10-22,OP-020,Bulk,2.76,125,284,0
2025-10-22,OP-021,Chilled Pick,8.32,523,1611,2
2025-10-22,OP-024,Ambient Pick,7.59,337,983,3
2025-10-22,OP-025,Ambient Pick,8.15,634,1675,0
2025-10-22,OP-026,Ambient Pick,7.62,658,1903,1
2025-10-22,OP-027,Ambient Pick,7.5,577,1923,4
2025-10-22,OP-028,Ambient Pick,6.83,532,1758,2
2025-10-22,OP-029,Chilled Pick,7.13,355,658,0
2025-10-22,OP-031,Bulk,8.47,350,1048,0
2025-10-22,OP-032,Chilled Pick,8.02,545,1540,3
2025-10-22,OP-033,Bulk,6.89,307,1018,0
2025-10-22,OP-034,Ambient Pick,7.15,561,1666,2
2025-10-22,OP-035,Chilled Pick,6.73,412,678,3
2025-10-22,OP-035,Bulk,0.57,25,79,0
2025-10-22,OP-036,Ambient Pick,6.68,637,1067,5
2025-10-22,OP-037,Chilled Pick,8.26,518,1359,2
2025-10-22,OP-038,Bulk,7.57,224,647,0
2025-10-22,OP-041,Chilled Pick,7.0,354,979,2
2025-10-22,OP-042,Chilled Pick,1.39,81,145,1
2025-10-22,OP-042,Returns,5.62,188,321,5
2025-10-22,OP-044,Chilled Pick,7.19,319,691,2
2025-10-22,OP-046,Ambient Pick,7.99,541,878,6
2025-10-22,OP-048,Ambient Pick,8.5,629,1838,6
2025-10-23,OP-001,Bulk,7.56,354,1053,2
2025-10-23,OP-002,Ambient Pick,7.37,601,1914,2
2025-10-23,OP-003,Bulk,7.38,235,719,0
2025-10-23,OP-004,Ambient Pick,8.49,661,1741,0
2025-10-23,OP-005,Ambient Pick,1.1,91,302,0
2025-10-23,OP-005,Bulk,7.5,368,1235,1
2025-10-23,OP-007,Chilled Pick,8.25,429,1232,1
2025-10-23,OP-009,Ambient Pick,8.78,606,1076,1
2025-10-23,OP-010,Ambient Pick,7.96,661,1364,1
2025-10-23,OP-012,Chilled Pick,8.16,552,1205,0
2025-10-23,OP-013,Chilled Pick,8.42,506,1040,3
2025-10-23,OP-014,Ambient Pick,7.27,566,1228,0
2025-10-23,OP-017,Chilled Pick,8.18,544,1662,0
2025-10-23,OP-018,Bulk,6.87,321,1059,1
2025-10-23,OP-019,Ambient Pick,6.11,463,1455,1
2025-10-23,OP-021,Chilled Pick,0.95,62,123,0
2025-10-23,OP-021,Ambient Pick,7.12,577,1806,2
2025-10-23,OP-022,Bulk,4.32,144,394,0
2025-10-23,OP-022,Ambient Pick,2.91,196,601,0
2025-10-23,OP-023,Chilled Pick,7.43,424,862,2
2025-10-23,OP-025,Chilled Pick,7.36,431,1260,1
2025-10-23,OP-026,Ambient Pick,6.51,503,1677,2
2025-10-23,OP-026,Chilled Pick,0.62,43,69,0
2025-10-23,OP-027,Ambient Pick,8.78,647,2159,3
2025-10-23,OP-028,Bulk,7.3,286,675,3
2025-10-23,OP-029,Ambient Pick,7.85,567,1705,1
2025-10-23,OP-031,Ambient Pick,4.17,274,471,1
2025-10-23,OP-031,Bulk,4.04,160,284,0
2025-10-23,OP-032,Bulk,1.05,54,158,0
2025-10-23,OP-032,Ambient Pick,5.96,566,1418,4
2025-10-23,OP-033,Returns,7.86,299,602,3
2025-10-23,OP-035,Ambient Pick,7.31,544,949,1
2025-10-23,OP-036,Ambient Pick,6.95,680,1401,4
2025-10-23,OP-037,Chilled Pick,7.45,438,1329,1
2025-10-23,OP-038,Bulk,7.86,286,573,1
2025-10-23,OP-041,Ambient Pick,6.89,438,1054,2
2025-10-23,OP-042,Ambient Pick,8.12,625,1849,4
2025-10-23,OP-044,Ambient Pick,4.9,268,799,1
2025-10-23,OP-044,Chilled Pick,2.52,106,321,0
2025-10-23,OP-046,Returns,7.52,237,380,3
2025-10-23,OP-048,Ambient Pick,6.52,493,1599,3
2025-10-24,OP-001,Bulk,8.28,410,1181,0
2025-10-24,OP-002,Ambient Pick,5.67,414,1292,0
2025-10-24,OP-003,Ambient Pick,7.69,486,1199,1
2025-10-24,OP-004,Ambient Pick,8.02,657,2089,4
2025-10-24,OP-005,Bulk,7.44,332,771,3
2025-10-24,OP-007,Chilled Pick,2.78,201,501,2
2025-10-24,OP-007,Ambient Pick,6.17,524,1007,2
2025-10-24,OP-009,Ambient Pick,7.93,562,1721,1
2025-10-24,OP-010,Ambient Pick,6.7,587,1723,3
2025-10-24,OP-012,Chilled Pick,6.92,480,882,2
2025-10-24,OP-013,Ambient Pick,7.25,522,875,2
2025-10-24,OP-014,Ambient Pick,8.12,563,1565,1
2025-10-24,OP-015,Ambient Pick,7.85,304,750,2
2025-10-24,OP-017,Ambient Pick,7.95,619,1215,4
2025-10-24,OP-019,Ambient Pick,5.36,370,1179,1
2025-10-24,OP-019,Chilled Pick,2.38,122,285,0
2025-10-24,OP-021,Chilled Pick,8.69,562,918,8
2025-10-24,OP-022,Ambient Pick,7.09,481,1333,1
2025-10-24,OP-023,Chilled Pick,0.82,47,101,0
2025-10-24,OP-023,Ambient Pick,6.72,429,1284,2
2025-10-24,OP-024,Ambient Pick,4.82,215,416,1
2025-10-24,OP-024,Bulk,2.58,63,135,1
2025-10-24,OP-025,Chilled Pick,7.26,466,941,1
2025-10-24,OP-026,Bulk,7.34,356,829,0
2025-10-24,OP-027,Bulk,1.7,59,159,1
2025-10-24,OP-027,Chilled Pick,5.77,280,482,0
2025-10-24,OP-028,Bulk,7.31,349,1180,2
2025-10-24,OP-029,Chilled Pick,8.04,410,1273,4
2025-10-24,OP-031,Ambient Pick,7.29,571,1293,3
2025-10-24,OP-032,Ambient Pick,6.8,600,970,3
2025-10-24,OP-033,Chilled Pick,7.34,495,1003,3
2025-10-24,OP-034,Chilled Pick,0.97,59,175,0
2025-10-24,OP-034,Bulk,6.15,267,490,0
2025-10-24,OP-035,Ambient Pick,8.09,648,1889,2
2025-10-24,OP-036,Chilled Pick,8.0,596,1728,1
2025-10-24,OP-037,Ambient Pick,9.5,685,1561,3
2025-10-24,OP-038,Ambient Pick,8.45,511,1164,4
2025-10-24,OP-040,Bulk,7.82,428,910,7
2025-10-24,OP-041,Returns,8.2,215,487,0
2025-10-24,OP-042,Bulk,5.95,261,868,0
2025-10-24,OP-042,Chilled Pick,1.77,107,184,0
2025-10-24,OP-044,Bulk,7.94,240,599,1
2025-10-24,OP-046,Bulk,4.72,172,426,1
2025-10-24,OP-046,Ambient Pick,2.16,153,301,2
2025-10-24,OP-048,Returns,7.37,218,651,3
2025-10-25,OP-001,Ambient Pick,7.83,648,1859,0
2025-10-25,OP-002,Chilled Pick,8.23,457,1011,5
2025-10-25,OP-003,Bulk,7.2,244,690,0
2025-10-25,OP-004,Returns,7.0,288,547,1
2025-10-25,OP-005,Ambient Pick,6.81,545,1003,5
2025-10-25,OP-005,Chilled Pick,1.58,95,300,1
2025-10-25,OP-009,Bulk,8.5,292,733,0
2025-10-25,OP-010,Bulk,7.85,324,1078,0
2025-10-25,OP-012,Ambient Pick,7.76,617,1947,2
2025-10-25,OP-014,Ambient Pick,6.9,519,1666,4
2025-10-25,OP-014,Bulk,0.75,31,52,0
2025-10-25,OP-015,Chilled Pick,0.7,18,50,1
2025-10-25,OP-015,Bulk,6.97,129,389,0
2025-10-25,OP-017,Ambient Pick,7.61,586,1125,1
2025-10-25,OP-019,Ambient Pick,7.67,516,1512,5
2025-10-25,OP-020,Ambient Pick,5.0,394,1144,1
2025-10-25,OP-020,Chilled Pick,2.26,137,281,0
2025-10-25,OP-021,Bulk,7.36,325,984,0
2025-10-25,OP-023,Ambient Pick,7.43,543,913,0
2025-10-25,OP-024,Ambient Pick,1.28,58,94,0
2025-10-25,OP-024,Bulk,6.28,172,293,0
2025-10-25,OP-027,Bulk,4.99,210,694,0
2025-10-25,OP-027,Chilled Pick,3.03,158,326,1
2025-10-25,OP-028,Ambient Pick,5.25,452,785,4
2025-10-25,OP-028,Returns,1.64,55,164,0
2025-10-25,OP-029,Ambient Pick,0.84,55,166,0
2025-10-25,OP-029,Returns,7.19,268,644,1
2025-10-25,OP-031,Ambient Pick,8.19,587,1528,2
2025-10-25,OP-032,Chilled Pick,8.67,678,2081,1
2025-10-25,OP-033,Chilled Pick,5.1,344,636,4
2025-10-25,OP-033,Ambient Pick,2.02,162,319,0
2025-10-25,OP-034,Ambient Pick,7.8,648,1395,2
2025-10-25,OP-035,Ambient Pick,6.94,512,882,7
2025-10-25,OP-036,Ambient Pick,7.51,814,2735,1
2025-10-25,OP-037,Chilled Pick,3.08,177,485,3
2025-10-25,OP-037,Bulk,3.5,154,474,2
2025-10-25,OP-038,Chilled Pick,8.03,402,801,2
2025-10-25,OP-040,Returns,7.02,292,620,6
2025-10-25,OP-041,Ambient Pick,7.59,486,1156,2
2025-10-25,OP-042,Chilled Pick,7.22,460,1330,9
2025-10-25,OP-044,Bulk,7.19,202,440,0
2025-10-25,OP-046,Ambient Pick,5.27,388,1270,1
2025-10-25,OP-046,Returns,2.36,65,179,0
2025-10-25,OP-048,Ambient Pick,7.85,587,1353,3
2025-10-27,OP-003,Ambient Pick,6.65,532,1737,5
2025-10-27,OP-004,Bulk,7.16,338,1025,0
2025-10-27,OP-009,Ambient Pick,4.89,399,829,4
2025-10-27,OP-009,Chilled Pick,3.1,187,531,2
2025-10-27,OP-010,Chilled Pick,7.51,510,852,1
2025-10-27,OP-012,Ambient Pick,7.88,856,2609,7
2025-10-27,OP-013,Chilled Pick,6.71,477,1236,7
2025-10-27,OP-014,Ambient Pick,4.49,385,851,0
2025-10-27,OP-014,Bulk,1.9,91,284,0
2025-10-27,OP-015,Bulk,3.62,88,296,1
2025-10-27,OP-015,Ambient Pick,4.04,162,367,1
2025-10-27,OP-017,Returns,7.17,346,891,7
2025-10-27,OP-018,Bulk,3.59,183,533,0
2025-10-27,OP-018,Ambient Pick,4.1,395,812,4
2025-10-27,OP-019,Returns,7.47,301,921,2
2025-10-27,OP-020,Chilled Pick,6.84,507,1229,3
2025-10-27,OP-021,Bulk,7.65,506,1435,1
2025-10-27,OP-022,Chilled Pick,8.16,575,1717,4
2025-10-27,OP-023,Ambient Pick,7.76,688,2282,2
2025-10-27,OP-024,Ambient Pick,7.37,410,805,6
2025-10-27,OP-025,Chilled Pick,7.36,527,1596,6
2025-10-27,OP-026,Ambient Pick,3.31,324,857,0
2025-10-27,OP-026,Returns,4.12,210,642,0
2025-10-27,OP-027,Ambient Pick,7.54,628,1600,2
2025-10-27,OP-028,Ambient Pick,7.54,713,1979,4
2025-10-27,OP-029,Bulk,7.45,379,756,2
2025-10-27,OP-031,Ambient Pick,8.66,846,2252,4
2025-10-27,OP-032,Bulk,8.02,540,1709,4
2025-10-27,OP-033,Returns,6.65,304,791,3
2025-10-27,OP-034,Returns,7.0,310,737,0
2025-10-27,OP-034,Ambient Pick,1.73,156,475,2
2025-10-27,OP-035,Ambient Pick,7.5,662,2168,6
2025-10-27,OP-038,Ambient Pick,7.27,575,920,8
2025-10-27,OP-041,Ambient Pick,8.07,543,1268,2
2025-10-27,OP-042,Chilled Pick,7.46,579,1130,11
2025-10-27,OP-044,Bulk,8.39,275,499,0
2025-10-27,OP-046,Ambient Pick,8.33,757,1266,1
2025-10-27,OP-048,Ambient Pick,7.52,649,1854,9
2025-10-28,OP-002,Ambient Pick,6.78,591,1889,2
2025-10-28,OP-003,Ambient Pick,8.02,513,960,8
2025-10-28,OP-004,Chilled Pick,7.25,459,1439,3
2025-10-28,OP-005,Ambient Pick,7.98,589,1166,4
2025-10-28,OP-007,Ambient Pick,7.25,691,1690,2
2025-10-28,OP-009,Ambient Pick,7.99,533,891,1
2025-10-28,OP-010,Ambient Pick,8.45,647,1596,4
2025-10-28,OP-012,Ambient Pick,7.01,634,1957,3
2025-10-28,OP-012,Bulk,0.75,35,102,0
2025-10-28,OP-013,Ambient Pick,7.32,529,919,0
2025-10-28,OP-014,Bulk,8.18,337,999,1
2025-10-28,OP-015,Ambient Pick,7.26,244,610,4
2025-10-28,OP-017,Ambient Pick,8.55,621,1318,1
2025-10-28,OP-018,Ambient Pick,7.77,562,937,2
2025-10-28,OP-018,Bulk,0.59,26,46,0
2025-10-28,OP-019,Ambient Pick,7.8,613,1640,5
2025-10-28,OP-021,Ambient Pick,7.78,757,2237,4
2025-10-28,OP-022,Ambient Pick,8.01,518,1434,1
2025-10-28,OP-024,Chilled Pick,8.61,343,1160,9
2025-10-28,OP-025,Chilled Pick,7.49,459,1518,4
2025-10-28,OP-027,Ambient Pick,8.7,625,1793,2
2025-10-28,OP-029,Ambient Pick,7.87,556,1183,3
2025-10-28,OP-031,Ambient Pick,8.14,586,961,2
2025-10-28,OP-032,Bulk,7.59,447,798,4
2025-10-28,OP-033,Bulk,1.76,78,214,1
2025-10-28,OP-033,Ambient Pick,5.23,462,1352,4
2025-10-28,OP-034,Ambient Pick,7.57,584,1559,4
2025-10-28,OP-035,Bulk,7.83,364,805,3
2025-10-28,OP-036,Returns,7.04,292,564,2
2025-10-28,OP-037,Bulk,3.62,154,291,1
2025-10-28,OP-037,Chilled Pick,3.52,210,496,2
2025-10-28,OP-038,Ambient Pick,7.78,524,1010,2
2025-10-28,OP-040,Ambient Pick,7.56,683,1767,4
2025-10-28,OP-041,Bulk,6.67,239,443,0
2025-10-28,OP-042,Ambient Pick,5.96,440,1052,1
2025-10-28,OP-042,Chilled Pick,1.61,96,270,1
2025-10-28,OP-044,Ambient Pick,8.88,471,1055,1
2025-10-29,OP-001,Chilled Pick,7.45,524,1153,2
2025-10-29,OP-003,Bulk,8.46,296,996,1
2025-10-29,OP-004,Ambient Pick,8.87,697,1681,2
2025-10-29,OP-005,Bulk,7.25,350,971,0
2025-10-29,OP-007,Ambient Pick,7.0,638,1358,1
2025-10-29,OP-009,Chilled Pick,7.81,417,862,1
2025-10-29,OP-012,Chilled Pick,8.42,613,1079,3
2025-10-29,OP-013,Ambient Pick,8.39,608,1153,1
2025-10-29,OP-014,Ambient Pick,7.39,425,751,0
2025-10-29,OP-015,Chilled Pick,6.29,189,563,0
2025-10-29,OP-017,Ambient Pick,8.88,764,1987,3
2025-10-29,OP-018,Ambient Pick,4.49,364,1131,2
2025-10-29,OP-018,Chilled Pick,2.77,194,454,2
2025-10-29,OP-019,Ambient Pick,7.59,520,1112,0
2025-10-29,OP-020,Returns,4.22,131,396,2
2025-10-29,OP-020,Chilled Pick,2.63,147,263,1
2025-10-29,OP-022,Returns,7.53,218,641,4
2025-10-29,OP-023,Chilled Pick,5.36,313,896,0
2025-10-29,OP-023,Ambient Pick,2.74,192,445,0
2025-10-29,OP-025,Ambient Pick,1.63,111,294,0
2025-10-29,OP-025,Bulk,5.38,251,650,0
2025-10-29,OP-027,Chilled Pick,8.38,533,1022,1
2025-10-29,OP-028,Ambient Pick,6.99,531,1389,2
2025-10-29,OP-029,Bulk,8.34,340,1004,0
2025-10-29,OP-031,Chilled Pick,8.33,476,1568,5
2025-10-29,OP-032,Chilled Pick,1.78,144,404,3
2025-10-29,OP-032,Ambient Pick,5.74,479,1022,2
2025-10-29,OP-034,Returns,6.42,209,352,1
2025-10-29,OP-035,Chilled Pick,8.32,558,1569,3
2025-10-29,OP-036,Bulk,2.66,159,327,0
2025-10-29,OP-036,Chilled Pick,5.08,356,988,0
2025-10-29,OP-037,Bulk,7.83,382,1268,3
2025-10-29,OP-038,Chilled Pick,4.51,232,721,2
2025-10-29,OP-038,Ambient Pick,4.13,260,695,3
2025-10-29,OP-040,Ambient Pick,7.12,619,1648,2
2025-10-29,OP-042,Chilled Pick,7.46,445,1424,4
2025-10-29,OP-046,Ambient Pick,5.66,443,994,5
2025-10-29,OP-046,Returns,1.72,47,76,0
2025-10-30,OP-001,Bulk,7.15,283,693,2
2025-10-30,OP-001,Returns,1.32,43,94,0
2025-10-30,OP-003,Ambient Pick,8.49,577,1796,8
2025-10-30,OP-004,Ambient Pick,8.2,612,1148,4
2025-10-30,OP-005,Chilled Pick,7.82,525,1585,5
2025-10-30,OP-007,Bulk,6.79,358,956,1
2025-10-30,OP-009,Ambient Pick,1.89,111,353,1
2025-10-30,OP-009,Chilled Pick,6.9,317,859,3
2025-10-30,OP-010,Chilled Pick,7.6,460,1548,1
2025-10-30,OP-012,Returns,8.91,315,973,2
2025-10-30,OP-013,Chilled Pick,5.53,332,743,0
2025-10-30,OP-013,Ambient Pick,2.51,164,445,0
2025-10-30,OP-014,Bulk,7.83,326,864,0
2025-10-30,OP-015,Bulk,8.59,151,284,1
2025-10-30,OP-017,Ambient Pick,8.2,641,1847,1
2025-10-30,OP-018,Chilled Pick,7.68,464,1078,0
2025-10-30,OP-019,Chilled Pick,7.62,432,727,0
2025-10-30,OP-021,Ambient Pick,8.21,671,2150,0
2025-10-30,OP-022,Chilled Pick,7.46,416,1252,3
2025-10-30,OP-023,Bulk,5.87,254,468,0
2025-10-30,OP-023,Ambient Pick,0.95,62,133,0
2025-10-30,OP-026,Bulk,7.72,374,1178,0
2025-10-30,OP-027,Ambient Pick,7.18,545,1023,0
2025-10-30,OP-028,Ambient Pick,7.47,562,1852,5
2025-10-30,OP-029,Bulk,2.13,83,138,0
2025-10-30,OP-029,Chilled Pick,5.03,320,714,0
2025-10-30,OP-031,Chilled Pick,7.55,484,1273,3
2025-10-30,OP-032,Ambient Pick,6.42,545,1374,5
2025-10-30,OP-032,Chilled Pick,1.36,90,269,1
2025-10-30,OP-033,Returns,8.23,316,988,1
2025-10-30,OP-034,Bulk,7.03,281,465,2
2025-10-30,OP-034,Ambient Pick,0.86,62,203,0
2025-10-30,OP-035,Ambient Pick,8.41,566,1621,3
2025-10-30,OP-036,Ambient Pick,6.82,648,2192,2
2025-10-30,OP-038,Bulk,3.19,115,306,0
2025-10-30,OP-038,Chilled Pick,4.84,235,590,0
2025-10-30,OP-040,Ambient Pick,7.76,754,2467,9
2025-10-30,OP-042,Chilled Pick,7.98,549,1789,6
2025-10-30,OP-044,Ambient Pick,8.6,466,784,0
2025-10-30,OP-046,Ambient Pick,2.31,158,255,1
2025-10-30,OP-046,Chilled Pick,4.79,266,810,0
2025-10-30,OP-048,Bulk,6.73,214,577,0
2025-10-31,OP-002,Chilled Pick,7.47,464,1093,4
2025-10-31,OP-003,Chilled Pick,4.91,263,503,0
2025-10-31,OP-003,Bulk,2.61,95,282,0
2025-10-31,OP-004,Chilled Pick,7.36,430,1437,1
2025-10-31,OP-005,Ambient Pick,7.3,546,1155,2
2025-10-31,OP-007,Bulk,7.33,391,1275,0
2025-10-31,OP-009,Ambient Pick,7.91,571,1232,1
2025-10-31,OP-010,Ambient Pick,7.74,559,1018,1
2025-10-31,OP-012,Chilled Pick,7.54,443,1351,1
2025-10-31,OP-013,Returns,8.07,281,730,0
2025-10-31,OP-014,Bulk,3.8,149,305,0
2025-10-31,OP-014,Chilled Pick,3.99,229,507,0
2025-10-31,OP-015,Ambient Pick,5.83,243,705,2
2025-10-31,OP-017,Chilled Pick,7.16,478,901,1
2025-10-31,OP-018,Ambient Pick,1.23,104,257,1
2025-10-31,OP-018,Bulk,4.82,201,587,0
2025-10-31,OP-019,Bulk,6.89,274,806,0
2025-10-31,OP-020,Ambient Pick,8.06,639,2129,2
2025-10-31,OP-021,Chilled Pick,8.41,582,1426,4
2025-10-31,OP-022,Bulk,7.56,233,555,1
2025-10-31,OP-023,Bulk,6.83,259,814,2
2025-10-31,OP-024,Bulk,7.86,204,630,1
2025-10-31,OP-025,Bulk,5.56,271,894,0
2025-10-31,OP-025,Ambient Pick,2.18,193,523,0
2025-10-31,OP-026,Chilled Pick,7.57,470,1363,1
2025-10-31,OP-027,Ambient Pick,6.9,464,785,1
2025-10-31,OP-028,Ambient Pick,8.04,587,1964,2
2025-10-31,OP-029,Ambient Pick,6.95,520,1723,0
2025-10-31,OP-029,Returns,0.62,19,34,0
2025-10-31,OP-031,Chilled Pick,7.73,440,975,8
2025-10-31,OP-032,Chilled Pick,2.37,176,479,0
2025-10-31,OP-032,Ambient Pick,4.61,407,655,0
2025-10-31,OP-033,Ambient Pick,5.28,436,1256,4
2025-10-31,OP-033,Returns,2.41,74,162,1
2025-10-31,OP-034,Chilled Pick,7.77,532,990,2
2025-10-31,OP-035,Bulk,7.58,263,482,1
2025-10-31,OP-036,Bulk,7.04,363,816,2
2025-10-31,OP-037,Bulk,7.02,274,463,0
2025-10-31,OP-038,Bulk,7.77,305,912,2
2025-10-31,OP-040,Ambient Pick,2.3,188,324,3
2025-10-31,OP-040,Bulk,5.82,339,704,5
2025-10-31,OP-041,Chilled Pick,7.33,370,677,1
2025-10-31,OP-042,Ambient Pick,7.71,609,1430,3
2025-10-31,OP-044,Ambient Pick,7.36,389,1208,2
2025-10-31,OP-046,Returns,0.87,25,63,0
2025-10-31,OP-046,Ambient Pick,6.19,472,906,3
2025-10-31,OP-048,Bulk,7.44,291,690,0
2025-11-01,OP-001,Chilled Pick,6.61,537,1230,3
2025-11-01,OP-002,Returns,7.47,359,879,2
2025-11-01,OP-003,Chilled Pick,7.51,480,1202,3
2025-11-01,OP-004,Returns,7.21,326,1091,2
2025-11-01,OP-005,Ambient Pick,5.55,576,1296,5
2025-11-01,OP-005,Bulk,2.38,144,429,1
2025-11-01,OP-007,Ambient Pick,7.53,901,2952,1
2025-11-01,OP-009,Ambient Pick,6.71,560,1438,0
2025-11-01,OP-009,Chilled Pick,1.97,130,227,3
2025-11-01,OP-010,Ambient Pick,8.04,929,2962,10
2025-11-01,OP-012,Returns,7.87,407,655,6
2025-11-01,OP-013,Chilled Pick,6.82,536,1315,4
2025-11-01,OP-014,Bulk,7.58,401,1255,3
2025-11-01,OP-015,Ambient Pick,7.45,346,661,5
2025-11-01,OP-017,Ambient Pick,6.96,700,1229,4
2025-11-01,OP-018,Bulk,8.2,443,1104,1
2025-11-01,OP-019,Bulk,4.43,223,562,0
2025-11-01,OP-019,Ambient Pick,2.63,267,442,0
2025-11-01,OP-020,Chilled Pick,7.92,646,1773,9
2025-11-01,OP-021,Chilled Pick,6.27,576,1369,3
2025-11-01,OP-022,Returns,7.81,294,877,5
2025-11-01,OP-023,Ambient Pick,7.24,711,1782,6
2025-11-01,OP-024,Ambient Pick,7.58,455,1509,8
2025-11-01,OP-025,Chilled Pick,7.4,661,1368,7
2025-11-01,OP-027,Chilled Pick,6.16,469,939,1
2025-11-01,OP-027,Bulk,2.34,141,346,0
2025-11-01,OP-028,Bulk,7.55,409,943,2
2025-11-01,OP-029,Bulk,7.12,400,666,4
2025-11-01,OP-031,Ambient Pick,1.01,103,286,0
2025-11-01,OP-031,Bulk,7.15,385,1242,2
2025-11-01,OP-033,Ambient Pick,7.42,726,1161,4
2025-11-01,OP-034,Ambient Pick,7.19,776,2438,4
2025-11-01,OP-035,Ambient Pick,8.07,801,2490,10
2025-11-01,OP-036,Chilled Pick,8.42,811,2024,7
2025-11-01,OP-037,Bulk,0.97,53,157,0
2025-11-01,OP-037,Ambient Pick,5.87,588,1021,9
2025-11-01,OP-038,Ambient Pick,1.23,104,167,1
2025-11-01,OP-038,Chilled Pick,6.63,404,1098,9
2025-11-01,OP-040,Ambient Pick,7.76,919,2771,15
2025-11-01,OP-041,Chilled Pick,7.68,467,1360,4
2025-11-01,OP-042,Ambient Pick,7.26,737,1259,10
2025-11-01,OP-042,Bulk,0.86,48,99,1
2025-11-01,OP-046,Bulk,7.84,424,748,3
2025-11-01,OP-048,Ambient Pick,5.92,549,1541,8
2025-11-01,OP-048,Returns,1.48,66,210,2
2025-11-03,OP-001,Bulk,3.16,198,403,2
2025-11-03,OP-001,Chilled Pick,4.43,409,664,5
2025-11-03,OP-002,Ambient Pick,6.71,807,1422,7
2025-11-03,OP-004,Chilled Pick,8.59,782,2237,4
2025-11-03,OP-005,Bulk,7.15,520,1333,5
2025-11-03,OP-005,Chilled Pick,1.43,156,390,3
2025-11-03,OP-009,Chilled Pick,1.34,116,268,1
2025-11-03,OP-009,Ambient Pick,5.91,621,2010,5
2025-11-03,OP-012,Ambient Pick,7.53,1080,3635,17
2025-11-03,OP-013,Ambient Pick,4.85,594,1581,3
2025-11-03,OP-013,Bulk,2.78,170,294,1
2025-11-03,OP-014,Ambient Pick,7.26,838,1602,5
2025-11-03,OP-015,Bulk,7.66,254,464,1
2025-11-03,OP-017,Returns,6.22,341,588,9
2025-11-03,OP-017,Bulk,1.35,87,235,0
2025-11-03,OP-018,Returns,7.37,428,1021,3
2025-11-03,OP-020,Bulk,2.19,130,240,0
2025-11-03,OP-020,Returns,6.4,307,871,5
2025-11-03,OP-021,Ambient Pick,7.71,992,2322,5
2025-11-03,OP-023,Bulk,7.8,480,1185,4
2025-11-03,OP-024,Ambient Pick,8.22,621,1609,12
2025-11-03,OP-025,Ambient Pick,4.25,582,1406,5
2025-11-03,OP-025,Bulk,2.78,206,410,0
2025-11-03,OP-026,Ambient Pick,6.93,971,1776,8
2025-11-03,OP-027,Ambient Pick,8.85,1035,3331,1
2025-11-03,OP-029,Ambient Pick,8.18,906,2653,7
2025-11-03,OP-031,Returns,8.22,384,1071,6
2025-11-03,OP-032,Ambient Pick,8.39,1252,3289,16
2025-11-03,OP-033,Ambient Pick,6.52,792,1888,4
2025-11-03,OP-033,Returns,0.92,48,134,1
2025-11-03,OP-036,Ambient Pick,4.98,788,2127,5
2025-11-03,OP-036,Bulk,3.4,336,818,3
2025-11-03,OP-037,Chilled Pick,7.08,682,1138,9
2025-11-03,OP-040,Ambient Pick,7.68,1166,3947,31
2025-11-03,OP-041,Ambient Pick,1.3,127,329,2
2025-11-03,OP-041,Chilled Pick,6.41,399,1063,3
2025-11-03,OP-042,Ambient Pick,6.66,673,1892,12
2025-11-03,OP-042,Bulk,1.59,113,284,1
2025-11-03,OP-044,Ambient Pick,2.33,172,448,4
2025-11-03,OP-044,Chilled Pick,5.38,316,984,3
2025-11-03,OP-046,Returns,6.49,325,1055,15
2025-11-03,OP-048,Ambient Pick,6.62,702,1599,20
2025-11-04,OP-001,Chilled Pick,7.57,597,988,9
2025-11-04,OP-002,Returns,7.41,372,1184,6
2025-11-04,OP-004,Bulk,3.4,175,470,0
2025-11-04,OP-004,Returns,4.19,164,507,1
2025-11-04,OP-005,Chilled Pick,7.08,570,1937,7
2025-11-04,OP-007,Bulk,8.13,543,1828,3
2025-11-04,OP-010,Bulk,5.68,356,1137,2
2025-11-04,OP-010,Chilled Pick,1.91,158,374,4
2025-11-04,OP-012,Returns,8.35,453,1095,5
2025-11-04,OP-013,Chilled Pick,6.94,605,1011,8
2025-11-04,OP-014,Bulk,7.91,433,1046,1
2025-11-04,OP-015,Chilled Pick,4.53,156,368,3
2025-11-04,OP-015,Ambient Pick,2.7,113,182,2
2025-11-04,OP-017,Ambient Pick,6.79,671,2005,7
2025-11-04,OP-018,Ambient Pick,1.82,202,354,0
2025-11-04,OP-018,Bulk,6.13,385,1254,0
2025-11-04,OP-019,Bulk,7.41,410,1038,0
2025-11-04,OP-020,Ambient Pick,8.27,712,1854,5
2025-11-04,OP-021,Ambient Pick,5.07,554,1522,2
2025-11-04,OP-021,Bulk,2.46,176,447,1
2025-11-04,OP-022,Chilled Pick,8.51,610,1153,4
2025-11-04,OP-023,Chilled Pick,4.78,399,700,1
2025-11-04,OP-023,Ambient Pick,3.12,301,560,0
2025-11-04,OP-024,Ambient Pick,7.54,510,887,11
2025-11-04,OP-025,Chilled Pick,7.02,601,1219,7
2025-11-04,OP-026,Returns,5.46,259,689,1
2025-11-04,OP-026,Ambient Pick,2.19,230,468,3
2025-11-04,OP-027,Bulk,7.27,400,1293,1
2025-11-04,OP-028,Chilled Pick,2.26,156,469,2
2025-11-04,OP-028,Bulk,4.78,268,679,1
2025-11-04,OP-029,Ambient Pick,6.75,662,1209,5
2025-11-04,OP-031,Ambient Pick,7.86,830,2635,7
2025-11-04,OP-032,Ambient Pick,9.24,994,2013,8
2025-11-04,OP-033,Ambient Pick,5.26,663,1973,8
2025-11-04,OP-033,Bulk,3.95,254,585,2
2025-11-04,OP-034,Returns,3.48,143,371,0
2025-11-04,OP-034,Ambient Pick,4.82,472,1354,3
2025-11-04,OP-035,Ambient Pick,6.39,686,1752,13
2025-11-04,OP-036,Returns,7.65,485,1229,6
2025-11-04,OP-037,Ambient Pick,7.12,733,2430,8
2025-11-04,OP-038,Ambient Pick,7.83,632,2117,3
2025-11-04,OP-040,Bulk,3.89,250,837,1
2025-11-04,OP-040,Chilled Pick,3.52,384,1247,9
2025-11-04,OP-041,Ambient Pick,2.04,186,569,2
2025-11-04,OP-041,Bulk,5.95,289,494,2
2025-11-04,OP-042,Ambient Pick,7.85,801,1855,9
2025-11-04,OP-044,Ambient Pick,8.56,617,1871,6
2025-11-04,OP-046,Ambient Pick,2.4,205,490,7
2025-11-04,OP-046,Bulk,5.31,242,462,1
2025-11-04,OP-048,Ambient Pick,7.23,685,1656,11
2025-11-05,OP-001,Bulk,7.96,442,1289,0
2025-11-05,OP-002,Ambient Pick,6.71,697,1696,3
2025-11-05,OP-002,Chilled Pick,1.13,85,186,0
2025-11-05,OP-003,Chilled Pick,7.31,509,1294,3
2025-11-05,OP-003,Ambient Pick,0.97,84,138,3
2025-11-05,OP-005,Ambient Pick,7.85,766,2241,4
2025-11-05,OP-007,Chilled Pick,7.23,702,1769,7
2025-11-05,OP-009,Chilled Pick,6.71,510,1284,5
2025-11-05,OP-009,Returns,1.91,70,200,0
2025-11-05,OP-012,Chilled Pick,4.13,349,605,0
2025-11-05,OP-012,Ambient Pick,3.27,380,757,4
2025-11-05,OP-014,Ambient Pick,7.09,690,1811,5
2025-11-05,OP-015,Chilled Pick,6.55,235,437,3
2025-11-05,OP-018,Bulk,7.04,389,1318,0
2025-11-05,OP-019,Chilled Pick,4.17,318,768,1
2025-11-05,OP-019,Returns,3.52,156,423,2
2025-11-05,OP-021,Ambient Pick,7.95,858,1617,7
2025-11-05,OP-022,Ambient Pick,4.14,351,689,6
2025-11-05,OP-022,Chilled Pick,3.39,198,507,1
2025-11-05,OP-023,Ambient Pick,3.47,361,878,2
2025-11-05,OP-023,Bulk,4.0,242,519,1
2025-11-05,OP-025,Chilled Pick,7.79,653,1617,5
2025-11-05,OP-026,Returns,0.66,32,100,0
2025-11-05,OP-026,Chilled Pick,7.23,602,1065,4
2025-11-05,OP-027,Ambient Pick,7.02,694,1468,6
2025-11-05,OP-029,Bulk,3.82,189,317,1
2025-11-05,OP-029,Ambient Pick,3.55,318,954,1
2025-11-05,OP-031,Bulk,7.19,411,989,2
2025-11-05,OP-032,Chilled Pick,7.05,698,1521,5
2025-11-05,OP-033,Ambient Pick,8.37,943,2652,5
2025-11-05,OP-034,Ambient Pick,5.42,458,1217,3
2025-11-05,OP-034,Chilled Pick,1.71,136,368,3
2025-11-05,OP-035,Ambient Pick,7.21,721,1275,5
2025-11-05,OP-036,Bulk,7.13,538,1120,1
2025-11-05,OP-037,Returns,0.81,34,86,1
2025-11-05,OP-037,Ambient Pick,6.5,690,1995,10
2025-11-05,OP-038,Bulk,7.6,333,640,3
2025-11-05,OP-041,Bulk,7.5,370,1037,1
2025-11-05,OP-042,Chilled Pick,2.37,211,485,7
2025-11-05,OP-042,Bulk,5.78,346,740,6
2025-11-05,OP-044,Returns,7.4,219,486,4
2025-11-05,OP-046,Ambient Pick,3.66,326,541,2
2025-11-05,OP-046,Chilled Pick,3.99,301,503,5
2025-11-05,OP-048,Bulk,7.16,369,1144,4
2025-11-06,OP-001,Chilled Pick,6.96,598,1323,13
2025-11-06,OP-002,Bulk,8.08,509,1656,5
2025-11-06,OP-003,Bulk,8.73,435,1287,4
2025-11-06,OP-004,Ambient Pick,7.38,660,1141,0
2025-11-06,OP-007,Chilled Pick,7.46,670,1889,1
2025-11-06,OP-009,Chilled Pick,0.55,39,119,0
2025-11-06,OP-009,Ambient Pick,7.33,635,1091,4
2025-11-06,OP-010,Chilled Pick,7.53,657,1644,2
2025-11-06,OP-012,Ambient Pick,7.69,733,1883,1
2025-11-06,OP-013,Chilled Pick,6.85,503,1514,3
2025-11-06,OP-015,Ambient Pick,7.29,376,822,0
2025-11-06,OP-017,Chilled Pick,6.82,602,1705,7
2025-11-06,OP-018,Chilled Pick,2.68,229,558,0
2025-11-06,OP-018,Bulk,4.56,276,702,1
2025-11-06,OP-019,Chilled Pick,3.06,205,365,0
2025-11-06,OP-019,Bulk,4.08,200,571,0
2025-11-06,OP-020,Ambient Pick,8.12,792,1487,15
2025-11-06,OP-021,Ambient Pick,6.71,744,1635,10
2025-11-06,OP-022,Chilled Pick,7.25,483,834,5
2025-11-06,OP-023,Chilled Pick,8.63,736,2243,7
2025-11-06,OP-024,Bulk,8.44,347,668,6
2025-11-06,OP-025,Bulk,7.75,485,1204,1
2025-11-06,OP-026,Chilled Pick,1.22,116,191,0
2025-11-06,OP-026,Ambient Pick,5.93,611,1655,2
2025-11-06,OP-027,Ambient Pick,5.83,572,1593,4
2025-11-06,OP-027,Bulk,1.41,76,159,0
2025-11-06,OP-028,Returns,7.72,333,665,4
2025-11-06,OP-029,Chilled Pick,7.32,540,966,3
2025-11-06,OP-032,Bulk,7.63,522,1723,1
2025-11-06,OP-033,Chilled Pick,8.21,688,1453,5
2025-11-06,OP-034,Ambient Pick,7.3,706,2191,5
2025-11-06,OP-036,Bulk,7.38,470,967,2
2025-11-06,OP-037,Ambient Pick,7.44,666,1748,5
2025-11-06,OP-038,Chilled Pick,8.56,622,1347,8
2025-11-06,OP-040,Bulk,7.56,607,1318,6
2025-11-06,OP-042,Returns,7.2,369,900,21
2025-11-06,OP-042,Ambient Pick,0.79,71,195,1
2025-11-06,OP-044,Chilled Pick,7.59,387,1143,3
2025-11-06,OP-046,Chilled Pick,8.56,619,2051,9
2025-11-06,OP-048,Ambient Pick,8.14,700,1193,7
2025-11-07,OP-001,Bulk,6.86,378,1240,2
2025-11-07,OP-003,Returns,2.33,101,340,2
2025-11-07,OP-003,Bulk,4.21,214,595,0
2025-11-07,OP-004,Bulk,7.69,415,671,3
2025-11-07,OP-005,Ambient Pick,7.84,734,1810,8
2025-11-07,OP-007,Bulk,7.13,453,1368,1
2025-11-07,OP-009,Chilled Pick,7.57,473,1250,5
2025-11-07,OP-010,Bulk,7.13,409,1374,2
2025-11-07,OP-012,Chilled Pick,7.22,620,1676,1
2025-11-07,OP-014,Ambient Pick,6.86,676,2015,3
2025-11-07,OP-015,Ambient Pick,2.11,110,227,0
2025-11-07,OP-015,Bulk,5.96,153,488,0
2025-11-07,OP-017,Ambient Pick,8.17,884,2270,9
2025-11-07,OP-018,Bulk,5.09,330,669,0
2025-11-07,OP-018,Ambient Pick,1.91,222,455,1
2025-11-07,OP-019,Chilled Pick,7.69,546,1324,6
2025-11-07,OP-020,Returns,2.16,91,212,1
2025-11-07,OP-020,Ambient Pick,6.32,663,2240,9
2025-11-07,OP-022,Ambient Pick,4.46,405,670,7
2025-11-07,OP-022,Chilled Pick,3.3,212,630,0
2025-11-07,OP-023,Ambient Pick,7.47,733,1502,7
2025-11-07,OP-024,Ambient Pick,8.09,576,1011,19
2025-11-07,OP-027,Ambient Pick,4.04,372,946,2
2025-11-07,OP-027,Chilled Pick,3.27,247,682,0
2025-11-07,OP-028,Bulk,8.24,466,846,3
2025-11-07,OP-029,Ambient Pick,8.49,794,2678,4
2025-11-07,OP-031,Ambient Pick,3.76,331,756,1
2025-11-07,OP-031,Returns,4.29,185,381,4
2025-11-07,OP-032,Ambient Pick,6.51,870,1857,7
2025-11-07,OP-033,Bulk,8.48,517,1442,5
2025-11-07,OP-034,Ambient Pick,6.84,736,1232,3
2025-11-07,OP-035,Bulk,6.86,337,906,3
2025-11-07,OP-037,Bulk,7.87,433,865,1
2025-11-07,OP-038,Chilled Pick,9.01,553,911,7
2025-11-07,OP-040,Chilled Pick,7.79,794,2650,10
2025-11-07,OP-041,Returns,7.7,288,590,2
2025-11-07,OP-042,Bulk,7.84,442,821,2
2025-11-07,OP-044,Ambient Pick,3.46,232,690,3
2025-11-07,OP-044,Chilled Pick,3.55,188,589,1
2025-11-07,OP-046,Ambient Pick,6.96,571,1752,2
2025-11-07,OP-046,Chilled Pick,0.97,73,151,2
2025-11-07,OP-048,Chilled Pick,6.85,451,869,7
2025-11-08,OP-001,Bulk,7.53,409,840,1
2025-11-08,OP-002,Chilled Pick,8.1,659,1167,4
2025-11-08,OP-003,Ambient Pick,1.81,166,466,1
2025-11-08,OP-003,Bulk,5.39,261,857,1
2025-11-08,OP-004,Chilled Pick,7.67,576,1077,1
2025-11-08,OP-009,Chilled Pick,8.09,518,1744,5
2025-11-08,OP-010,Ambient Pick,7.11,762,2062,8
2025-11-08,OP-012,Ambient Pick,7.29,832,2300,5
2025-11-08,OP-014,Bulk,6.27,383,947,4
2025-11-08,OP-015,Chilled Pick,7.64,305,935,6
2025-11-08,OP-017,Ambient Pick,7.15,822,1516,2
2025-11-08,OP-018,Ambient Pick,3.46,352,735,1
2025-11-08,OP-018,Chilled Pick,4.68,411,687,0
2025-11-08,OP-019,Ambient Pick,8.38,791,2362,4
2025-11-08,OP-020,Chilled Pick,6.7,544,1663,4
2025-11-08,OP-021,Ambient Pick,6.69,689,2320,3
2025-11-08,OP-022,Chilled Pick,6.9,408,1329,2
2025-11-08,OP-023,Ambient Pick,7.82,877,2925,9
2025-11-08,OP-024,Ambient Pick,1.03,77,161,5
2025-11-08,OP-024,Returns,6.23,187,463,6
2025-11-08,OP-025,Chilled Pick,4.52,404,663,5
2025-11-08,OP-025,Ambient Pick,3.67,328,794,2
2025-11-08,OP-026,Chilled Pick,7.08,629,1432,6
2025-11-08,OP-027,Bulk,7.37,382,886,0
2025-11-08,OP-028,Ambient Pick,9.23,860,1513,5
2025-11-08,OP-029,Returns,8.36,365,776,6
2025-11-08,OP-031,Ambient Pick,7.6,776,2068,5
2025-11-08,OP-032,Bulk,2.76,177,351,0
2025-11-08,OP-032,Ambient Pick,4.33,556,1673,1
2025-11-08,OP-033,Ambient Pick,7.4,845,1893,9
2025-11-08,OP-034,Chilled Pick,6.66,538,1339,6
2025-11-08,OP-034,Ambient Pick,0.9,89,235,0
2025-11-08,OP-036,Ambient Pick,7.61,1029,2606,12
2025-11-08,OP-037,Ambient Pick,5.29,556,1575,3
2025-11-08,OP-037,Bulk,2.34,140,402,0
2025-11-08,OP-038,Bulk,7.49,353,944,4
2025-11-08,OP-040,Ambient Pick,4.86,549,1865,12
2025-11-08,OP-040,Bulk,1.48,96,194,1
2025-11-08,OP-041,Ambient Pick,3.77,314,907,2
2025-11-08,OP-041,Bulk,4.48,233,671,3
2025-11-08,OP-042,Ambient Pick,8.51,827,1620,10
2025-11-08,OP-044,Ambient Pick,8.12,535,1019,6
2025-11-08,OP-046,Ambient Pick,8.74,797,1778,17
2025-11-10,OP-002,Ambient Pick,7.35,940,2132,8
2025-11-10,OP-004,Chilled Pick,6.78,592,1619,7
2025-11-10,OP-007,Chilled Pick,2.64,313,1064,4
2025-11-10,OP-007,Bulk,4.43,360,841,4
2025-11-10,OP-009,Bulk,2.01,109,342,0
2025-11-10,OP-009,Chilled Pick,5.3,474,850,6
2025-11-10,OP-010,Returns,2.99,176,539,3
2025-11-10,OP-010,Ambient Pick,3.35,455,1279,2
2025-11-10,OP-012,Bulk,8.6,594,1277,4
2025-11-10,OP-013,Ambient Pick,8.58,1047,1859,13
2025-11-10,OP-014,Bulk,7.09,475,1283,5
2025-11-10,OP-015,Chilled Pick,7.69,372,1070,10
2025-11-10,OP-017,Ambient Pick,5.33,629,1558,5
2025-11-10,OP-017,Bulk,1.67,111,224,0
2025-11-10,OP-018,Bulk,7.43,501,804,1
2025-11-10,OP-020,Returns,7.39,365,738,10
2025-11-10,OP-021,Chilled Pick,7.54,821,2439,16
2025-11-10,OP-022,Bulk,8.06,407,913,4
2025-11-10,OP-023,Bulk,7.57,543,1550,0
2025-11-10,OP-025,Ambient Pick,7.56,995,3221,7
2025-11-10,OP-026,Chilled Pick,7.4,769,1585,10
2025-11-10,OP-027,Ambient Pick,6.99,785,2425,6
2025-11-10,OP-028,Ambient Pick,6.52,840,2322,13
2025-11-10,OP-028,Bulk,0.76,44,84,0
2025-11-10,OP-029,Returns,8.54,472,1499,10
2025-11-10,OP-031,Ambient Pick,6.16,728,1396,12
2025-11-10,OP-031,Chilled Pick,1.19,106,291,0
2025-11-10,OP-032,Chilled Pick,8.65,957,2513,11
2025-11-10,OP-033,Ambient Pick,6.37,831,1458,16
2025-11-10,OP-034,Ambient Pick,7.51,979,2559,10
2025-11-10,OP-035,Bulk,4.34,288,807,5
2025-11-10,OP-035,Ambient Pick,3.46,401,751,9
2025-11-10,OP-036,Returns,7.23,505,822,11
2025-11-10,OP-037,Chilled Pick,3.05,295,636,6
2025-11-10,OP-037,Ambient Pick,4.0,451,751,5
2025-11-10,OP-038,Bulk,2.57,142,300,2
2025-11-10,OP-038,Chilled Pick,3.9,284,627,12
2025-11-10,OP-040,Chilled Pick,6.81,826,1642,21
2025-11-10,OP-041,Chilled Pick,7.62,587,1066,10
2025-11-10,OP-042,Bulk,7.04,490,1455,7
2025-11-10,OP-044,Ambient Pick,7.9,634,1865,6
2025-11-10,OP-046,Ambient Pick,7.36,756,1377,10
2025-11-10,OP-048,Ambient Pick,0.63,66,180,1
2025-11-10,OP-048,Chilled Pick,7.37,624,2016,20
2025-11-11,OP-001,Returns,2.28,111,269,0
2025-11-11,OP-001,Ambient Pick,6.26,662,1087,7
2025-11-11,OP-002,Bulk,7.58,402,1295,1
2025-11-11,OP-003,Ambient Pick,3.45,332,911,6
2025-11-11,OP-003,Chilled Pick,4.6,281,914,1
2025-11-11,OP-004,Bulk,5.01,272,851,2
2025-11-11,OP-004,Ambient Pick,3.68,341,630,1
2025-11-11,OP-007,Chilled Pick,7.38,559,1284,2
2025-11-11,OP-010,Chilled Pick,6.55,508,1668,4
2025-11-11,OP-012,Ambient Pick,7.02,826,2657,2
2025-11-11,OP-014,Ambient Pick,6.94,675,1596,7
2025-11-11,OP-015,Chilled Pick,8.34,335,1121,3
2025-11-11,OP-017,Returns,7.64,368,908,5
2025-11-11,OP-018,Bulk,6.96,419,730,0
2025-11-11,OP-019,Bulk,6.74,372,1185,1
2025-11-11,OP-020,Chilled Pick,6.05,474,1204,6
2025-11-11,OP-021,Ambient Pick,5.18,579,1092,0
2025-11-11,OP-021,Bulk,3.17,226,565,3
2025-11-11,OP-022,Chilled Pick,7.07,471,800,5
2025-11-11,OP-024,Returns,7.25,228,673,7
2025-11-11,OP-025,Bulk,1.08,67,165,0
2025-11-11,OP-025,Ambient Pick,7.45,854,2744,8
2025-11-11,OP-026,Chilled Pick,2.0,175,558,1
2025-11-11,OP-026,Ambient Pick,5.67,559,1328,4
2025-11-11,OP-027,Chilled Pick,7.19,526,1779,2
2025-11-11,OP-028,Chilled Pick,4.66,369,1135,5
2025-11-11,OP-028,Ambient Pick,2.16,211,573,2
2025-11-11,OP-029,Ambient Pick,7.02,684,2064,3
2025-11-11,OP-031,Bulk,7.89,398,1212,3
2025-11-11,OP-032,Ambient Pick,7.57,942,1714,5
2025-11-11,OP-033,Ambient Pick,7.12,737,2195,3
2025-11-11,OP-034,Ambient Pick,7.12,721,1216,3
2025-11-11,OP-035,Ambient Pick,7.74,724,1540,11
2025-11-11,OP-036,Ambient Pick,8.38,980,2921,4
2025-11-11,OP-038,Ambient Pick,7.66,650,2162,15
2025-11-11,OP-041,Ambient Pick,7.11,584,1775,0
2025-11-11,OP-042,Bulk,8.29,449,1450,5
2025-11-11,OP-044,Chilled Pick,7.81,414,1205,1
2025-11-11,OP-046,Returns,7.08,325,992,9
2025-11-11,OP-046,Ambient Pick,0.5,43,69,0
2025-11-11,OP-048,Ambient Pick,7.19,680,1803,11
2025-11-12,OP-001,Ambient Pick,6.31,628,1280,9
2025-11-12,OP-002,Ambient Pick,8.08,782,2481,1
2025-11-12,OP-003,Chilled Pick,7.19,539,1062,10
2025-11-12,OP-004,Ambient Pick,2.76,265,525,2
2025-11-12,OP-004,Bulk,4.77,268,547,2
2025-11-12,OP-005,Returns,1.74,82,217,1
2025-11-12,OP-005,Bulk,6.03,343,956,0
2025-11-12,OP-007,Ambient Pick,6.83,694,2238,3
2025-11-12,OP-010,Chilled Pick,7.26,633,1556,7
2025-11-12,OP-012,Bulk,7.94,493,790,3
2025-11-12,OP-013,Chilled Pick,7.85,626,1866,1
2025-11-12,OP-015,Ambient Pick,8.0,387,1121,3
2025-11-12,OP-017,Bulk,3.58,201,435,0
2025-11-12,OP-017,Chilled Pick,3.32,274,907,3
2025-11-12,OP-019,Bulk,7.08,352,1061,0
2025-11-12,OP-020,Ambient Pick,6.88,630,2130,4
2025-11-12,OP-021,Chilled Pick,7.75,648,1895,6
2025-11-12,OP-022,Bulk,7.88,380,1089,3
2025-11-12,OP-023,Bulk,8.57,499,1119,0
2025-11-12,OP-024,Chilled Pick,3.95,191,435,2
2025-11-12,OP-024,Returns,4.5,144,305,6
2025-11-12,OP-025,Chilled Pick,6.72,526,1219,3
2025-11-12,OP-026,Ambient Pick,6.16,665,1135,3
2025-11-12,OP-027,Chilled Pick,1.68,122,409,0
2025-11-12,OP-027,Bulk,5.26,264,733,0
2025-11-12,OP-028,Ambient Pick,8.34,745,2121,7
2025-11-12,OP-029,Ambient Pick,7.63,764,1704,6
2025-11-12,OP-031,Ambient Pick,0.62,57,186,0
2025-11-12,OP-031,Bulk,8.12,419,745,2
2025-11-12,OP-032,Returns,7.7,392,703,3
2025-11-12,OP-034,Ambient Pick,6.89,583,1706,3
2025-11-12,OP-036,Bulk,4.1,321,647,1
2025-11-12,OP-036,Chilled Pick,3.52,347,842,2
2025-11-12,OP-037,Chilled Pick,8.28,673,2236,10
2025-11-12,OP-038,Returns,8.6,311,514,7
2025-11-12,OP-040,Chilled Pick,7.51,735,1779,21
2025-11-12,OP-041,Returns,2.15,85,286,1
2025-11-12,OP-041,Ambient Pick,6.23,467,1375,5
2025-11-12,OP-042,Ambient Pick,8.02,798,1483,9
2025-11-12,OP-044,Bulk,8.24,332,972,3
2025-11-12,OP-046,Bulk,7.67,359,1145,3
2025-11-12,OP-048,Ambient Pick,4.83,446,1235,5
2025-11-12,OP-048,Bulk,2.46,127,357,0
2025-11-13,OP-004,Ambient Pick,6.28,595,1007,1
2025-11-13,OP-005,Ambient Pick,8.69,927,2600,10
2025-11-13,OP-007,Chilled Pick,7.82,698,2115,5
2025-11-13,OP-010,Ambient Pick,6.79,728,2017,8
2025-11-13,OP-012,Ambient Pick,4.38,487,1646,3
2025-11-13,OP-012,Bulk,2.73,193,315,2
2025-11-13,OP-013,Bulk,0.89,42,84,0
2025-11-13,OP-013,Chilled Pick,6.63,528,973,1
2025-11-13,OP-014,Ambient Pick,7.04,647,1491,6
2025-11-13,OP-014,Chilled Pick,1.94,137,342,0
2025-11-13,OP-015,Bulk,0.6,17,45,0
2025-11-13,OP-015,Returns,8.13,186,402,4
2025-11-13,OP-017,Bulk,8.08,520,1736,1
2025-11-13,OP-018,Ambient Pick,3.05,313,1052,1
2025-11-13,OP-018,Bulk,5.27,299,698,0
2025-11-13,OP-019,Chilled Pick,6.81,506,908,2
2025-11-13,OP-020,Ambient Pick,8.34,808,2401,10
2025-11-13,OP-021,Ambient Pick,7.16,803,2073,11
2025-11-13,OP-025,Bulk,6.84,398,814,0
2025-11-13,OP-027,Chilled Pick,4.91,403,736,4
2025-11-13,OP-027,Ambient Pick,2.1,202,323,1
2025-11-13,OP-028,Chilled Pick,7.39,637,1300,12
2025-11-13,OP-029,Bulk,6.55,350,1151,1
2025-11-13,OP-031,Bulk,1.48,71,180,0
2025-11-13,OP-031,Ambient Pick,6.65,637,1379,4
2025-11-13,OP-032,Ambient Pick,5.41,630,1080,4
2025-11-13,OP-032,Bulk,1.16,74,130,0
2025-11-13,OP-033,Ambient Pick,6.81,747,2476,2
2025-11-13,OP-034,Ambient Pick,6.78,703,1173,1
2025-11-13,OP-035,Bulk,7.0,390,1252,3
2025-11-13,OP-037,Returns,7.99,385,802,8
2025-11-13,OP-038,Ambient Pick,7.0,609,2066,7
2025-11-13,OP-040,Chilled Pick,7.15,675,1609,16
2025-11-13,OP-041,Chilled Pick,6.13,417,762,7
2025-11-13,OP-041,Ambient Pick,1.36,117,264,0
2025-11-13,OP-042,Chilled Pick,7.18,553,1526,7
2025-11-13,OP-048,Ambient Pick,8.65,839,2046,13
2025-11-14,OP-001,Bulk,7.56,412,824,4
2025-11-14,OP-002,Ambient Pick,7.72,809,2154,4
2025-11-14,OP-003,Bulk,8.66,402,801,2
2025-11-14,OP-005,Ambient Pick,6.97,783,2552,7
2025-11-14,OP-007,Chilled Pick,2.96,251,775,4
2025-11-14,OP-007,Returns,2.86,131,267,1
2025-11-14,OP-012,Bulk,7.11,446,1476,2
2025-11-14,OP-014,Ambient Pick,7.5,785,2136,6
2025-11-14,OP-015,Ambient Pick,3.71,201,390,2
2025-11-14,OP-015,Returns,4.83,104,248,2
2025-11-14,OP-018,Chilled Pick,7.17,627,1950,2
2025-11-14,OP-020,Ambient Pick,1.63,148,407,0
2025-11-14,OP-020,Bulk,5.55,306,685,2
2025-11-14,OP-021,Ambient Pick,6.3,730,2474,8
2025-11-14,OP-022,Ambient Pick,6.56,540,867,4
2025-11-14,OP-022,Chilled Pick,1.15,75,133,2
2025-11-14,OP-023,Chilled Pick,4.43,365,1164,0
2025-11-14,OP-023,Bulk,3.75,227,678,0
2025-11-14,OP-025,Ambient Pick,7.69,822,2203,9
2025-11-14,OP-026,Chilled Pick,7.11,666,1594,2
2025-11-14,OP-027,Bulk,6.16,343,1021,1
2025-11-14,OP-027,Ambient Pick,1.13,113,308,2
2025-11-14,OP-029,Ambient Pick,7.0,647,1430,3
2025-11-14,OP-031,Chilled Pick,7.8,657,1728,8
2025-11-14,OP-032,Ambient Pick,6.6,830,2511,4
2025-11-14,OP-033,Ambient Pick,7.76,894,1902,4
2025-11-14,OP-034,Ambient Pick,8.16,757,1945,3
2025-11-14,OP-035,Bulk,6.52,333,915,3
2025-11-14,OP-036,Ambient Pick,7.21,856,2089,1
2025-11-14,OP-037,Chilled Pick,1.97,122,306,0
2025-11-14,OP-037,Ambient Pick,5.8,575,1535,2
2025-11-14,OP-038,Chilled Pick,7.5,474,1022,3
2025-11-14,OP-040,Chilled Pick,7.25,676,2250,17
2025-11-14,OP-041,Ambient Pick,7.04,612,1336,8
2025-11-14,OP-042,Ambient Pick,7.29,738,1640,13
2025-11-14,OP-044,Ambient Pick,7.09,476,1321,5
2025-11-14,OP-048,Bulk,2.89,158,283,2
2025-11-14,OP-048,Chilled Pick,5.42,412,674,4
2025-11-15,OP-001,Returns,8.07,418,959,6
2025-11-15,OP-002,Ambient Pick,7.37,701,2144,4
2025-11-15,OP-003,Bulk,8.39,469,1377,1
2025-11-15,OP-004,Bulk,7.7,406,1043,1
2025-11-15,OP-007,Ambient Pick,6.83,767,1396,8
2025-11-15,OP-009,Ambient Pick,7.21,623,1716,1
2025-11-15,OP-010,Returns,8.45,386,642,7
2025-11-15,OP-012,Ambient Pick,7.4,847,2477,12
2025-11-15,OP-013,Bulk,3.49,185,581,0
2025-11-15,OP-013,Ambient Pick,4.88,528,1278,2
2025-11-15,OP-014,Ambient Pick,0.62,60,153,0
2025-11-15,OP-014,Chilled Pick,6.36,536,1324,3
2025-11-15,OP-015,Bulk,7.72,214,726,2
2025-11-15,OP-017,Chilled Pick,7.28,575,1333,4
2025-11-15,OP-018,Chilled Pick,7.24,557,1826,7
2025-11-15,OP-018,Ambient Pick,0.56,57,116,0
2025-11-15,OP-019,Chilled Pick,7.7,597,1964,5
2025-11-15,OP-020,Ambient Pick,7.96,873,2311,17
2025-11-15,OP-021,Chilled Pick,7.12,653,1111,6
2025-11-15,OP-022,Chilled Pick,7.54,449,727,5
2025-11-15,OP-023,Chilled Pick,7.47,568,1838,4
2025-11-15,OP-024,Ambient Pick,7.31,505,1459,14
2025-11-15,OP-025,Chilled Pick,7.86,745,1635,13
2025-11-15,OP-026,Ambient Pick,7.43,777,1539,4
2025-11-15,OP-027,Bulk,2.3,119,309,1
2025-11-15,OP-027,Returns,5.58,285,464,1
2025-11-15,OP-031,Ambient Pick,7.63,712,1148,7
2025-11-15,OP-032,Ambient Pick,7.63,1014,2208,5
2025-11-15,OP-033,Bulk,5.21,301,495,0
2025-11-15,OP-033,Ambient Pick,2.51,259,709,0
2025-11-15,OP-034,Ambient Pick,8.18,852,1418,8
2025-11-15,OP-035,Chilled Pick,7.33,548,947,4
2025-11-15,OP-036,Ambient Pick,7.22,957,2400,7
2025-11-15,OP-037,Ambient Pick,8.2,698,1660,6
2025-11-15,OP-038,Bulk,3.08,143,341,1
2025-11-15,OP-038,Ambient Pick,5.29,441,778,5
2025-11-15,OP-040,Bulk,6.62,565,1824,8
2025-11-15,OP-041,Chilled Pick,6.43,419,676,4
2025-11-15,OP-041,Bulk,2.49,109,203,0
2025-11-15,OP-042,Chilled Pick,6.89,588,1509,12
2025-11-15,OP-044,Ambient Pick,6.32,437,1077,6
2025-11-15,OP-046,Ambient Pick,7.35,639,1816,10
2025-11-17,OP-001,Chilled Pick,7.12,727,2064,8
2025-11-17,OP-002,Bulk,7.59,550,1735,4
2025-11-17,OP-003,Bulk,6.75,485,1476,4
2025-11-17,OP-004,Chilled Pick,7.86,639,1279,4
2025-11-17,OP-005,Bulk,7.67,568,1650,2
2025-11-17,OP-007,Ambient Pick,7.65,1039,2548,8
2025-11-17,OP-009,Returns,8.16,348,1028,2
2025-11-17,OP-010,Bulk,8.2,623,1430,3
2025-11-17,OP-012,Bulk,7.91,558,1626,2
2025-11-17,OP-013,Ambient Pick,7.35,869,2066,11
2025-11-17,OP-014,Bulk,7.81,519,1359,7
2025-11-17,OP-015,Ambient Pick,7.73,481,1592,8
2025-11-17,OP-017,Bulk,8.29,552,1286,3
2025-11-17,OP-018,Ambient Pick,8.23,1124,3699,7
2025-11-17,OP-019,Ambient Pick,7.71,924,1974,5
2025-11-17,OP-020,Bulk,7.52,489,1443,4
2025-11-17,OP-021,Chilled Pick,8.41,952,2950,15
2025-11-17,OP-022,Ambient Pick,8.1,875,1564,7
2025-11-17,OP-023,Ambient Pick,0.57,68,119,1
2025-11-17,OP-023,Chilled Pick,5.09,486,856,2
2025-11-17,OP-024,Returns,8.83,363,1131,17
2025-11-17,OP-025,Bulk,8.23,509,1641,6
2025-11-17,OP-026,Ambient Pick,2.12,249,496,3
2025-11-17,OP-026,Chilled Pick,5.11,546,1220,6
2025-11-17,OP-027,Ambient Pick,8.61,952,1972,7
2025-11-17,OP-029,Ambient Pick,7.64,861,2177,5
2025-11-17,OP-032,Ambient Pick,7.7,953,2401,8
2025-11-17,OP-037,Ambient Pick,7.08,878,2496,12
2025-11-17,OP-038,Returns,7.06,318,1077,14
2025-11-17,OP-040,Ambient Pick,8.39,1212,2756,21
2025-11-17,OP-041,Chilled Pick,6.25,455,1127,2
2025-11-17,OP-041,Bulk,1.85,107,260,1
2025-11-17,OP-042,Chilled Pick,5.48,510,1572,6
2025-11-17,OP-042,Ambient Pick,2.12,249,835,2
2025-11-17,OP-044,Returns,7.84,316,581,8
2025-11-17,OP-046,Ambient Pick,6.26,697,1523,10
2025-11-17,OP-046,Chilled Pick,1.32,120,273,5
2025-11-17,OP-048,Ambient Pick,7.17,689,2042,14
2025-11-18,OP-001,Ambient Pick,7.24,804,1858,10
2025-11-18,OP-002,Bulk,7.5,466,1026,2
2025-11-18,OP-003,Ambient Pick,4.23,362,972,5
2025-11-18,OP-003,Chilled Pick,2.85,221,607,3
2025-11-18,OP-004,Bulk,7.89,416,690,1
2025-11-18,OP-005,Ambient Pick,2.01,234,613,1
2025-11-18,OP-005,Chilled Pick,4.89,432,709,5
2025-11-18,OP-007,Chilled Pick,7.61,654,2020,6
2025-11-18,OP-009,Returns,7.64,277,838,3
2025-11-18,OP-010,Ambient Pick,8.21,724,1223,2
2025-11-18,OP-012,Chilled Pick,8.12,794,2370,11
2025-11-18,OP-013,Ambient Pick,7.2,653,1249,1
2025-11-18,OP-014,Bulk,7.35,401,794,0
2025-11-18,OP-017,Chilled Pick,7.58,651,1577,6
2025-11-18,OP-018,Chilled Pick,7.81,607,1170,1
2025-11-18,OP-019,Ambient Pick,6.68,653,1599,3
2025-11-18,OP-020,Ambient Pick,6.75,696,2178,4
2025-11-18,OP-021,Ambient Pick,8.08,845,1493,1
2025-11-18,OP-022,Returns,7.6,272,476,6
2025-11-18,OP-023,Ambient Pick,8.73,881,2554,2
2025-11-18,OP-024,Ambient Pick,2.2,149,353,4
2025-11-18,OP-024,Bulk,5.76,223,529,3
2025-11-18,OP-025,Bulk,9.14,560,1511,4
2025-11-18,OP-026,Ambient Pick,7.92,872,2820,2
2025-11-18,OP-027,Ambient Pick,8.45,882,2539,7
2025-11-18,OP-028,Ambient Pick,6.71,636,1770,6
2025-11-18,OP-029,Ambient Pick,2.04,190,309,4
2025-11-18,OP-029,Chilled Pick,6.36,454,1442,4
2025-11-18,OP-031,Chilled Pick,7.72,573,1880,4
2025-11-18,OP-032,Ambient Pick,5.88,670,1568,7
2025-11-18,OP-032,Bulk,0.78,51,87,0
2025-11-18,OP-033,Ambient Pick,7.44,814,2197,12
2025-11-18,OP-035,Bulk,6.97,407,938,3
2025-11-18,OP-036,Chilled Pick,7.35,736,1840,7
2025-11-18,OP-037,Chilled Pick,8.44,676,1171,4
2025-11-18,OP-038,Ambient Pick,4.68,404,1326,7
2025-11-18,OP-038,Chilled Pick,2.97,170,531,1
2025-11-18,OP-041,Returns,8.49,248,398,1
2025-11-18,OP-042,Returns,2.08,94,247,3
2025-11-18,OP-042,Ambient Pick,6.33,604,1874,2
2025-11-18,OP-044,Ambient Pick,8.06,488,949,1
2025-11-18,OP-046,Bulk,6.02,286,647,3
2025-11-18,OP-048,Chilled Pick,7.67,555,1280,6
2025-11-19,OP-001,Ambient Pick,8.16,898,2783,9
2025-11-19,OP-003,Ambient Pick,6.8,641,1702,6
2025-11-19,OP-004,Ambient Pick,7.71,765,1522,5
2025-11-19,OP-005,Chilled Pick,7.17,597,1736,9
2025-11-19,OP-007,Chilled Pick,6.26,570,1071,4
2025-11-19,OP-009,Bulk,7.79,352,678,0
2025-11-19,OP-010,Ambient Pick,7.47,762,2286,7
2025-11-19,OP-012,Bulk,1.3,97,161,1
2025-11-19,OP-012,Ambient Pick,6.63,755,1769,6
2025-11-19,OP-013,Bulk,7.33,412,1372,2
2025-11-19,OP-014,Ambient Pick,7.49,716,1400,5
2025-11-19,OP-015,Ambient Pick,2.35,117,288,1
2025-11-19,OP-015,Bulk,2.89,96,202,0
2025-11-19,OP-017,Returns,8.18,407,1027,9
2025-11-19,OP-018,Returns,7.24,359,938,2
2025-11-19,OP-019,Returns,7.35,313,906,1
2025-11-19,OP-020,Ambient Pick,7.78,723,2415,6
2025-11-19,OP-021,Ambient Pick,7.76,914,2445,5
2025-11-19,OP-022,Chilled Pick,7.83,525,998,3
2025-11-19,OP-023,Returns,1.65,82,269,1
2025-11-19,OP-023,Chilled Pick,6.96,559,1362,4
2025-11-19,OP-024,Ambient Pick,7.27,514,947,16
2025-11-19,OP-025,Bulk,8.15,573,1787,3
2025-11-19,OP-026,Ambient Pick,7.54,814,2351,5
2025-11-19,OP-027,Chilled Pick,8.28,606,1338,4
2025-11-19,OP-028,Ambient Pick,7.03,701,1932,10
2025-11-19,OP-029,Chilled Pick,6.3,486,1108,2
2025-11-19,OP-031,Returns,7.33,307,780,5
2025-11-19,OP-032,Bulk,6.95,464,1196,3
2025-11-19,OP-033,Ambient Pick,7.27,812,1357,8
2025-11-19,OP-034,Chilled Pick,6.68,598,1020,5
2025-11-19,OP-035,Bulk,6.42,419,1407,6
2025-11-19,OP-036,Chilled Pick,7.51,740,1230,6
2025-11-19,OP-037,Ambient Pick,6.02,540,1057,2
2025-11-19,OP-037,Bulk,0.51,31,57,0
2025-11-19,OP-038,Chilled Pick,8.24,456,1259,4
2025-11-19,OP-041,Chilled Pick,6.91,422,998,6
2025-11-19,OP-042,Ambient Pick,8.42,993,1604,19
2025-11-19,OP-046,Ambient Pick,8.11,788,2135,16
2025-11-19,OP-048,Chilled Pick,7.22,522,1761,13
2025-11-20,OP-002,Ambient Pick,7.67,743,1336,12
2025-11-20,OP-003,Bulk,6.6,341,738,3
2025-11-20,OP-004,Ambient Pick,6.72,724,1917,3
2025-11-20,OP-005,Ambient Pick,1.74,199,336,3
2025-11-20,OP-005,Bulk,5.91,338,604,3
2025-11-20,OP-007,Ambient Pick,7.29,831,2321,3
2025-11-20,OP-009,Chilled Pick,7.42,558,1803,4
2025-11-20,OP-010,Bulk,7.08,443,1430,3
2025-11-20,OP-012,Ambient Pick,7.21,775,1758,8
2025-11-20,OP-013,Chilled Pick,8.25,542,1347,2
2025-11-20,OP-014,Returns,4.97,186,609,2
2025-11-20,OP-014,Ambient Pick,2.1,192,497,2
2025-11-20,OP-015,Bulk,7.14,224,473,2
2025-11-20,OP-017,Returns,6.92,296,662,3
2025-11-20,OP-018,Ambient Pick,3.33,366,709,3
2025-11-20,OP-018,Bulk,4.65,306,914,1
2025-11-20,OP-019,Bulk,1.56,81,209,0
2025-11-20,OP-019,Chilled Pick,6.71,430,1102,2
2025-11-20,OP-020,Bulk,4.48,244,724,1
2025-11-20,OP-020,Ambient Pick,3.38,303,800,1
2025-11-20,OP-021,Bulk,8.1,466,996,0
2025-11-20,OP-022,Chilled Pick,8.61,588,1413,5
2025-11-20,OP-024,Chilled Pick,6.98,393,987,6
2025-11-20,OP-025,Ambient Pick,1.96,224,680,2
2025-11-20,OP-025,Bulk,5.28,338,889,3
2025-11-20,OP-026,Bulk,7.87,405,872,0
2025-11-20,OP-027,Bulk,1.16,67,139,0
2025-11-20,OP-027,Returns,5.75,216,347,0
2025-11-20,OP-028,Bulk,7.64,462,880,8
2025-11-20,OP-029,Chilled Pick,7.98,598,1255,2
2025-11-20,OP-031,Returns,7.49,379,1192,13
2025-11-20,OP-032,Ambient Pick,7.05,829,2350,4
2025-11-20,OP-033,Bulk,5.13,330,973,1
2025-11-20,OP-033,Ambient Pick,2.6,299,1011,3
2025-11-20,OP-034,Ambient Pick,6.24,637,1411,2
2025-11-20,OP-035,Ambient Pick,5.99,528,1258,11
2025-11-20,OP-035,Bulk,1.36,73,167,1
2025-11-20,OP-036,Chilled Pick,2.56,266,519,4
2025-11-20,OP-036,Ambient Pick,5.32,680,1642,5
2025-11-20,OP-037,Ambient Pick,7.63,808,2728,3
2025-11-20,OP-038,Bulk,0.56,24,71,0
2025-11-20,OP-038,Ambient Pick,6.94,622,1000,5
2025-11-20,OP-040,Ambient Pick,8.62,1060,3228,24
2025-11-20,OP-041,Bulk,7.71,315,513,1
2025-11-20,OP-042,Ambient Pick,7.51,743,1682,8
2025-11-20,OP-046,Chilled Pick,7.95,465,1088,6
2025-11-20,OP-048,Chilled Pick,8.03,498,880,5
2025-11-21,OP-001,Ambient Pick,6.34,696,1218,6
2025-11-21,OP-002,Chilled Pick,6.94,553,1085,2
2025-11-21,OP-003,Chilled Pick,8.67,639,1085,6
2025-11-21,OP-005,Chilled Pick,8.29,691,1409,4
2025-11-21,OP-007,Returns,3.76,196,545,3
2025-11-21,OP-007,Ambient Pick,3.44,408,655,7
2025-11-21,OP-009,Chilled Pick,7.74,480,839,6
2025-11-21,OP-010,Ambient Pick,8.33,746,1950,3
2025-11-21,OP-012,Chilled Pick,7.17,646,1137,10
2025-11-21,OP-013,Ambient Pick,7.52,698,2328,4
2025-11-21,OP-014,Ambient Pick,6.39,578,1454,3
2025-11-21,OP-015,Ambient Pick,8.4,420,945,5
2025-11-21,OP-017,Ambient Pick,7.53,822,2786,9
2025-11-21,OP-017,Chilled Pick,0.52,45,102,0
2025-11-21,OP-018,Ambient Pick,7.76,861,2144,2
2025-11-21,OP-019,Ambient Pick,4.17,429,1235,2
2025-11-21,OP-019,Bulk,2.39,120,323,0
2025-11-21,OP-020,Returns,7.38,277,861,5
2025-11-21,OP-021,Chilled Pick,7.48,644,1315,5
2025-11-21,OP-022,Ambient Pick,7.56,635,1442,4
2025-11-21,OP-023,Ambient Pick,7.34,725,1898,1
2025-11-21,OP-024,Ambient Pick,6.46,498,1518,13
2025-11-21,OP-025,Chilled Pick,7.9,594,1812,5
2025-11-21,OP-026,Ambient Pick,0.85,99,171,0
2025-11-21,OP-026,Chilled Pick,7.41,615,1350,4
2025-11-21,OP-027,Ambient Pick,8.06,862,2180,3
2025-11-21,OP-028,Ambient Pick,7.04,827,2624,9
2025-11-21,OP-031,Ambient Pick,7.2,760,1315,10
2025-11-21,OP-032,Returns,7.87,425,1174,11
2025-11-21,OP-034,Ambient Pick,8.18,765,1417,6
2025-11-21,OP-035,Chilled Pick,5.77,418,1410,3
2025-11-21,OP-035,Ambient Pick,2.12,205,398,1
2025-11-21,OP-036,Ambient Pick,9.06,1135,3740,10
2025-11-21,OP-037,Returns,7.7,310,1039,3
2025-11-21,OP-038,Ambient Pick,6.58,505,1076,8
2025-11-21,OP-040,Bulk,7.8,547,1449,11
2025-11-21,OP-041,Bulk,7.31,317,697,0
2025-11-21,OP-044,Chilled Pick,7.0,374,1131,6
2025-11-21,OP-046,Bulk,7.4,352,753,6
2025-11-21,OP-048,Ambient Pick,7.26,603,1030,7
2025-11-22,OP-001,Ambient Pick,3.58,372,952,5
2025-11-22,OP-001,Chilled Pick,3.29,296,667,3
2025-11-22,OP-002,Ambient Pick,7.35,833,1919,3
2025-11-22,OP-003,Chilled Pick,2.07,153,436,0
2025-11-22,OP-003,Returns,5.64,263,665,6
2025-11-22,OP-004,Ambient Pick,7.18,609,1933,0
2025-11-22,OP-005,Bulk,7.98,517,1394,3
2025-11-22,OP-007,Ambient Pick,7.69,861,2925,1
2025-11-22,OP-009,Ambient Pick,7.23,628,1419,2
2025-11-22,OP-010,Bulk,7.64,441,1202,0
2025-11-22,OP-012,Bulk,7.94,567,1089,4
2025-11-22,OP-013,Bulk,7.51,405,943,1
2025-11-22,OP-014,Ambient Pick,1.75,163,278,0
2025-11-22,OP-014,Bulk,5.81,313,503,2
2025-11-22,OP-015,Chilled Pick,7.06,254,840,1
2025-11-22,OP-017,Ambient Pick,8.64,992,2615,9
2025-11-22,OP-019,Returns,8.73,385,784,1
2025-11-22,OP-020,Returns,7.49,279,619,2
2025-11-22,OP-021,Ambient Pick,3.73,407,780,1
2025-11-22,OP-021,Returns,4.13,188,605,1
2025-11-22,OP-022,Chilled Pick,7.53,512,1566,5
2025-11-22,OP-023,Returns,6.68,319,975,3
2025-11-22,OP-023,Ambient Pick,2.18,228,458,0
2025-11-22,OP-024,Ambient Pick,7.87,525,1367,8
2025-11-22,OP-025,Chilled Pick,7.97,607,1802,4
2025-11-22,OP-026,Ambient Pick,8.71,942,1783,3
2025-11-22,OP-027,Bulk,4.11,214,610,0
2025-11-22,OP-027,Returns,3.59,149,338,0
2025-11-22,OP-029,Ambient Pick,7.89,787,2000,8
2025-11-22,OP-031,Ambient Pick,6.89,595,1867,7
2025-11-22,OP-032,Returns,8.65,538,1485,3
2025-11-22,OP-033,Bulk,7.51,356,1058,1
2025-11-22,OP-034,Chilled Pick,7.84,704,1799,8
2025-11-22,OP-035,Chilled Pick,8.15,626,1760,13
2025-11-22,OP-036,Bulk,8.17,563,1882,4
2025-11-22,OP-037,Ambient Pick,0.95,94,270,2
2025-11-22,OP-037,Returns,5.65,223,742,4
2025-11-22,OP-038,Returns,6.82,276,598,5
2025-11-22,OP-040,Ambient Pick,2.14,261,866,10
2025-11-22,OP-040,Bulk,5.1,339,1128,5
2025-11-22,OP-041,Chilled Pick,7.37,471,801,4
2025-11-22,OP-042,Ambient Pick,7.26,717,1898,10
2025-11-22,OP-044,Returns,7.69,225,408,3
2025-11-22,OP-046,Ambient Pick,7.31,730,1692,8
2025-11-22,OP-048,Ambient Pick,6.4,559,1251,6
2025-11-24,OP-001,Bulk,6.87,461,1488,5
2025-11-24,OP-002,Ambient Pick,1.05,132,257,1
2025-11-24,OP-002,Bulk,6.73,467,1236,4
2025-11-24,OP-003,Chilled Pick,7.23,680,1430,12
2025-11-24,OP-004,Returns,7.6,345,1104,0
2025-11-24,OP-009,Bulk,3.8,198,377,1
2025-11-24,OP-009,Ambient Pick,3.64,314,1041,2
2025-11-24,OP-010,Chilled Pick,7.98,767,2351,5
2025-11-24,OP-012,Ambient Pick,7.12,1107,2184,15
2025-11-24,OP-013,Bulk,7.27,445,842,1
2025-11-24,OP-014,Bulk,8.34,503,1083,2
2025-11-24,OP-015,Ambient Pick,6.55,457,1284,8
2025-11-24,OP-017,Ambient Pick,7.45,900,2090,10
2025-11-24,OP-018,Chilled Pick,7.29,686,1342,1
2025-11-24,OP-019,Ambient Pick,7.55,953,1828,12
2025-11-24,OP-020,Ambient Pick,7.72,784,2197,7
2025-11-24,OP-021,Ambient Pick,6.93,880,2464,12
2025-11-24,OP-021,Bulk,0.51,36,87,0
2025-11-24,OP-022,Bulk,7.58,444,1345,3
2025-11-24,OP-024,Ambient Pick,7.85,651,1848,18
2025-11-24,OP-025,Ambient Pick,7.03,831,2243,5
2025-11-24,OP-026,Chilled Pick,7.03,823,1587,13
2025-11-24,OP-027,Chilled Pick,7.77,733,2120,5
2025-11-24,OP-028,Ambient Pick,7.36,873,2221,10
2025-11-24,OP-029,Ambient Pick,6.12,725,2163,4
2025-11-24,OP-029,Chilled Pick,1.27,106,229,0
2025-11-24,OP-031,Ambient Pick,7.5,868,1733,5
2025-11-24,OP-032,Returns,6.97,478,1518,9
2025-11-24,OP-033,Ambient Pick,7.74,1045,3257,12
2025-11-24,OP-033,Chilled Pick,0.92,97,192,1
2025-11-24,OP-034,Ambient Pick,8.0,942,2450,5
2025-11-24,OP-035,Ambient Pick,7.35,907,1581,15
2025-11-24,OP-036,Returns,6.44,462,746,13
2025-11-24,OP-036,Bulk,2.7,224,437,1
2025-11-24,OP-037,Ambient Pick,7.93,948,1574,4
2025-11-24,OP-040,Ambient Pick,6.37,858,2679,13
2025-11-24,OP-042,Bulk,6.71,414,1319,5
2025-11-24,OP-042,Ambient Pick,0.99,118,313,1
2025-11-24,OP-044,Chilled Pick,5.84,369,706,4
2025-11-24,OP-046,Chilled Pick,8.36,672,2152,14
2025-11-24,OP-048,Bulk,6.47,397,828,8
2025-11-25,OP-001,Ambient Pick,7.64,722,2126,9
2025-11-25,OP-002,Ambient Pick,7.64,754,2511,5
2025-11-25,OP-003,Chilled Pick,7.27,544,1051,8
2025-11-25,OP-004,Chilled Pick,8.01,547,1434,2
2025-11-25,OP-007,Ambient Pick,7.37,826,2146,4
2025-11-25,OP-009,Returns,1.31,47,117,0
2025-11-25,OP-009,Bulk,6.41,320,572,0
2025-11-25,OP-012,Ambient Pick,6.68,764,1802,4
2025-11-25,OP-013,Ambient Pick,7.51,752,2434,4
2025-11-25,OP-014,Bulk,2.73,149,386,1
2025-11-25,OP-014,Ambient Pick,3.67,359,873,1
2025-11-25,OP-015,Chilled Pick,7.15,332,1010,3
2025-11-25,OP-017,Bulk,2.31,130,427,1
2025-11-25,OP-017,Chilled Pick,5.08,423,902,3
2025-11-25,OP-020,Ambient Pick,3.41,359,1099,4
2025-11-25,OP-020,Chilled Pick,2.97,201,336,2
2025-11-25,OP-021,Ambient Pick,2.5,251,426,4
2025-11-25,OP-021,Returns,5.19,255,723,6
2025-11-25,OP-022,Ambient Pick,8.06,668,2102,3
2025-11-25,OP-023,Ambient Pick,8.89,914,2317,2
2025-11-25,OP-024,Ambient Pick,8.29,629,1194,15
2025-11-25,OP-025,Chilled Pick,2.74,266,531,5
2025-11-25,OP-025,Bulk,4.42,269,475,2
2025-11-25,OP-026,Bulk,5.92,394,895,5
2025-11-25,OP-026,Chilled Pick,2.52,233,759,2
2025-11-25,OP-027,Ambient Pick,2.39,279,922,1
2025-11-25,OP-027,Returns,4.45,180,398,0
2025-11-25,OP-029,Ambient Pick,7.86,801,2354,6
2025-11-25,OP-032,Bulk,7.27,512,992,3
2025-11-25,OP-033,Ambient Pick,6.99,800,1620,4
2025-11-25,OP-035,Bulk,7.65,398,872,5
2025-11-25,OP-036,Ambient Pick,7.89,953,2990,8
2025-11-25,OP-037,Chilled Pick,7.53,589,1061,9
2025-11-25,OP-038,Bulk,3.51,161,464,1
2025-11-25,OP-038,Returns,3.16,122,306,5
2025-11-25,OP-040,Bulk,2.42,186,475,2
2025-11-25,OP-040,Ambient Pick,4.6,487,1212,9
2025-11-25,OP-041,Ambient Pick,7.1,555,1437,7
2025-11-25,OP-044,Ambient Pick,7.17,486,1605,3
2025-11-25,OP-046,Ambient Pick,8.18,734,1239,6
2025-11-25,OP-048,Ambient Pick,7.03,619,1976,7
2025-11-26,OP-001,Bulk,8.22,438,1091,3
2025-11-26,OP-002,Ambient Pick,7.37,666,1206,2
2025-11-26,OP-003,Returns,8.52,365,1147,3
2025-11-26,OP-004,Chilled Pick,7.46,625,1717,2
2025-11-26,OP-005,Chilled Pick,7.74,680,2130,7
2025-11-26,OP-007,Ambient Pick,6.84,739,1783,3
2025-11-26,OP-007,Chilled Pick,1.1,106,242,0
2025-11-26,OP-009,Chilled Pick,8.47,639,2037,7
2025-11-26,OP-010,Chilled Pick,7.38,697,1447,9
2025-11-26,OP-012,Bulk,6.77,463,1293,1
2025-11-26,OP-012,Chilled Pick,1.12,104,339,3
2025-11-26,OP-013,Chilled Pick,6.96,512,1666,6
2025-11-26,OP-013,Ambient Pick,0.55,53,112,0
2025-11-26,OP-014,Ambient Pick,7.32,713,2159,3
2025-11-26,OP-015,Ambient Pick,7.99,436,897,6
2025-11-26,OP-017,Ambient Pick,0.74,83,266,2
2025-11-26,OP-017,Bulk,7.08,405,859,0
2025-11-26,OP-018,Ambient Pick,7.08,792,1883,3
2025-11-26,OP-019,Ambient Pick,8.72,903,2679,5
2025-11-26,OP-020,Chilled Pick,8.24,547,1170,0
2025-11-26,OP-021,Bulk,1.1,67,136,0
2025-11-26,OP-021,Chilled Pick,6.03,541,1552,2
2025-11-26,OP-022,Chilled Pick,7.64,517,1206,5
2025-11-26,OP-023,Ambient Pick,7.25,821,1953,8
2025-11-26,OP-024,Ambient Pick,9.37,633,2038,9
2025-11-26,OP-025,Ambient Pick,8.22,940,3056,5
2025-11-26,OP-026,Ambient Pick,8.61,1059,2910,9
2025-11-26,OP-027,Ambient Pick,8.35,834,2319,7
2025-11-26,OP-028,Ambient Pick,7.82,807,2440,10
2025-11-26,OP-029,Bulk,8.32,415,1145,1
2025-11-26,OP-032,Ambient Pick,2.81,349,641,3
2025-11-26,OP-032,Chilled Pick,5.46,533,1653,5
2025-11-26,OP-033,Bulk,1.66,96,275,0
2025-11-26,OP-033,Ambient Pick,5.29,577,1331,2
2025-11-26,OP-034,Ambient Pick,7.31,766,2363,8
2025-11-26,OP-036,Ambient Pick,8.0,1056,1869,9
2025-11-26,OP-038,Chilled Pick,0.89,58,101,2
2025-11-26,OP-038,Ambient Pick,5.57,482,1178,6
2025-11-26,OP-040,Chilled Pick,7.23,626,1696,10
2025-11-26,OP-041,Ambient Pick,0.69,55,132,0
2025-11-26,OP-041,Returns,7.02,270,661,3
2025-11-26,OP-042,Bulk,7.58,454,1399,3
2025-11-26,OP-044,Chilled Pick,3.71,189,561,3
2025-11-26,OP-044,Ambient Pick,3.45,226,669,2
2025-11-26,OP-046,Ambient Pick,1.65,159,301,2
2025-11-26,OP-046,Chilled Pick,5.09,336,538,8
2025-11-26,OP-048,Chilled Pick,7.66,596,1250,17
2025-11-27,OP-001,Bulk,8.84,539,1648,9
2025-11-27,OP-002,Chilled Pick,8.21,691,2192,4
2025-11-27,OP-004,Ambient Pick,4.12,398,1122,2
2025-11-27,OP-004,Chilled Pick,2.04,159,392,0
2025-11-27,OP-005,Ambient Pick,1.86,192,503,1
2025-11-27,OP-005,Bulk,6.06,373,943,2
2025-11-27,OP-007,Ambient Pick,6.94,741,1868,2
2025-11-27,OP-009,Bulk,8.04,409,1223,1
2025-11-27,OP-010,Returns,6.59,330,598,2
2025-11-27,OP-012,Ambient Pick,7.59,930,2990,11
2025-11-27,OP-013,Bulk,7.7,451,834,1
2025-11-27,OP-014,Bulk,7.57,401,906,1
2025-11-27,OP-015,Ambient Pick,1.2,61,197,1
2025-11-27,OP-015,Chilled Pick,6.55,304,967,3
2025-11-27,OP-017,Bulk,8.27,517,834,3
2025-11-27,OP-018,Ambient Pick,7.49,741,2306,5
2025-11-27,OP-019,Ambient Pick,7.1,648,1678,1
2025-11-27,OP-020,Ambient Pick,8.36,782,2471,5
2025-11-27,OP-021,Bulk,6.3,409,1008,2
2025-11-27,OP-022,Bulk,3.88,202,637,0
2025-11-27,OP-022,Chilled Pick,4.8,291,714,0
2025-11-27,OP-025,Ambient Pick,8.57,878,2962,8
2025-11-27,OP-026,Bulk,8.17,563,1121,7
2025-11-27,OP-027,Ambient Pick,8.12,698,1935,7
2025-11-27,OP-028,Chilled Pick,5.65,448,938,5
2025-11-27,OP-028,Bulk,2.31,128,361,1
2025-11-27,OP-029,Bulk,2.85,164,371,1
2025-11-27,OP-029,Ambient Pick,3.75,367,1123,2
2025-11-27,OP-031,Ambient Pick,4.27,424,1245,2
2025-11-27,OP-031,Bulk,3.47,170,511,0
2025-11-27,OP-032,Ambient Pick,7.17,904,2900,5
2025-11-27,OP-033,Chilled Pick,6.84,600,1077,9
2025-11-27,OP-034,Bulk,7.06,416,1286,3
2025-11-27,OP-035,Chilled Pick,7.98,638,1547,5
2025-11-27,OP-036,Chilled Pick,7.92,815,1519,6
2025-11-27,OP-037,Ambient Pick,7.33,733,1567,10
2025-11-27,OP-038,Ambient Pick,8.73,732,2249,9
2025-11-27,OP-040,Ambient Pick,8.49,959,2764,9
2025-11-27,OP-041,Chilled Pick,6.65,443,1161,6
2025-11-27,OP-044,Ambient Pick,7.76,520,1629,5
2025-11-27,OP-046,Ambient Pick,6.5,617,1421,13
2025-11-28,OP-002,Bulk,7.94,507,893,1
2025-11-28,OP-004,Ambient Pick,7.14,750,2425,2
2025-11-28,OP-005,Ambient Pick,7.08,728,1208,10
2025-11-28,OP-007,Chilled Pick,8.16,698,1392,5
2025-11-28,OP-013,Ambient Pick,8.19,768,1373,2
2025-11-28,OP-014,Bulk,7.44,403,1295,2
2025-11-28,OP-015,Chilled Pick,6.14,260,464,6
2025-11-28,OP-017,Ambient Pick,4.88,495,903,4
2025-11-28,OP-017,Returns,2.66,115,318,1
2025-11-28,OP-018,Bulk,6.81,384,720,2
2025-11-28,OP-018,Returns,1.03,44,72,0
2025-11-28,OP-019,Ambient Pick,2.82,253,850,1
2025-11-28,OP-019,Chilled Pick,4.8,356,1129,1
2025-11-28,OP-020,Chilled Pick,0.54,38,116,1
2025-11-28,OP-020,Returns,6.73,252,490,3
2025-11-28,OP-021,Ambient Pick,7.29,788,2173,5
2025-11-28,OP-022,Bulk,7.53,342,904,3
2025-11-28,OP-023,Ambient Pick,5.05,492,1019,2
2025-11-28,OP-023,Bulk,1.91,114,219,1
2025-11-28,OP-024,Chilled Pick,6.8,411,1088,5
2025-11-28,OP-025,Bulk,7.54,447,1504,2
2025-11-28,OP-026,Ambient Pick,7.13,796,1965,5
2025-11-28,OP-027,Bulk,6.97,370,704,0
2025-11-28,OP-028,Chilled Pick,7.37,536,1315,3
2025-11-28,OP-029,Bulk,7.25,405,840,0
2025-11-28,OP-031,Ambient Pick,2.41,213,561,1
2025-11-28,OP-031,Returns,5.36,203,597,3
2025-11-28,OP-032,Bulk,7.23,431,881,4
2025-11-28,OP-033,Ambient Pick,7.07,789,2592,5
2025-11-28,OP-034,Ambient Pick,2.39,243,711,2
2025-11-28,OP-034,Bulk,5.21,282,588,1
2025-11-28,OP-035,Ambient Pick,6.53,536,1789,3
2025-11-28,OP-037,Ambient Pick,7.77,788,1662,9
2025-11-28,OP-038,Bulk,7.4,364,950,8
2025-11-28,OP-040,Chilled Pick,7.25,684,2286,22
2025-11-28,OP-041,Chilled Pick,7.71,557,1179,6
2025-11-28,OP-042,Chilled Pick,7.13,488,785,6
2025-11-28,OP-044,Returns,3.58,115,350,1
2025-11-28,OP-044,Ambient Pick,3.69,260,620,1
2025-11-28,OP-048,Ambient Pick,7.69,684,1967,9
2025-11-29,OP-001,Bulk,6.16,353,1114,0
2025-11-29,OP-002,Chilled Pick,7.17,650,2035,6
2025-11-29,OP-003,Ambient Pick,7.2,716,2041,9
2025-11-29,OP-004,Bulk,3.44,179,550,0
2025-11-29,OP-004,Ambient Pick,4.1,374,698,3
2025-11-29,OP-005,Chilled Pick,5.36,503,1652,8
2025-11-29,OP-005,Ambient Pick,3.26,377,705,3
2025-11-29,OP-007,Bulk,7.38,457,875,0
2025-11-29,OP-009,Bulk,7.11,332,1127,1
2025-11-29,OP-010,Ambient Pick,8.29,757,1757,2
2025-11-29,OP-013,Chilled Pick,7.02,543,940,6
2025-11-29,OP-014,Ambient Pick,8.07,691,2083,1
2025-11-29,OP-015,Chilled Pick,8.16,369,686,5
2025-11-29,OP-017,Ambient Pick,7.65,858,1534,9
2025-11-29,OP-018,Bulk,7.0,441,984,1
2025-11-29,OP-019,Ambient Pick,7.31,755,2481,8
2025-11-29,OP-020,Ambient Pick,5.66,554,1771,5
2025-11-29,OP-020,Chilled Pick,1.21,100,310,1
2025-11-29,OP-023,Ambient Pick,3.26,305,717,2
2025-11-29,OP-023,Returns,4.99,247,561,2
2025-11-29,OP-024,Ambient Pick,2.89,221,396,4
2025-11-29,OP-024,Chilled Pick,5.22,303,518,8
2025-11-29,OP-025,Ambient Pick,6.84,841,1921,9
2025-11-29,OP-028,Chilled Pick,7.34,594,1426,5
2025-11-29,OP-029,Returns,3.71,144,447,1
2025-11-29,OP-029,Bulk,4.07,219,489,0
2025-11-29,OP-032,Bulk,7.93,561,1866,4
2025-11-29,OP-033,Bulk,7.05,465,1404,4
2025-11-29,OP-034,Chilled Pick,7.47,596,1162,3
2025-11-29,OP-035,Ambient Pick,6.85,687,1299,9
2025-11-29,OP-036,Ambient Pick,6.77,816,2753,5
2025-11-29,OP-037,Ambient Pick,6.78,665,1447,6
2025-11-29,OP-038,Ambient Pick,7.63,575,1134,4
2025-11-29,OP-040,Bulk,7.76,529,1153,7
2025-11-29,OP-042,Ambient Pick,6.8,750,2523,12
2025-11-29,OP-044,Returns,7.47,250,590,3
2025-11-29,OP-046,Ambient Pick,6.75,555,1343,10
2025-11-29,OP-048,Chilled Pick,6.81,560,1012,7
2025-11-29,OP-048,Ambient Pick,0.9,77,257,1
2025-12-01,OP-001,Returns,8.03,473,1596,7
2025-12-01,OP-003,Ambient Pick,8.24,893,1952,5
2025-12-01,OP-004,Ambient Pick,6.55,827,1628,5
2025-12-01,OP-005,Chilled Pick,8.01,874,2394,12
2025-12-01,OP-007,Ambient Pick,7.13,1191,3375,11
2025-12-01,OP-009,Bulk,8.01,468,1014,0
2025-12-01,OP-010,Chilled Pick,2.4,247,696,3
2025-12-01,OP-010,Bulk,5.7,427,838,4
2025-12-01,OP-012,Ambient Pick,8.38,1213,2392,9
2025-12-01,OP-013,Ambient Pick,6.77,756,2050,5
2025-12-01,OP-014,Bulk,5.28,383,870,5
2025-12-01,OP-014,Chilled Pick,1.58,176,489,1
2025-12-01,OP-015,Chilled Pick,8.26,459,1324,5
2025-12-01,OP-017,Ambient Pick,6.93,951,2108,9
2025-12-01,OP-018,Bulk,7.35,620,1545,6
2025-12-01,OP-019,Ambient Pick,7.54,842,2506,10
2025-12-01,OP-020,Chilled Pick,6.95,728,1514,8
2025-12-01,OP-022,Chilled Pick,7.75,737,2374,9
2025-12-01,OP-023,Ambient Pick,7.72,1114,3470,8
2025-12-01,OP-024,Ambient Pick,4.47,448,1385,12
2025-12-01,OP-024,Chilled Pick,3.14,236,649,8
2025-12-01,OP-025,Ambient Pick,7.89,1086,3635,11
2025-12-01,OP-026,Chilled Pick,7.98,991,3324,10
2025-12-01,OP-027,Ambient Pick,7.5,1024,2595,7
2025-12-01,OP-028,Chilled Pick,7.48,769,2068,20
2025-12-01,OP-029,Ambient Pick,7.88,992,2858,8
2025-12-01,OP-032,Chilled Pick,0.74,98,233,1
2025-12-01,OP-032,Returns,6.95,489,913,3
2025-12-01,OP-033,Returns,2.59,165,290,0
2025-12-01,OP-033,Ambient Pick,4.45,630,1926,4
2025-12-01,OP-034,Bulk,3.69,263,733,2
2025-12-01,OP-034,Returns,3.9,234,533,8
2025-12-01,OP-035,Ambient Pick,5.79,706,1460,14
2025-12-01,OP-035,Chilled Pick,1.85,206,465,1
2025-12-01,OP-036,Returns,7.5,583,1771,6
2025-12-01,OP-037,Returns,8.56,563,917,17
2025-12-01,OP-040,Bulk,6.77,610,1319,21
2025-12-01,OP-041,Ambient Pick,7.98,847,2473,9
2025-12-01,OP-042,Ambient Pick,6.93,879,1559,23
2025-12-01,OP-044,Ambient Pick,5.1,483,1231,5
2025-12-01,OP-044,Bulk,1.82,81,248,0
2025-12-01,OP-046,Chilled Pick,6.75,640,2034,13
2025-12-01,OP-048,Bulk,7.57,491,1507,8
2025-12-02,OP-001,Chilled Pick,5.24,491,1141,7
2025-12-02,OP-001,Bulk,2.25,125,276,1
2025-12-02,OP-003,Chilled Pick,4.64,414,904,8
2025-12-02,OP-003,Ambient Pick,3.13,412,1293,6
2025-12-02,OP-004,Chilled Pick,7.63,680,2085,6
2025-12-02,OP-005,Ambient Pick,7.01,749,1208,5
2025-12-02,OP-007,Ambient Pick,6.87,872,2819,6
2025-12-02,OP-010,Ambient Pick,7.49,821,2721,5
2025-12-02,OP-012,Ambient Pick,8.25,1055,2279,15
2025-12-02,OP-013,Ambient Pick,6.94,827,1423,7
2025-12-02,OP-014,Ambient Pick,2.0,220,454,1
2025-12-02,OP-014,Bulk,5.12,301,963,2
2025-12-02,OP-015,Ambient Pick,6.5,415,753,7
2025-12-02,OP-015,Bulk,1.28,45,138,0
2025-12-02,OP-017,Ambient Pick,2.55,264,627,0
2025-12-02,OP-017,Bulk,4.82,316,728,2
2025-12-02,OP-018,Chilled Pick,6.19,580,1542,6
2025-12-02,OP-018,Ambient Pick,0.64,72,185,0
2025-12-02,OP-019,Bulk,8.16,528,1105,0
2025-12-02,OP-020,Ambient Pick,7.57,821,2461,15
2025-12-02,OP-021,Chilled Pick,5.71,602,1776,7
2025-12-02,OP-022,Chilled Pick,4.12,308,885,3
2025-12-02,OP-022,Returns,3.92,142,342,0
2025-12-02,OP-023,Ambient Pick,6.99,915,1843,6
2025-12-02,OP-024,Ambient Pick,7.56,625,1897,16
2025-12-02,OP-025,Chilled Pick,7.21,660,1629,4
2025-12-02,OP-026,Ambient Pick,8.15,942,2824,6
2025-12-02,OP-027,Ambient Pick,6.22,763,2064,7
2025-12-02,OP-027,Bulk,1.22,70,152,0
2025-12-02,OP-028,Chilled Pick,7.89,626,2014,7
2025-12-02,OP-029,Ambient Pick,3.32,333,726,0
2025-12-02,OP-029,Bulk,3.99,225,760,1
2025-12-02,OP-031,Ambient Pick,8.36,904,2837,8
2025-12-02,OP-032,Returns,7.92,480,1604,8
2025-12-02,OP-034,Ambient Pick,1.9,210,438,1
2025-12-02,OP-034,Chilled Pick,5.08,391,1287,2
2025-12-02,OP-035,Chilled Pick,6.83,573,1807,17
2025-12-02,OP-035,Returns,0.68,30,71,0
2025-12-02,OP-036,Bulk,7.53,543,1271,0
2025-12-02,OP-037,Ambient Pick,5.0,461,1183,2
2025-12-02,OP-037,Returns,1.98,91,259,1
2025-12-02,OP-038,Ambient Pick,7.4,745,2397,14
2025-12-02,OP-041,Ambient Pick,7.02,640,2153,7
2025-12-02,OP-042,Ambient Pick,8.15,899,2657,15
2025-12-02,OP-044,Chilled Pick,6.43,390,880,2
2025-12-02,OP-046,Chilled Pick,4.93,428,985,10
2025-12-02,OP-046,Ambient Pick,2.11,215,520,5
2025-12-02,OP-048,Ambient Pick,8.24,841,1662,11
2025-12-03,OP-001,Ambient Pick,7.76,1005,3245,16
2025-12-03,OP-002,Ambient Pick,8.67,1049,2873,11
2025-12-03,OP-004,Chilled Pick,7.42,669,1450,4
2025-12-03,OP-005,Chilled Pick,7.48,690,2307,6
2025-12-03,OP-007,Bulk,6.75,567,1748,2
2025-12-03,OP-007,Ambient Pick,0.77,91,208,0
2025-12-03,OP-009,Chilled Pick,8.13,616,1181,12
2025-12-03,OP-012,Returns,7.29,438,1479,5
2025-12-03,OP-013,Bulk,8.56,516,1626,1
2025-12-03,OP-014,Ambient Pick,8.12,917,1496,6
2025-12-03,OP-017,Bulk,7.97,482,882,5
2025-12-03,OP-018,Returns,7.63,384,1228,3
2025-12-03,OP-019,Chilled Pick,7.34,577,1142,4
2025-12-03,OP-020,Ambient Pick,7.44,807,2601,12
2025-12-03,OP-021,Bulk,7.6,553,1645,5
2025-12-03,OP-022,Ambient Pick,7.38,698,2147,6
2025-12-03,OP-023,Ambient Pick,7.93,770,1359,2
2025-12-03,OP-024,Chilled Pick,0.74,51,94,1
2025-12-03,OP-024,Bulk,6.57,304,821,9
2025-12-03,OP-025,Chilled Pick,7.35,733,1680,6
2025-12-03,OP-026,Chilled Pick,7.13,751,2372,8
2025-12-03,OP-027,Chilled Pick,7.54,594,1475,6
2025-12-03,OP-028,Bulk,7.68,467,1279,2
2025-12-03,OP-029,Chilled Pick,1.68,154,358,0
2025-12-03,OP-029,Ambient Pick,5.98,588,1623,8
2025-12-03,OP-031,Bulk,8.33,505,1360,1
2025-12-03,OP-032,Returns,7.81,489,983,10
2025-12-03,OP-034,Bulk,8.11,559,1441,3
2025-12-03,OP-035,Ambient Pick,7.66,878,1716,12
2025-12-03,OP-037,Returns,7.64,368,649,7
2025-12-03,OP-038,Chilled Pick,3.8,313,881,5
2025-12-03,OP-038,Ambient Pick,2.98,265,538,2
2025-12-03,OP-040,Chilled Pick,7.38,820,1758,31
2025-12-03,OP-041,Ambient Pick,5.54,464,921,6
2025-12-03,OP-041,Bulk,2.47,124,199,0
2025-12-03,OP-042,Bulk,6.92,467,1340,4
2025-12-03,OP-044,Bulk,7.33,344,972,5
2025-12-03,OP-046,Returns,7.36,288,611,2
2025-12-03,OP-048,Ambient Pick,5.26,528,1402,9
2025-12-03,OP-048,Bulk,1.75,107,336,5
2025-12-04,OP-001,Chilled Pick,8.02,723,1742,4
2025-12-04,OP-002,Bulk,3.59,238,464,2
2025-12-04,OP-002,Ambient Pick,4.2,482,1459,6
2025-12-04,OP-003,Chilled Pick,7.7,746,1903,4
2025-12-04,OP-004,Ambient Pick,7.23,847,1944,6
2025-12-04,OP-005,Ambient Pick,7.6,855,2515,9
2025-12-04,OP-007,Chilled Pick,1.03,101,243,0
2025-12-04,OP-007,Ambient Pick,6.17,784,1305,5
2025-12-04,OP-009,Returns,7.71,310,613,0
2025-12-04,OP-010,Ambient Pick,4.22,466,1119,2
2025-12-04,OP-010,Chilled Pick,2.23,239,455,4
2025-12-04,OP-012,Chilled Pick,8.41,798,1382,13
2025-12-04,OP-013,Chilled Pick,4.64,388,818,3
2025-12-04,OP-013,Bulk,2.53,159,257,1
2025-12-04,OP-014,Returns,7.97,381,1040,4
2025-12-04,OP-015,Bulk,7.43,262,489,2
2025-12-04,OP-018,Chilled Pick,7.72,847,1768,2
2025-12-04,OP-019,Bulk,8.07,471,1543,2
2025-12-04,OP-020,Chilled Pick,5.48,460,1025,4
2025-12-04,OP-021,Returns,8.9,487,874,3
2025-12-04,OP-023,Ambient Pick,7.62,964,1822,6
2025-12-04,OP-024,Bulk,2.92,136,449,2
2025-12-04,OP-024,Chilled Pick,4.33,289,623,12
2025-12-04,OP-026,Bulk,7.01,547,1078,4
2025-12-04,OP-027,Bulk,6.92,399,1351,3
2025-12-04,OP-028,Chilled Pick,6.98,630,1190,4
2025-12-04,OP-029,Chilled Pick,6.57,543,1458,4
2025-12-04,OP-031,Ambient Pick,3.16,343,931,4
2025-12-04,OP-031,Returns,4.45,175,336,2
2025-12-04,OP-032,Returns,6.98,413,1250,3
2025-12-04,OP-033,Returns,5.92,377,853,2
2025-12-04,OP-034,Chilled Pick,7.7,669,2244,8
2025-12-04,OP-035,Ambient Pick,7.92,849,1849,17
2025-12-04,OP-036,Bulk,7.8,597,1382,7
2025-12-04,OP-037,Returns,7.57,398,1004,6
2025-12-04,OP-038,Bulk,7.91,389,805,5
2025-12-04,OP-040,Ambient Pick,6.79,1033,2721,21
2025-12-04,OP-041,Ambient Pick,7.8,653,1716,4
2025-12-04,OP-042,Chilled Pick,7.45,629,1139,8
2025-12-04,OP-044,Bulk,7.57,345,760,2
2025-12-04,OP-046,Ambient Pick,5.35,482,1070,6
2025-12-04,OP-046,Chilled Pick,2.52,198,518,3
2025-12-04,OP-048,Bulk,7.93,479,1292,5
2025-12-05,OP-001,Bulk,4.11,280,702,2
2025-12-05,OP-001,Ambient Pick,3.32,419,814,10
2025-12-05,OP-002,Ambient Pick,8.59,918,2400,8
2025-12-05,OP-003,Ambient Pick,8.32,1020,1669,10
2025-12-05,OP-004,Ambient Pick,4.16,412,1165,1
2025-12-05,OP-004,Chilled Pick,3.6,299,814,2
2025-12-05,OP-005,Chilled Pick,7.99,785,1973,16
2025-12-05,OP-007,Bulk,8.15,632,1875,4
2025-12-05,OP-009,Ambient Pick,7.93,728,2229,6
2025-12-05,OP-010,Ambient Pick,8.6,1086,2356,14
2025-12-05,OP-012,Bulk,6.75,451,997,3
2025-12-05,OP-013,Ambient Pick,8.14,839,2266,7
2025-12-05,OP-014,Returns,8.45,425,1393,6
2025-12-05,OP-017,Ambient Pick,7.55,827,1854,5
2025-12-05,OP-018,Chilled Pick,3.66,333,888,4
2025-12-05,OP-018,Returns,3.59,179,488,2
2025-12-05,OP-019,Ambient Pick,1.64,179,500,0
2025-12-05,OP-019,Chilled Pick,5.62,468,1386,3
2025-12-05,OP-020,Ambient Pick,6.72,752,1650,8
2025-12-05,OP-022,Bulk,8.16,404,1314,1
2025-12-05,OP-023,Ambient Pick,7.68,882,2939,3
2025-12-05,OP-024,Ambient Pick,8.09,722,1230,28
2025-12-05,OP-026,Ambient Pick,0.75,98,235,1
2025-12-05,OP-026,Chilled Pick,6.98,708,1611,5
2025-12-05,OP-027,Ambient Pick,8.02,792,1980,6
2025-12-05,OP-028,Bulk,7.33,401,908,4
2025-12-05,OP-029,Bulk,7.88,419,720,1
2025-12-05,OP-031,Chilled Pick,8.52,687,1232,4
2025-12-05,OP-032,Ambient Pick,7.25,1100,2516,7
2025-12-05,OP-033,Chilled Pick,8.06,821,1870,5
2025-12-05,OP-034,Returns,6.61,304,796,2
2025-12-05,OP-034,Ambient Pick,2.34,266,900,2
2025-12-05,OP-035,Ambient Pick,7.81,777,2021,12
2025-12-05,OP-036,Ambient Pick,7.56,1025,2251,15
2025-12-05,OP-038,Ambient Pick,8.1,795,2657,9
2025-12-05,OP-041,Returns,3.49,133,413,1
2025-12-05,OP-041,Bulk,4.28,215,557,2
2025-12-05,OP-042,Bulk,8.29,531,1596,3
2025-12-05,OP-044,Bulk,7.09,283,927,4
2025-12-05,OP-048,Ambient Pick,0.51,54,112,0
2025-12-05,OP-048,Returns,5.89,261,648,10
2025-12-06,OP-001,Returns,1.31,61,157,2
2025-12-06,OP-001,Ambient Pick,7.28,815,2483,8
2025-12-06,OP-003,Bulk,1.07,63,124,1
2025-12-06,OP-003,Ambient Pick,6.3,622,1799,6
2025-12-06,OP-004,Ambient Pick,7.19,729,1678,4
2025-12-06,OP-005,Ambient Pick,6.87,824,2035,14
2025-12-06,OP-007,Ambient Pick,6.97,877,2567,5
2025-12-06,OP-009,Ambient Pick,7.17,659,1732,5
2025-12-06,OP-010,Returns,7.8,378,668,5
2025-12-06,OP-012,Ambient Pick,6.19,784,1335,4
2025-12-06,OP-013,Ambient Pick,3.65,376,685,2
2025-12-06,OP-013,Chilled Pick,5.15,448,952,1
2025-12-06,OP-014,Ambient Pick,6.98,683,2169,4
2025-12-06,OP-017,Ambient Pick,1.86,209,708,0
2025-12-06,OP-017,Bulk,4.8,323,697,1
2025-12-06,OP-018,Bulk,8.53,497,1342,1
2025-12-06,OP-019,Chilled Pick,8.01,660,1327,5
2025-12-06,OP-020,Ambient Pick,3.08,361,619,4
2025-12-06,OP-020,Returns,4.48,226,558,2
2025-12-06,OP-022,Bulk,5.04,305,788,4
2025-12-06,OP-022,Ambient Pick,2.58,255,786,5
2025-12-06,OP-024,Chilled Pick,6.63,481,805,11
2025-12-06,OP-025,Returns,8.27,457,1274,5
2025-12-06,OP-027,Bulk,7.67,516,1346,4
2025-12-06,OP-028,Chilled Pick,8.54,772,1345,8
2025-12-06,OP-029,Bulk,7.44,448,721,4
2025-12-06,OP-031,Ambient Pick,7.32,761,1468,8
2025-12-06,OP-032,Ambient Pick,7.03,784,2520,5
2025-12-06,OP-033,Returns,1.37,76,249,0
2025-12-06,OP-033,Chilled Pick,6.29,643,1797,7
2025-12-06,OP-034,Bulk,7.09,451,1420,4
2025-12-06,OP-035,Ambient Pick,7.13,740,1403,6
2025-12-06,OP-037,Ambient Pick,8.92,951,2653,9
2025-12-06,OP-038,Ambient Pick,8.49,736,2247,8
2025-12-06,OP-041,Ambient Pick,8.91,801,2216,5
2025-12-06,OP-042,Ambient Pick,7.58,921,2535,15
2025-12-06,OP-044,Ambient Pick,1.78,153,301,1
2025-12-06,OP-044,Bulk,5.87,294,746,3
2025-12-06,OP-046,Ambient Pick,7.29,701,1229,8
2025-12-06,OP-048,Bulk,6.54,373,1071,8
2025-12-08,OP-001,Chilled Pick,7.65,722,1503,12
2025-12-08,OP-002,Chilled Pick,7.18,717,1360,8
2025-12-08,OP-003,Chilled Pick,7.15,716,1530,11
2025-12-08,OP-005,Bulk,5.81,458,738,7
2025-12-08,OP-005,Chilled Pick,0.68,81,138,1
2025-12-08,OP-007,Bulk,5.96,426,692,5
2025-12-08,OP-010,Ambient Pick,8.5,1055,2932,11
2025-12-08,OP-012,Chilled Pick,8.45,989,2585,20
2025-12-08,OP-013,Bulk,7.64,575,1469,8
2025-12-08,OP-014,Ambient Pick,1.87,230,417,3
2025-12-08,OP-014,Bulk,5.92,366,946,6
2025-12-08,OP-015,Ambient Pick,7.34,583,1139,10
2025-12-08,OP-017,Chilled Pick,7.45,809,1374,8
2025-12-08,OP-018,Ambient Pick,6.9,977,1830,6
2025-12-08,OP-019,Ambient Pick,2.4,298,963,1
2025-12-08,OP-019,Bulk,5.14,376,627,0
2025-12-08,OP-020,Ambient Pick,7.68,1035,2643,16
2025-12-08,OP-021,Ambient Pick,5.68,826,1334,9
2025-12-08,OP-021,Bulk,1.73,156,444,1
2025-12-08,OP-022,Bulk,6.13,388,767,2
2025-12-08,OP-022,Returns,1.78,94,238,2
2025-12-08,OP-023,Ambient Pick,8.44,1124,2176,6
2025-12-08,OP-024,Bulk,7.43,492,902,13
2025-12-08,OP-025,Chilled Pick,7.81,901,1478,16
2025-12-08,OP-026,Ambient Pick,2.52,331,827,4
2025-12-08,OP-026,Chilled Pick,5.2,584,1530,12
2025-12-08,OP-027,Bulk,7.6,565,1420,1
2025-12-08,OP-028,Chilled Pick,2.3,226,527,3
2025-12-08,OP-028,Ambient Pick,5.31,729,1815,11
2025-12-08,OP-031,Ambient Pick,7.54,947,2004,11
2025-12-08,OP-032,Ambient Pick,4.74,724,1910,5
2025-12-08,OP-032,Chilled Pick,2.61,320,621,3
2025-12-08,OP-033,Chilled Pick,3.07,337,919,1
2025-12-08,OP-033,Ambient Pick,4.33,566,1711,3
2025-12-08,OP-034,Ambient Pick,2.96,374,1060,2
2025-12-08,OP-034,Chilled Pick,3.58,360,719,2
2025-12-08,OP-035,Chilled Pick,7.66,762,1514,19
2025-12-08,OP-036,Bulk,3.52,314,935,2
2025-12-08,OP-036,Chilled Pick,4.29,573,1415,2
2025-12-08,OP-037,Ambient Pick,7.94,1034,1713,14
2025-12-08,OP-038,Bulk,7.42,396,1199,1
2025-12-08,OP-040,Ambient Pick,7.64,1385,4006,44
2025-12-08,OP-041,Ambient Pick,7.14,673,1849,6
2025-12-08,OP-042,Chilled Pick,8.29,813,2169,22
2025-12-08,OP-044,Bulk,8.32,435,1189,6
2025-12-08,OP-046,Bulk,6.5,399,1233,4
2025-12-09,OP-001,Ambient Pick,6.6,734,2101,4
2025-12-09,OP-002,Bulk,2.72,172,315,0
2025-12-09,OP-002,Chilled Pick,5.39,504,1565,5
2025-12-09,OP-003,Ambient Pick,8.01,988,2966,14
2025-12-09,OP-004,Ambient Pick,6.59,736,1418,6
2025-12-09,OP-005,Returns,7.23,365,707,4
2025-12-09,OP-007,Returns,7.37,429,1412,7
2025-12-09,OP-009,Chilled Pick,7.65,557,1270,1
2025-12-09,OP-010,Ambient Pick,6.91,817,1681,5
2025-12-09,OP-012,Bulk,7.38,517,1228,3
2025-12-09,OP-013,Ambient Pick,7.49,812,1583,10
2025-12-09,OP-014,Chilled Pick,7.73,584,1275,3
2025-12-09,OP-015,Ambient Pick,5.85,403,1100,2
2025-12-09,OP-015,Chilled Pick,1.71,98,249,1
2025-12-09,OP-017,Bulk,6.74,437,971,2
2025-12-09,OP-019,Returns,7.55,377,723,4
2025-12-09,OP-020,Ambient Pick,7.2,748,1667,7
2025-12-09,OP-021,Ambient Pick,7.22,908,2362,13
2025-12-09,OP-023,Chilled Pick,6.53,629,1657,14
2025-12-09,OP-025,Bulk,7.2,560,1695,0
2025-12-09,OP-026,Returns,3.09,166,287,1
2025-12-09,OP-026,Chilled Pick,3.92,416,956,6
2025-12-09,OP-027,Ambient Pick,7.18,626,1126,3
2025-12-09,OP-031,Chilled Pick,8.34,707,2114,9
2025-12-09,OP-032,Ambient Pick,7.15,1036,2189,13
2025-12-09,OP-033,Bulk,7.18,445,1322,2
2025-12-09,OP-034,Chilled Pick,8.71,764,1829,8
2025-12-09,OP-035,Ambient Pick,8.04,830,1678,18
2025-12-09,OP-036,Ambient Pick,1.56,246,589,1
2025-12-09,OP-036,Chilled Pick,6.56,727,1229,6
2025-12-09,OP-037,Ambient Pick,6.68,758,1688,6
2025-12-09,OP-038,Chilled Pick,8.53,556,1516,11
2025-12-09,OP-040,Ambient Pick,1.15,177,495,5
2025-12-09,OP-040,Bulk,6.7,503,1619,8
2025-12-09,OP-041,Ambient Pick,5.6,503,1377,4
2025-12-09,OP-041,Chilled Pick,2.89,169,396,2
2025-12-09,OP-042,Chilled Pick,7.7,731,1437,14
2025-12-09,OP-044,Ambient Pick,8.36,691,1165,11
2025-12-09,OP-046,Ambient Pick,8.42,827,1712,15
2025-12-09,OP-048,Ambient Pick,8.03,788,1289,11
2025-12-10,OP-001,Ambient Pick,7.34,885,1954,10
2025-12-10,OP-002,Ambient Pick,7.66,856,2784,12
2025-12-10,OP-003,Ambient Pick,7.65,849,2026,6
2025-12-10,OP-004,Chilled Pick,7.41,592,1061,3
2025-12-10,OP-005,Chilled Pick,7.15,651,1106,8
2025-12-10,OP-007,Bulk,6.94,498,1101,2
2025-12-10,OP-009,Chilled Pick,7.19,541,1238,1
2025-12-10,OP-009,Ambient Pick,1.4,129,359,2
2025-12-10,OP-010,Bulk,8.49,587,1357,2
2025-12-10,OP-012,Ambient Pick,7.56,926,1486,9
2025-12-10,OP-013,Chilled Pick,6.13,572,1657,5
2025-12-10,OP-013,Ambient Pick,0.91,94,227,2
2025-12-10,OP-014,Chilled Pick,7.84,679,1673,5
2025-12-10,OP-015,Ambient Pick,7.18,459,765,7
2025-12-10,OP-017,Bulk,6.8,404,1089,3
2025-12-10,OP-018,Bulk,6.68,477,1620,3
2025-12-10,OP-018,Chilled Pick,0.75,72,146,0
2025-12-10,OP-019,Ambient Pick,6.36,638,1035,1
2025-12-10,OP-020,Chilled Pick,7.68,673,1265,12
2025-12-10,OP-021,Chilled Pick,8.25,829,1743,5
2025-12-10,OP-022,Ambient Pick,7.68,725,2377,8
2025-12-10,OP-023,Bulk,7.55,496,1171,1
2025-12-10,OP-024,Chilled Pick,5.06,347,629,8
2025-12-10,OP-024,Ambient Pick,1.95,162,486,4
2025-12-10,OP-025,Ambient Pick,3.91,420,1062,1
2025-12-10,OP-025,Bulk,3.77,252,433,2
2025-12-10,OP-026,Chilled Pick,7.79,823,1883,9
2025-12-10,OP-027,Chilled Pick,2.54,197,545,1
2025-12-10,OP-027,Ambient Pick,5.03,558,1504,2
2025-12-10,OP-028,Ambient Pick,8.27,928,1692,8
2025-12-10,OP-029,Ambient Pick,7.58,870,2121,8
2025-12-10,OP-032,Chilled Pick,3.67,435,1346,2
2025-12-10,OP-032,Bulk,3.88,262,675,1
2025-12-10,OP-033,Ambient Pick,7.37,824,1851,5
2025-12-10,OP-034,Ambient Pick,7.94,921,2017,12
2025-12-10,OP-035,Bulk,7.52,475,1113,5
2025-12-10,OP-036,Ambient Pick,7.61,1026,3087,7
2025-12-10,OP-037,Bulk,3.41,221,387,1
2025-12-10,OP-037,Ambient Pick,3.03,364,990,9
2025-12-10,OP-038,Chilled Pick,7.86,550,1251,10
2025-12-10,OP-040,Returns,4.49,236,384,2
2025-12-10,OP-040,Ambient Pick,4.79,670,1397,13
2025-12-10,OP-041,Chilled Pick,1.09,81,148,0
2025-12-10,OP-041,Returns,6.18,230,495,4
2025-12-10,OP-044,Returns,2.84,91,201,2
2025-12-10,OP-044,Ambient Pick,3.99,320,568,1
2025-12-10,OP-046,Chilled Pick,7.73,675,2125,9
2025-12-10,OP-048,Chilled Pick,8.01,605,1620,8
2025-12-11,OP-002,Returns,7.18,336,856,2
2025-12-11,OP-003,Returns,3.35,172,496,3
2025-12-11,OP-003,Bulk,3.54,235,526,3
2025-12-11,OP-005,Bulk,2.84,192,458,0
2025-12-11,OP-005,Returns,4.9,255,557,2
2025-12-11,OP-009,Bulk,1.24,67,156,0
2025-12-11,OP-009,Ambient Pick,6.76,702,1387,6
2025-12-11,OP-010,Bulk,2.91,201,460,0
2025-12-11,OP-010,Ambient Pick,4.99,652,1204,7
2025-12-11,OP-012,Bulk,7.5,510,1006,1
2025-12-11,OP-013,Chilled Pick,0.5,39,96,0
2025-12-11,OP-013,Returns,6.36,338,1089,3
2025-12-11,OP-014,Bulk,7.7,454,1531,0
2025-12-11,OP-015,Chilled Pick,7.45,392,1048,3
2025-12-11,OP-017,Ambient Pick,3.19,376,838,1
2025-12-11,OP-017,Returns,4.62,223,561,4
2025-12-11,OP-018,Ambient Pick,4.5,570,1281,0
2025-12-11,OP-018,Returns,2.7,137,286,1
2025-12-11,OP-019,Bulk,6.95,417,870,1
2025-12-11,OP-020,Ambient Pick,6.9,774,1502,17
2025-12-11,OP-021,Ambient Pick,7.07,889,2625,10
2025-12-11,OP-022,Ambient Pick,7.47,715,2156,4
2025-12-11,OP-023,Chilled Pick,6.39,576,1635,4
2025-12-11,OP-024,Ambient Pick,7.79,627,1290,10
2025-12-11,OP-025,Bulk,8.72,606,1179,3
2025-12-11,OP-026,Ambient Pick,7.03,851,2512,1
2025-12-11,OP-027,Bulk,6.25,372,1176,0
2025-12-11,OP-028,Bulk,7.84,456,763,3
2025-12-11,OP-029,Ambient Pick,7.25,792,2336,8
2025-12-11,OP-031,Bulk,8.49,499,1322,2
2025-12-11,OP-032,Bulk,7.2,549,1797,2
2025-12-11,OP-033,Returns,8.49,410,992,5
2025-12-11,OP-034,Ambient Pick,7.01,732,1861,6
2025-12-11,OP-035,Bulk,8.42,540,1498,6
2025-12-11,OP-036,Ambient Pick,7.33,1057,2586,11
2025-12-11,OP-037,Returns,3.18,179,301,3
2025-12-11,OP-037,Bulk,4.47,288,809,3
2025-12-11,OP-038,Ambient Pick,8.7,822,2610,21
2025-12-11,OP-040,Returns,7.53,425,1373,9
2025-12-11,OP-041,Ambient Pick,7.38,699,1784,5
2025-12-11,OP-042,Chilled Pick,7.17,558,913,12
2025-12-11,OP-044,Ambient Pick,7.49,621,1116,6
2025-12-11,OP-046,Bulk,7.85,453,1081,4
2025-12-11,OP-048,Returns,7.34,322,892,12
2025-12-12,OP-001,Ambient Pick,7.18,926,1542,16
2025-12-12,OP-003,Bulk,7.73,454,1459,4
2025-12-12,OP-004,Bulk,7.89,487,1584,0
2025-12-12,OP-005,Ambient Pick,7.63,877,1705,6
2025-12-12,OP-007,Chilled Pick,7.99,872,2335,11
2025-12-12,OP-009,Ambient Pick,7.07,774,2226,7
2025-12-12,OP-010,Returns,7.64,391,1166,4
2025-12-12,OP-012,Ambient Pick,6.79,847,2279,4
2025-12-12,OP-013,Chilled Pick,6.8,652,1265,6
2025-12-12,OP-014,Ambient Pick,4.82,535,1420,4
2025-12-12,OP-014,Chilled Pick,2.8,239,727,2
2025-12-12,OP-015,Ambient Pick,1.56,111,352,0
2025-12-12,OP-015,Chilled Pick,6.06,332,858,3
2025-12-12,OP-017,Ambient Pick,7.68,976,1920,10
2025-12-12,OP-018,Ambient Pick,8.04,990,3310,8
2025-12-12,OP-020,Ambient Pick,7.5,904,2241,10
2025-12-12,OP-021,Ambient Pick,8.91,983,2101,8
2025-12-12,OP-022,Chilled Pick,7.88,603,1089,2
2025-12-12,OP-023,Ambient Pick,9.01,959,1584,9
2025-12-12,OP-024,Ambient Pick,7.01,602,1383,9
2025-12-12,OP-025,Bulk,7.18,520,1120,7
2025-12-12,OP-026,Ambient Pick,7.08,869,1683,7
2025-12-12,OP-026,Bulk,1.61,111,275,0
2025-12-12,OP-027,Chilled Pick,8.67,798,1277,9
2025-12-12,OP-028,Ambient Pick,7.39,924,1931,12
2025-12-12,OP-029,Bulk,7.4,480,1258,7
2025-12-12,OP-031,Ambient Pick,7.36,717,1487,5
2025-12-12,OP-032,Ambient Pick,4.1,558,1463,4
2025-12-12,OP-032,Bulk,3.28,243,563,0
2025-12-12,OP-033,Returns,1.57,89,223,2
2025-12-12,OP-033,Ambient Pick,4.81,613,1812,6
2025-12-12,OP-034,Ambient Pick,4.98,595,1648,3
2025-12-12,OP-034,Bulk,2.1,129,222,1
2025-12-12,OP-035,Chilled Pick,4.37,387,663,6
2025-12-12,OP-035,Returns,2.53,124,335,1
2025-12-12,OP-036,Chilled Pick,6.81,723,1870,5
2025-12-12,OP-037,Ambient Pick,7.17,709,2220,7
2025-12-12,OP-038,Chilled Pick,8.02,591,1326,16
2025-12-12,OP-040,Chilled Pick,6.67,756,1970,23
2025-12-12,OP-041,Bulk,7.43,332,658,2
2025-12-12,OP-042,Ambient Pick,8.13,1047,3162,21
2025-12-12,OP-044,Ambient Pick,4.33,326,764,1
2025-12-12,OP-044,Chilled Pick,3.18,189,452,2
2025-12-12,OP-046,Ambient Pick,6.89,720,2300,14
2025-12-13,OP-001,Ambient Pick,2.34,282,826,4
2025-12-13,OP-001,Bulk,5.12,308,531,1
2025-12-13,OP-002,Ambient Pick,6.77,750,2268,6
2025-12-13,OP-002,Chilled Pick,1.04,97,172,1
2025-12-13,OP-003,Chilled Pick,7.4,603,1960,5
2025-12-13,OP-004,Chilled Pick,8.15,637,1619,5
2025-12-13,OP-005,Ambient Pick,7.19,940,2785,4
2025-12-13,OP-007,Bulk,4.89,363,1198,0
2025-12-13,OP-007,Ambient Pick,1.48,189,544,1
2025-12-13,OP-009,Bulk,7.04,384,850,0
2025-12-13,OP-010,Ambient Pick,6.78,830,2200,6
2025-12-13,OP-012,Ambient Pick,7.31,836,2048,6
2025-12-13,OP-013,Ambient Pick,0.76,72,123,0
2025-12-13,OP-013,Chilled Pick,7.15,662,1797,5
2025-12-13,OP-014,Returns,6.72,320,1061,3
2025-12-13,OP-015,Chilled Pick,3.72,191,476,1
2025-12-13,OP-015,Ambient Pick,4.72,303,858,4
2025-12-13,OP-017,Bulk,9.08,581,1268,3
2025-12-13,OP-018,Chilled Pick,1.13,96,175,0
2025-12-13,OP-018,Ambient Pick,6.57,796,1637,2
2025-12-13,OP-020,Chilled Pick,8.52,649,1106,10
2025-12-13,OP-021,Bulk,7.66,543,1837,3
2025-12-13,OP-022,Ambient Pick,8.4,838,2760,5
2025-12-13,OP-023,Ambient Pick,6.1,743,1387,6
2025-12-13,OP-024,Ambient Pick,6.42,629,1921,13
2025-12-13,OP-025,Ambient Pick,3.59,386,735,3
2025-12-13,OP-025,Chilled Pick,3.98,353,919,4
2025-12-13,OP-026,Ambient Pick,7.97,1014,1656,10
2025-12-13,OP-027,Bulk,8.0,426,1085,0
2025-12-13,OP-028,Chilled Pick,7.8,752,2332,10
2025-12-13,OP-029,Ambient Pick,8.26,865,1485,5
2025-12-13,OP-031,Chilled Pick,7.14,697,1541,12
2025-12-13,OP-032,Ambient Pick,7.15,938,1683,6
2025-12-13,OP-033,Ambient Pick,6.15,551,1628,1
2025-12-13,OP-034,Ambient Pick,6.59,698,1765,8
2025-12-13,OP-036,Bulk,7.06,532,1790,2
2025-12-13,OP-038,Ambient Pick,7.57,558,1245,15
2025-12-13,OP-040,Ambient Pick,7.38,1012,2518,28
2025-12-13,OP-041,Chilled Pick,7.99,674,1574,3
2025-12-13,OP-042,Ambient Pick,0.59,72,195,3
2025-12-13,OP-042,Chilled Pick,7.63,716,2004,14
2025-12-13,OP-044,Returns,7.49,275,662,6
2025-12-13,OP-046,Chilled Pick,8.2,609,1393,8
2025-12-13,OP-048,Ambient Pick,7.32,715,1707,13
2025-12-15,OP-001,Chilled Pick,7.77,843,2423,16
2025-12-15,OP-002,Ambient Pick,7.65,854,2527,2
2025-12-15,OP-003,Returns,7.02,371,983,5
2025-12-15,OP-004,Ambient Pick,7.97,981,3183,8
2025-12-15,OP-009,Chilled Pick,3.32,313,564,5
2025-12-15,OP-009,Ambient Pick,4.8,574,1617,3
2025-12-15,OP-010,Chilled Pick,8.28,968,2009,12
2025-12-15,OP-012,Ambient Pick,8.32,1176,2102,8
2025-12-15,OP-013,Ambient Pick,7.23,887,3002,9
2025-12-15,OP-014,Ambient Pick,6.71,826,1338,5
2025-12-15,OP-017,Returns,8.51,511,986,1
2025-12-15,OP-018,Returns,7.17,510,1110,7
2025-12-15,OP-019,Ambient Pick,7.72,948,1737,11
2025-12-15,OP-020,Ambient Pick,7.01,875,1725,11
2025-12-15,OP-021,Ambient Pick,8.23,1133,2773,11
2025-12-15,OP-022,Bulk,3.19,197,480,1
2025-12-15,OP-022,Ambient Pick,6.31,663,2164,7
2025-12-15,OP-023,Ambient Pick,7.33,1055,2545,14
2025-12-15,OP-024,Chilled Pick,6.07,482,988,8
2025-12-15,OP-024,Ambient Pick,0.89,94,209,3
2025-12-15,OP-025,Bulk,3.72,282,660,2
2025-12-15,OP-025,Returns,4.1,216,647,2
2025-12-15,OP-026,Chilled Pick,3.24,369,1092,4
2025-12-15,OP-026,Bulk,5.08,432,1122,3
2025-12-15,OP-027,Bulk,7.82,546,917,3
2025-12-15,OP-028,Returns,7.33,441,1338,17
2025-12-15,OP-029,Chilled Pick,7.47,729,1623,22
2025-12-15,OP-031,Ambient Pick,7.26,805,2364,21
2025-12-15,OP-031,Bulk,0.67,44,136,0
2025-12-15,OP-032,Chilled Pick,8.01,1083,2531,23
2025-12-15,OP-033,Ambient Pick,7.22,1071,2375,18
2025-12-15,OP-034,Chilled Pick,0.82,80,270,1
2025-12-15,OP-034,Bulk,6.69,477,1437,3
2025-12-15,OP-035,Chilled Pick,8.02,796,1401,15
2025-12-15,OP-036,Ambient Pick,7.12,1147,3682,13
2025-12-15,OP-037,Ambient Pick,0.87,109,295,2
2025-12-15,OP-037,Bulk,6.52,488,1354,5
2025-12-15,OP-038,Returns,7.16,364,1124,19
2025-12-15,OP-040,Ambient Pick,8.02,1219,2053,34
2025-12-15,OP-042,Ambient Pick,7.01,1032,1659,22
2025-12-15,OP-042,Chilled Pick,1.0,106,286,3
2025-12-15,OP-044,Chilled Pick,7.33,497,927,6
2025-12-15,OP-046,Ambient Pick,8.37,873,1975,28
2025-12-16,OP-001,Returns,5.57,247,482,3
2025-12-16,OP-001,Ambient Pick,2.15,258,865,6
2025-12-16,OP-003,Ambient Pick,2.76,307,498,0
2025-12-16,OP-003,Returns,4.49,206,436,4
2025-12-16,OP-004,Returns,8.32,486,1514,6
2025-12-16,OP-005,Chilled Pick,7.21,673,1517,8
2025-12-16,OP-007,Bulk,7.61,572,1750,3
2025-12-16,OP-009,Ambient Pick,7.12,627,1576,5
2025-12-16,OP-010,Returns,7.92,400,934,7
2025-12-16,OP-012,Ambient Pick,6.95,904,1776,8
2025-12-16,OP-013,Ambient Pick,7.11,804,1348,6
2025-12-16,OP-014,Ambient Pick,6.84,717,1476,4
2025-12-16,OP-015,Ambient Pick,6.66,433,1087,1
2025-12-16,OP-017,Chilled Pick,3.2,299,538,1
2025-12-16,OP-017,Ambient Pick,4.64,518,879,2
2025-12-16,OP-018,Ambient Pick,7.11,909,2136,5
2025-12-16,OP-019,Bulk,8.03,478,1073,3
2025-12-16,OP-021,Ambient Pick,2.58,290,697,6
2025-12-16,OP-021,Returns,5.1,273,810,3
2025-12-16,OP-022,Ambient Pick,1.07,99,242,1
2025-12-16,OP-022,Bulk,7.03,358,632,4
2025-12-16,OP-023,Ambient Pick,8.49,1019,2644,9
2025-12-16,OP-024,Ambient Pick,6.13,562,1621,11
2025-12-16,OP-024,Returns,1.61,54,157,1
2025-12-16,OP-025,Ambient Pick,7.74,964,2961,9
2025-12-16,OP-026,Ambient Pick,8.15,1103,1972,6
2025-12-16,OP-027,Ambient Pick,6.34,700,1716,6
2025-12-16,OP-028,Ambient Pick,7.83,866,2254,8
2025-12-16,OP-029,Chilled Pick,6.02,490,893,4
2025-12-16,OP-029,Bulk,1.45,82,193,0
2025-12-16,OP-031,Ambient Pick,6.72,677,2274,4
2025-12-16,OP-032,Ambient Pick,7.56,1062,2049,5
2025-12-16,OP-033,Ambient Pick,0.55,58,179,0
2025-12-16,OP-033,Chilled Pick,6.81,642,1648,4
2025-12-16,OP-035,Ambient Pick,8.57,1066,3280,16
2025-12-16,OP-038,Bulk,7.97,437,1480,3
2025-12-16,OP-040,Bulk,7.73,583,1469,7
2025-12-16,OP-041,Ambient Pick,7.61,658,1208,11
2025-12-16,OP-042,Chilled Pick,8.45,747,1608,16
2025-12-16,OP-048,Bulk,7.47,442,1246,9
2025-12-17,OP-001,Ambient Pick,7.36,860,1422,16
2025-12-17,OP-002,Bulk,7.06,466,981,1
2025-12-17,OP-003,Bulk,6.8,476,1081,4
2025-12-17,OP-003,Ambient Pick,0.58,67,154,1
2025-12-17,OP-004,Returns,7.8,377,679,5
2025-12-17,OP-005,Returns,8.82,518,1619,9
2025-12-17,OP-007,Chilled Pick,7.81,837,1749,5
2025-12-17,OP-009,Ambient Pick,7.51,758,1793,2
2025-12-17,OP-010,Bulk,8.75,518,944,0
2025-12-17,OP-012,Bulk,0.87,66,195,0
2025-12-17,OP-012,Chilled Pick,7.26,679,2214,2
2025-12-17,OP-013,Ambient Pick,1.11,126,424,0
2025-12-17,OP-013,Returns,6.34,294,624,1
2025-12-17,OP-014,Chilled Pick,7.61,586,1236,3
2025-12-17,OP-015,Ambient Pick,1.1,82,246,0
2025-12-17,OP-015,Chilled Pick,5.97,327,1024,1
2025-12-17,OP-017,Ambient Pick,6.91,893,2989,1
2025-12-17,OP-018,Chilled Pick,7.49,776,2097,2
2025-12-17,OP-019,Chilled Pick,7.55,666,1566,4
2025-12-17,OP-020,Ambient Pick,1.87,183,297,1
2025-12-17,OP-020,Chilled Pick,5.81,490,1449,4
2025-12-17,OP-022,Ambient Pick,7.9,769,1682,5
2025-12-17,OP-023,Ambient Pick,1.48,179,378,1
2025-12-17,OP-023,Bulk,5.02,387,876,2
2025-12-17,OP-024,Ambient Pick,7.32,626,1532,3
2025-12-17,OP-025,Ambient Pick,2.59,299,723,1
2025-12-17,OP-025,Chilled Pick,4.94,437,735,3
2025-12-17,OP-026,Ambient Pick,8.34,1167,3662,12
2025-12-17,OP-027,Ambient Pick,3.05,315,636,3
2025-12-17,OP-027,Bulk,5.1,291,490,1
2025-12-17,OP-028,Ambient Pick,6.49,668,1374,3
2025-12-17,OP-029,Returns,8.22,388,836,4
2025-12-17,OP-032,Bulk,7.91,620,1678,2
2025-12-17,OP-033,Chilled Pick,6.71,650,1354,5
2025-12-17,OP-033,Ambient Pick,0.51,61,121,0
2025-12-17,OP-034,Ambient Pick,7.95,817,2744,9
2025-12-17,OP-035,Ambient Pick,8.0,814,1513,12
2025-12-17,OP-037,Ambient Pick,8.33,973,2595,11
2025-12-17,OP-038,Ambient Pick,2.56,245,794,6
2025-12-17,OP-038,Chilled Pick,5.38,399,937,7
2025-12-17,OP-040,Chilled Pick,7.06,682,2047,13
2025-12-17,OP-041,Ambient Pick,3.13,281,634,5
2025-12-17,OP-041,Chilled Pick,3.79,271,528,5
2025-12-17,OP-042,Ambient Pick,1.46,172,317,5
2025-12-17,OP-042,Bulk,6.61,397,1015,3
2025-12-17,OP-044,Chilled Pick,7.32,402,746,8
2025-12-17,OP-046,Chilled Pick,8.2,609,1629,6
2025-12-17,OP-048,Chilled Pick,2.11,175,576,2
2025-12-17,OP-048,Ambient Pick,5.34,598,1092,20
2025-12-18,OP-001,Ambient Pick,7.17,771,1601,7
2025-12-18,OP-002,Chilled Pick,7.59,676,1769,4
2025-12-18,OP-003,Ambient Pick,7.13,759,2054,10
2025-12-18,OP-004,Chilled Pick,7.22,649,1570,2
2025-12-18,OP-004,Ambient Pick,0.68,71,234,2
2025-12-18,OP-005,Ambient Pick,5.84,722,1325,8
2025-12-18,OP-005,Chilled Pick,1.51,138,232,1
2025-12-18,OP-007,Returns,7.89,419,1264,2
2025-12-18,OP-009,Bulk,7.69,469,1048,5
2025-12-18,OP-010,Bulk,2.03,142,425,2
2025-12-18,OP-010,Chilled Pick,6.04,521,1289,4
2025-12-18,OP-012,Bulk,8.15,608,1649,4
2025-12-18,OP-013,Bulk,8.86,504,1140,2
2025-12-18,OP-014,Ambient Pick,6.83,741,1800,5
2025-12-18,OP-017,Ambient Pick,0.76,83,235,2
2025-12-18,OP-017,Chilled Pick,6.78,617,1295,6
2025-12-18,OP-018,Ambient Pick,8.23,889,2511,7
2025-12-18,OP-019,Bulk,7.15,446,1460,1
2025-12-18,OP-020,Ambient Pick,7.64,892,1976,9
2025-12-18,OP-023,Ambient Pick,7.36,885,1458,9
2025-12-18,OP-024,Ambient Pick,6.47,610,1643,9
2025-12-18,OP-024,Chilled Pick,1.4,96,264,1
2025-12-18,OP-025,Ambient Pick,8.21,941,3023,11
2025-12-18,OP-026,Bulk,7.69,540,1784,5
2025-12-18,OP-027,Bulk,7.9,495,852,2
2025-12-18,OP-028,Chilled Pick,7.61,618,1318,7
2025-12-18,OP-029,Bulk,8.25,452,898,1
2025-12-18,OP-031,Chilled Pick,8.43,720,1474,8
2025-12-18,OP-032,Bulk,7.73,528,900,2
2025-12-18,OP-035,Ambient Pick,1.72,206,555,5
2025-12-18,OP-035,Chilled Pick,6.41,592,1189,11
2025-12-18,OP-036,Chilled Pick,8.05,799,2608,7
2025-12-18,OP-038,Ambient Pick,7.23,675,2060,16
2025-12-18,OP-040,Bulk,4.64,326,934,1
2025-12-18,OP-040,Returns,3.3,185,578,3
2025-12-18,OP-041,Ambient Pick,8.9,807,1827,14
2025-12-18,OP-042,Chilled Pick,4.78,456,1151,11
2025-12-18,OP-042,Ambient Pick,2.09,258,736,10
2025-12-18,OP-044,Chilled Pick,7.74,500,851,5
2025-12-18,OP-046,Bulk,8.4,431,1072,6
2025-12-18,OP-048,Bulk,8.4,493,1260,10
2025-12-19,OP-001,Returns,7.54,408,718,8
2025-12-19,OP-002,Returns,5.49,281,881,4
2025-12-19,OP-002,Ambient Pick,2.27,248,444,1
2025-12-19,OP-003,Bulk,8.48,550,1235,1
2025-12-19,OP-004,Returns,7.58,375,1250,2
2025-12-19,OP-005,Ambient Pick,6.75,792,2404,10
2025-12-19,OP-007,Chilled Pick,6.98,775,1824,12
2025-12-19,OP-010,Returns,8.44,394,799,3
2025-12-19,OP-012,Ambient Pick,7.56,924,2404,12
2025-12-19,OP-013,Ambient Pick,8.54,1018,2714,14
2025-12-19,OP-014,Bulk,7.87,506,1712,4
2025-12-19,OP-015,Ambient Pick,8.1,605,1741,5
2025-12-19,OP-017,Ambient Pick,8.38,958,2336,3
2025-12-19,OP-018,Chilled Pick,3.83,337,902,2
2025-12-19,OP-018,Ambient Pick,3.53,409,790,4
2025-12-19,OP-019,Bulk,7.6,426,992,1
2025-12-19,OP-020,Chilled Pick,6.65,621,1260,11
2025-12-19,OP-021,Chilled Pick,7.53,758,1283,1
2025-12-19,OP-022,Ambient Pick,8.39,734,1859,7
2025-12-19,OP-023,Ambient Pick,6.74,827,1819,6
2025-12-19,OP-024,Bulk,8.42,428,852,7
2025-12-19,OP-025,Chilled Pick,7.56,728,1631,8
2025-12-19,OP-026,Returns,4.99,252,565,2
2025-12-19,OP-026,Chilled Pick,3.21,273,497,5
2025-12-19,OP-027,Ambient Pick,3.59,391,758,2
2025-12-19,OP-027,Chilled Pick,3.45,259,525,2
2025-12-19,OP-028,Ambient Pick,7.8,824,1318,11
2025-12-19,OP-029,Ambient Pick,2.93,277,772,1
2025-12-19,OP-029,Bulk,5.61,355,710,3
2025-12-19,OP-031,Ambient Pick,8.18,827,2361,2
2025-12-19,OP-032,Chilled Pick,2.32,275,805,3
2025-12-19,OP-032,Ambient Pick,5.64,682,1942,7
2025-12-19,OP-033,Chilled Pick,8.1,870,1937,14
2025-12-19,OP-034,Ambient Pick,7.39,715,1429,2
2025-12-19,OP-035,Ambient Pick,1.13,133,414,2
2025-12-19,OP-035,Bulk,7.69,442,1484,5
2025-12-19,OP-036,Returns,7.91,502,1577,6
2025-12-19,OP-037,Ambient Pick,7.78,908,2401,11
2025-12-19,OP-040,Chilled Pick,8.98,999,1965,38
2025-12-19,OP-041,Chilled Pick,7.47,545,1764,10
2025-12-19,OP-042,Returns,0.95,43,133,1
2025-12-19,OP-042,Ambient Pick,6.86,884,1699,16
2025-12-19,OP-044,Ambient Pick,6.86,544,1170,4
2025-12-19,OP-046,Chilled Pick,8.0,636,2128,12
2025-12-19,OP-048,Bulk,8.26,457,1275,8
2025-12-20,OP-001,Bulk,8.15,467,1427,3
2025-12-20,OP-002,Returns,6.62,319,833,0
2025-12-20,OP-003,Chilled Pick,3.01,264,881,0
2025-12-20,OP-003,Ambient Pick,4.63,507,1007,6
2025-12-20,OP-004,Ambient Pick,8.0,804,2444,4
2025-12-20,OP-005,Bulk,7.72,476,1347,4
2025-12-20,OP-007,Chilled Pick,8.11,829,2114,9
2025-12-20,OP-009,Chilled Pick,7.76,628,1222,1
2025-12-20,OP-010,Chilled Pick,7.83,683,1450,5
2025-12-20,OP-013,Bulk,8.02,518,1004,2
2025-12-20,OP-014,Ambient Pick,8.05,758,2156,2
2025-12-20,OP-015,Chilled Pick,7.72,469,768,5
2025-12-20,OP-017,Bulk,1.3,82,236,0
2025-12-20,OP-017,Ambient Pick,5.62,582,1761,6
2025-12-20,OP-019,Chilled Pick,4.57,366,863,0
2025-12-20,OP-019,Returns,1.87,90,243,2
2025-12-20,OP-020,Ambient Pick,8.34,928,1981,7
2025-12-20,OP-021,Ambient Pick,6.38,771,2454,10
2025-12-20,OP-021,Bulk,0.85,63,157,0
2025-12-20,OP-022,Ambient Pick,8.05,802,1526,7
2025-12-20,OP-023,Chilled Pick,7.93,833,2573,3
2025-12-20,OP-024,Ambient Pick,7.13,654,1534,13
2025-12-20,OP-025,Ambient Pick,8.57,1105,2904,15
2025-12-20,OP-026,Ambient Pick,6.99,898,1946,7
2025-12-20,OP-029,Ambient Pick,7.07,771,2065,5
2025-12-20,OP-031,Ambient Pick,7.16,728,1252,8
2025-12-20,OP-033,Bulk,4.04,277,492,5
2025-12-20,OP-033,Ambient Pick,2.15,288,954,6
2025-12-20,OP-034,Bulk,6.14,401,1308,4
2025-12-20,OP-035,Bulk,8.09,482,1156,3
2025-12-20,OP-036,Chilled Pick,7.89,887,2899,6
2025-12-20,OP-037,Bulk,4.62,274,901,2
2025-12-20,OP-037,Chilled Pick,2.87,251,460,1
2025-12-20,OP-038,Chilled Pick,6.96,527,1182,23
2025-12-20,OP-038,Ambient Pick,0.56,52,130,3
2025-12-20,OP-040,Ambient Pick,7.51,1025,2649,19
2025-12-20,OP-041,Bulk,8.04,421,1331,3
2025-12-20,OP-042,Ambient Pick,7.77,859,1888,6
2025-12-20,OP-044,Chilled Pick,7.46,526,1358,12
2025-12-20,OP-048,Ambient Pick,2.04,212,602,1
2025-12-20,OP-048,Bulk,5.37,291,589,4
2025-12-22,OP-001,Chilled Pick,2.57,268,886,7
2025-12-22,OP-001,Bulk,5.41,437,915,0
2025-12-22,OP-002,Ambient Pick,5.55,652,1473,5
2025-12-22,OP-002,Bulk,2.49,183,481,3
2025-12-22,OP-003,Ambient Pick,6.9,826,1577,10
2025-12-22,OP-004,Chilled Pick,6.29,600,1481,3
2025-12-22,OP-005,Chilled Pick,3.2,347,583,3
2025-12-22,OP-005,Bulk,4.69,372,1080,1
2025-12-22,OP-007,Bulk,7.75,633,1650,7
2025-12-22,OP-009,Ambient Pick,0.62,69,136,0
2025-12-22,OP-009,Bulk,6.69,409,879,3
2025-12-22,OP-010,Chilled Pick,6.71,768,1250,15
2025-12-22,OP-012,Chilled Pick,7.52,820,1769,8
2025-12-22,OP-013,Ambient Pick,3.5,463,1437,6
2025-12-22,OP-013,Bulk,4.14,295,966,2
2025-12-22,OP-015,Ambient Pick,8.01,710,1938,7
2025-12-22,OP-018,Bulk,3.97,288,550,0
2025-12-22,OP-018,Chilled Pick,4.18,435,794,2
2025-12-22,OP-019,Bulk,4.38,286,856,5
2025-12-22,OP-019,Ambient Pick,3.33,431,718,4
2025-12-22,OP-022,Bulk,8.11,480,1537,0
2025-12-22,OP-023,Returns,4.84,326,1008,3
2025-12-22,OP-023,Ambient Pick,1.76,239,744,2
2025-12-22,OP-024,Bulk,6.43,382,667,4
2025-12-22,OP-025,Chilled Pick,7.63,962,2817,12
2025-12-22,OP-026,Ambient Pick,0.88,142,424,3
2025-12-22,OP-026,Returns,6.56,404,1253,8
2025-12-22,OP-028,Returns,3.24,164,472,3
2025-12-22,OP-028,Ambient Pick,4.62,629,1555,7
2025-12-22,OP-029,Bulk,2.09,163,471,0
2025-12-22,OP-029,Ambient Pick,4.65,605,1196,7
2025-12-22,OP-031,Ambient Pick,0.71,96,294,0
2025-12-22,OP-031,Bulk,6.28,479,804,0
2025-12-22,OP-032,Ambient Pick,1.35,193,441,2
2025-12-22,OP-032,Bulk,6.24,565,1636,2
2025-12-22,OP-033,Bulk,7.19,667,1093,5
2025-12-22,OP-034,Ambient Pick,8.23,1114,1981,11
2025-12-22,OP-035,Ambient Pick,7.26,975,2899,26
2025-12-22,OP-036,Ambient Pick,7.05,1122,1938,14
2025-12-22,OP-037,Ambient Pick,7.45,1023,2107,16
2025-12-22,OP-038,Chilled Pick,7.55,718,2199,14
2025-12-22,OP-040,Returns,7.27,570,1326,34
2025-12-22,OP-041,Ambient Pick,6.3,684,2139,8
2025-12-22,OP-041,Chilled Pick,0.99,84,200,0
2025-12-22,OP-042,Ambient Pick,4.08,569,1171,13
2025-12-22,OP-042,Chilled Pick,3.63,345,789,5
2025-12-22,OP-044,Bulk,8.55,434,1020,2
2025-12-22,OP-048,Ambient Pick,8.09,1051,2935,26
2025-12-23,OP-002,Ambient Pick,2.84,330,889,0
2025-12-23,OP-002,Chilled Pick,4.21,421,675,2
2025-12-23,OP-003,Chilled Pick,6.69,583,1509,13
2025-12-23,OP-004,Bulk,5.07,294,704,1
2025-12-23,OP-004,Chilled Pick,1.85,168,355,1
2025-12-23,OP-005,Returns,8.09,388,747,5
2025-12-23,OP-007,Chilled Pick,1.98,203,431,0
2025-12-23,OP-007,Ambient Pick,6.31,837,1812,5
2025-12-23,OP-009,Chilled Pick,3.59,307,950,1
2025-12-23,OP-009,Returns,3.89,155,373,0
2025-12-23,OP-010,Ambient Pick,6.1,734,2145,6
2025-12-23,OP-012,Chilled Pick,7.46,772,1433,9
2025-12-23,OP-013,Chilled Pick,6.39,499,990,3
2025-12-23,OP-015,Ambient Pick,1.13,83,147,2
2025-12-23,OP-015,Chilled Pick,6.7,392,751,6
2025-12-23,OP-018,Returns,3.97,201,406,1
2025-12-23,OP-018,Ambient Pick,3.16,356,849,2
2025-12-23,OP-019,Chilled Pick,8.13,739,2213,4
2025-12-23,OP-021,Ambient Pick,8.56,1043,2284,11
2025-12-23,OP-022,Ambient Pick,7.63,768,2129,9
2025-12-23,OP-023,Ambient Pick,8.21,1047,2071,14
2025-12-23,OP-024,Ambient Pick,7.01,768,1668,19
2025-12-23,OP-025,Bulk,8.0,581,1804,2
2025-12-23,OP-026,Ambient Pick,7.65,1016,2129,15
2025-12-23,OP-027,Bulk,7.49,461,1472,3
2025-12-23,OP-028,Bulk,7.69,463,1520,6
2025-12-23,OP-029,Ambient Pick,6.62,719,1810,5
2025-12-23,OP-032,Ambient Pick,7.11,956,2640,8
2025-12-23,OP-033,Bulk,1.34,90,264,1
2025-12-23,OP-033,Ambient Pick,5.71,627,1039,5
2025-12-23,OP-034,Chilled Pick,5.02,539,1226,5
2025-12-23,OP-034,Bulk,2.61,151,286,0
2025-12-23,OP-035,Returns,8.28,449,1177,10
2025-12-23,OP-036,Ambient Pick,8.97,1242,2463,11
2025-12-23,OP-037,Ambient Pick,7.28,974,2523,20
2025-12-23,OP-038,Chilled Pick,7.15,491,1493,11
2025-12-23,OP-040,Ambient Pick,7.79,1004,1835,17
2025-12-23,OP-041,Returns,8.14,307,735,5
2025-12-23,OP-042,Ambient Pick,7.39,777,1251,16
2025-12-23,OP-044,Bulk,8.21,333,999,3
2025-12-23,OP-046,Ambient Pick,8.13,859,1466,14
2025-12-23,OP-048,Ambient Pick,8.53,851,1474,20
2025-12-24,OP-001,Ambient Pick,3.65,417,1319,9
2025-12-24,OP-001,Bulk,5.57,357,1201,1
2025-12-24,OP-002,Bulk,7.34,445,1241,0
2025-12-24,OP-003,Chilled Pick,4.39,391,1251,3
2025-12-24,OP-003,Bulk,3.21,184,414,0
2025-12-24,OP-004,Ambient Pick,7.36,736,2201,4
2025-12-24,OP-005,Ambient Pick,7.26,870,2607,9
2025-12-24,OP-007,Ambient Pick,7.68,901,2195,7
2025-12-24,OP-009,Chilled Pick,7.2,616,1675,7
2025-12-24,OP-010,Returns,5.06,197,580,2
2025-12-24,OP-010,Ambient Pick,2.6,282,628,2
2025-12-24,OP-012,Chilled Pick,6.55,665,1114,6
2025-12-24,OP-013,Chilled Pick,5.14,413,819,2
2025-12-24,OP-013,Ambient Pick,2.37,253,730,1
2025-12-24,OP-014,Returns,7.89,359,613,2
2025-12-24,OP-015,Ambient Pick,4.78,298,927,0
2025-12-24,OP-015,Chilled Pick,2.76,161,341,1
2025-12-24,OP-017,Bulk,6.65,404,1177,1
2025-12-24,OP-018,Ambient Pick,7.52,877,2055,5
2025-12-24,OP-019,Ambient Pick,7.56,810,1478,4
2025-12-24,OP-020,Ambient Pick,7.66,917,1816,15
2025-12-24,OP-021,Bulk,3.73,253,448,1
2025-12-24,OP-021,Returns,3.17,166,350,3
2025-12-24,OP-022,Returns,7.72,345,567,1
2025-12-24,OP-023,Ambient Pick,7.42,954,3168,7
2025-12-24,OP-024,Bulk,7.65,467,788,4
2025-12-24,OP-026,Ambient Pick,3.82,443,882,6
2025-12-24,OP-026,Chilled Pick,3.7,365,1008,1
2025-12-24,OP-027,Ambient Pick,1.54,151,264,0
2025-12-24,OP-027,Chilled Pick,5.81,525,1569,3
2025-12-24,OP-028,Bulk,6.76,379,718,1
2025-12-24,OP-028,Chilled Pick,0.78,67,165,1
2025-12-24,OP-029,Ambient Pick,7.7,808,1713,8
2025-12-24,OP-033,Ambient Pick,8.31,1061,1739,6
2025-12-24,OP-034,Ambient Pick,7.52,948,3061,14
2025-12-24,OP-035,Chilled Pick,8.66,734,1792,16
2025-12-24,OP-037,Bulk,5.53,365,633,3
2025-12-24,OP-037,Chilled Pick,2.17,188,423,4
2025-12-24,OP-038,Chilled Pick,6.93,514,884,11
2025-12-24,OP-040,Bulk,8.63,628,1905,8
2025-12-24,OP-041,Ambient Pick,6.98,728,1675,8
2025-12-24,OP-042,Chilled Pick,7.3,652,2157,5
2025-12-24,OP-044,Chilled Pick,7.29,422,1126,6
2025-12-24,OP-046,Bulk,6.52,372,1144,9
2025-12-24,OP-046,Ambient Pick,1.63,172,473,1
2025-12-25,OP-001,Ambient Pick,8.32,1028,2453,12
2025-12-25,OP-003,Chilled Pick,7.51,664,2174,7
2025-12-25,OP-004,Chilled Pick,7.66,720,1683,5
2025-12-25,OP-007,Bulk,7.55,620,1445,3
2025-12-25,OP-012,Returns,0.72,43,87,0
2025-12-25,OP-012,Ambient Pick,6.83,819,2485,7
2025-12-25,OP-013,Ambient Pick,7.97,1081,2388,11
2025-12-25,OP-014,Ambient Pick,8.89,929,1522,11
2025-12-25,OP-015,Chilled Pick,7.66,392,799,2
2025-12-25,OP-017,Returns,7.64,396,1032,2
2025-12-25,OP-018,Chilled Pick,7.52,741,2047,6
2025-12-25,OP-019,Bulk,6.77,395,1303,3
2025-12-25,OP-020,Chilled Pick,6.57,542,1722,11
2025-12-25,OP-021,Chilled Pick,8.19,907,2079,11
2025-12-25,OP-022,Ambient Pick,7.41,652,1110,2
2025-12-25,OP-023,Chilled Pick,7.92,888,1790,9
2025-12-25,OP-024,Chilled Pick,7.46,562,1136,6
2025-12-25,OP-025,Ambient Pick,6.56,726,1210,6
2025-12-25,OP-025,Chilled Pick,1.12,123,413,0
2025-12-25,OP-026,Ambient Pick,7.83,883,2598,2
2025-12-25,OP-027,Bulk,1.01,60,111,1
2025-12-25,OP-027,Ambient Pick,6.7,759,1662,11
2025-12-25,OP-028,Ambient Pick,3.46,368,1158,7
2025-12-25,OP-028,Bulk,4.5,247,672,4
2025-12-25,OP-029,Ambient Pick,2.08,232,581,1
2025-12-25,OP-029,Bulk,4.38,256,732,3
2025-12-25,OP-031,Ambient Pick,6.6,677,1509,7
2025-12-25,OP-032,Chilled Pick,7.48,916,1836,8
2025-12-25,OP-033,Ambient Pick,7.38,866,2033,15
2025-12-25,OP-034,Ambient Pick,7.34,797,1608,8
2025-12-25,OP-035,Ambient Pick,7.95,916,2798,15
2025-12-25,OP-037,Returns,8.35,415,787,12
2025-12-25,OP-038,Bulk,4.16,215,453,5
2025-12-25,OP-038,Ambient Pick,3.87,315,708,5
2025-12-25,OP-040,Ambient Pick,6.57,890,2691,14
2025-12-25,OP-041,Returns,7.57,332,1102,6
2025-12-25,OP-042,Bulk,7.25,496,993,9
2025-12-25,OP-044,Ambient Pick,4.24,334,822,3
2025-12-25,OP-044,Returns,2.65,87,186,2
2025-12-25,OP-046,Ambient Pick,7.0,698,1586,8
2025-12-25,OP-048,Ambient Pick,2.23,231,609,7
2025-12-25,OP-048,Chilled Pick,6.05,603,1024,15
2025-12-26,OP-002,Ambient Pick,8.12,879,2854,4
2025-12-26,OP-003,Ambient Pick,7.9,773,1510,9
2025-12-26,OP-004,Ambient Pick,8.0,826,2077,1
2025-12-26,OP-005,Ambient Pick,7.38,883,2764,9
2025-12-26,OP-009,Ambient Pick,6.99,670,1120,5
2025-12-26,OP-010,Ambient Pick,7.78,1004,1780,6
2025-12-26,OP-012,Bulk,8.17,565,1054,1
2025-12-26,OP-014,Chilled Pick,7.93,632,1367,3
2025-12-26,OP-018,Bulk,7.92,545,1144,2
2025-12-26,OP-019,Ambient Pick,7.22,859,1976,4
2025-12-26,OP-020,Ambient Pick,2.66,269,720,2
2025-12-26,OP-020,Chilled Pick,4.48,427,1196,6
2025-12-26,OP-021,Bulk,6.71,428,1312,2
2025-12-26,OP-022,Chilled Pick,7.7,599,1808,7
2025-12-26,OP-023,Chilled Pick,8.14,818,1965,11
2025-12-26,OP-024,Ambient Pick,6.93,655,1476,14
2025-12-26,OP-025,Ambient Pick,7.05,872,1639,14
2025-12-26,OP-025,Chilled Pick,1.03,90,148,0
2025-12-26,OP-026,Chilled Pick,8.38,769,1253,6
2025-12-26,OP-027,Bulk,8.42,508,1682,0
2025-12-26,OP-028,Returns,9.5,471,1119,6
2025-12-26,OP-029,Bulk,8.41,514,1586,1
2025-12-26,OP-031,Chilled Pick,1.24,113,380,2
2025-12-26,OP-031,Returns,6.23,311,1053,3
2025-12-26,OP-033,Ambient Pick,3.93,545,1642,3
2025-12-26,OP-033,Bulk,3.92,300,719,3
2025-12-26,OP-034,Bulk,7.55,430,1376,2
2025-12-26,OP-035,Ambient Pick,7.42,853,1676,16
2025-12-26,OP-035,Chilled Pick,0.74,64,109,0
2025-12-26,OP-036,Bulk,7.03,574,1949,2
2025-12-26,OP-037,Ambient Pick,7.64,810,1304,8
2025-12-26,OP-038,Bulk,6.44,328,909,4
2025-12-26,OP-038,Ambient Pick,0.86,79,150,0
2025-12-26,OP-040,Chilled Pick,7.78,844,2291,27
2025-12-26,OP-041,Chilled Pick,8.59,617,1798,4
2025-12-26,OP-042,Ambient Pick,5.67,702,1262,12
2025-12-26,OP-042,Chilled Pick,1.55,141,252,3
2025-12-26,OP-044,Ambient Pick,7.39,528,1051,7
2025-12-26,OP-046,Ambient Pick,7.97,783,2467,11
2025-12-27,OP-003,Ambient Pick,0.93,107,233,0
2025-12-27,OP-003,Bulk,6.79,435,1087,2
2025-12-27,OP-004,Returns,7.46,347,1109,2
2025-12-27,OP-005,Ambient Pick,7.2,801,1500,11
2025-12-27,OP-007,Bulk,2.1,156,488,0
2025-12-27,OP-007,Chilled Pick,3.81,355,610,4
2025-12-27,OP-010,Bulk,6.88,384,816,2
2025-12-27,OP-012,Returns,8.59,509,1475,9
2025-12-27,OP-013,Ambient Pick,8.28,953,3019,8
2025-12-27,OP-014,Ambient Pick,7.49,862,2512,4
2025-12-27,OP-015,Ambient Pick,7.54,561,1467,8
2025-12-27,OP-017,Bulk,7.51,539,1321,3
2025-12-27,OP-018,Ambient Pick,8.3,957,2137,5
2025-12-27,OP-019,Chilled Pick,7.32,692,1588,5
2025-12-27,OP-020,Chilled Pick,7.76,674,1995,9
2025-12-27,OP-021,Bulk,1.0,76,231,0
2025-12-27,OP-021,Ambient Pick,6.89,765,2250,3
2025-12-27,OP-022,Chilled Pick,6.43,461,1529,3
2025-12-27,OP-023,Ambient Pick,8.14,987,1864,4
2025-12-27,OP-024,Bulk,8.34,448,759,1
2025-12-27,OP-025,Chilled Pick,7.16,761,1953,14
2025-12-27,OP-026,Chilled Pick,7.81,791,1532,7
2025-12-27,OP-027,Bulk,4.8,294,545,2
2025-12-27,OP-027,Ambient Pick,2.05,198,330,0
2025-12-27,OP-028,Chilled Pick,9.47,818,1549,11
2025-12-27,OP-029,Chilled Pick,4.93,427,1355,4
2025-12-27,OP-029,Ambient Pick,2.17,232,428,1
2025-12-27,OP-031,Ambient Pick,7.7,847,2517,10
2025-12-27,OP-032,Ambient Pick,2.91,396,1334,3
2025-12-27,OP-032,Chilled Pick,4.78,474,1115,10
2025-12-27,OP-034,Ambient Pick,7.24,829,1793,8
2025-12-27,OP-036,Ambient Pick,7.51,1095,2560,7
2025-12-27,OP-037,Ambient Pick,7.15,782,2381,10
2025-12-27,OP-037,Bulk,0.6,37,80,1
2025-12-27,OP-038,Bulk,7.38,372,1199,2
2025-12-27,OP-040,Ambient Pick,7.73,1000,2550,15
2025-12-27,OP-041,Ambient Pick,5.65,514,977,6
2025-12-27,OP-042,Ambient Pick,6.02,730,2018,16
2025-12-27,OP-044,Bulk,8.36,319,964,3
2025-12-27,OP-046,Ambient Pick,8.32,786,1279,14
2025-12-27,OP-048,Bulk,7.08,438,1362,9
2025-12-29,OP-002,Returns,8.42,529,1083,2
2025-12-29,OP-003,Ambient Pick,8.51,1121,2690,13
2025-12-29,OP-004,Ambient Pick,6.44,738,1673,5
2025-12-29,OP-005,Bulk,6.49,437,1476,3
2025-12-29,OP-007,Ambient Pick,7.86,1149,3210,10
2025-12-29,OP-010,Ambient Pick,7.87,1023,1879,9
2025-12-29,OP-012,Ambient Pick,6.54,1020,2219,16
2025-12-29,OP-013,Chilled Pick,7.61,701,1403,9
2025-12-29,OP-014,Returns,1.15,69,132,0
2025-12-29,OP-014,Chilled Pick,6.88,717,2286,7
2025-12-29,OP-015,Chilled Pick,7.72,507,994,8
2025-12-29,OP-017,Ambient Pick,7.79,994,2052,7
2025-12-29,OP-018,Bulk,7.74,601,1066,2
2025-12-29,OP-019,Chilled Pick,7.33,702,1842,5
2025-12-29,OP-020,Chilled Pick,7.54,846,1603,21
2025-12-29,OP-021,Chilled Pick,6.92,832,1969,15
2025-12-29,OP-022,Ambient Pick,7.55,811,1953,8
2025-12-29,OP-023,Chilled Pick,7.39,883,2715,10
2025-12-29,OP-026,Ambient Pick,7.22,1099,3415,13
2025-12-29,OP-027,Chilled Pick,6.5,681,1257,6
2025-12-29,OP-028,Ambient Pick,6.64,881,2596,10
2025-12-29,OP-028,Chilled Pick,1.37,128,267,4
2025-12-29,OP-029,Bulk,3.61,255,736,2
2025-12-29,OP-029,Returns,3.45,214,431,5
2025-12-29,OP-031,Ambient Pick,8.2,1035,2579,22
2025-12-29,OP-033,Chilled Pick,7.86,939,3185,23
2025-12-29,OP-034,Ambient Pick,7.49,964,2707,12
2025-12-29,OP-035,Ambient Pick,7.45,951,2516,20
2025-12-29,OP-037,Bulk,8.39,607,1219,7
2025-12-29,OP-038,Bulk,7.57,409,1332,4
2025-12-29,OP-040,Ambient Pick,7.76,1188,2055,37
2025-12-29,OP-041,Ambient Pick,7.42,796,1433,13
2025-12-29,OP-042,Chilled Pick,7.68,888,2408,32
2025-12-29,OP-044,Ambient Pick,4.85,362,915,4
2025-12-29,OP-044,Chilled Pick,2.77,179,503,2
2025-12-29,OP-046,Chilled Pick,7.73,763,1465,18
2025-12-29,OP-048,Chilled Pick,3.69,352,829,10
2025-12-29,OP-048,Bulk,3.57,227,472,1
2025-12-30,OP-001,Bulk,7.92,487,1267,5
2025-12-30,OP-002,Returns,8.58,405,815,2
2025-12-30,OP-003,Chilled Pick,7.92,737,1822,9
2025-12-30,OP-004,Ambient Pick,8.08,911,2724,2
2025-12-30,OP-005,Ambient Pick,7.02,744,1246,8
2025-12-30,OP-007,Ambient Pick,7.69,1057,2292,11
2025-12-30,OP-009,Bulk,6.65,375,1185,3
2025-12-30,OP-010,Chilled Pick,3.04,270,593,2
2025-12-30,OP-010,Bulk,3.37,213,635,1
2025-12-30,OP-012,Ambient Pick,7.73,1040,2596,10
2025-12-30,OP-013,Ambient Pick,6.35,749,2458,2
2025-12-30,OP-015,Ambient Pick,8.33,571,1822,4
2025-12-30,OP-017,Ambient Pick,7.32,831,1799,10
2025-12-30,OP-018,Ambient Pick,2.99,351,1065,0
2025-12-30,OP-018,Returns,5.46,293,514,1
2025-12-30,OP-019,Returns,2.59,116,253,1
2025-12-30,OP-019,Chilled Pick,4.17,359,925,4
2025-12-30,OP-020,Ambient Pick,7.9,917,1846,10
2025-12-30,OP-021,Chilled Pick,6.33,508,1215,4
2025-12-30,OP-021,Bulk,1.45,95,209,0
2025-12-30,OP-022,Ambient Pick,9.44,753,1461,7
2025-12-30,OP-025,Chilled Pick,7.34,704,2292,5
2025-12-30,OP-027,Bulk,3.23,190,359,0
2025-12-30,OP-027,Ambient Pick,4.23,451,776,1
2025-12-30,OP-028,Bulk,5.92,359,950,1
2025-12-30,OP-028,Ambient Pick,2.1,223,412,1
2025-12-30,OP-029,Chilled Pick,3.24,257,428,2
2025-12-30,OP-029,Ambient Pick,4.28,431,1407,3
2025-12-30,OP-031,Bulk,7.62,425,794,3
2025-12-30,OP-032,Chilled Pick,7.82,930,2688,9
2025-12-30,OP-033,Ambient Pick,8.16,900,2507,11
2025-12-30,OP-034,Bulk,7.54,438,1145,2
2025-12-30,OP-035,Ambient Pick,2.66,320,720,4
2025-12-30,OP-035,Chilled Pick,5.74,464,1310,6
2025-12-30,OP-036,Ambient Pick,7.23,930,1913,5
2025-12-30,OP-038,Chilled Pick,7.17,540,1058,6
2025-12-30,OP-040,Returns,6.79,392,1088,13
2025-12-30,OP-044,Bulk,7.35,335,905,4
2025-12-30,OP-046,Bulk,7.05,436,1217,3
2025-12-30,OP-048,Ambient Pick,6.51,702,1499,15
2025-12-31,OP-001,Returns,8.15,384,1238,7
2025-12-31,OP-003,Chilled Pick,7.54,561,1724,1
2025-12-31,OP-005,Ambient Pick,7.44,937,2670,10
2025-12-31,OP-007,Ambient Pick,7.35,932,2367,4
2025-12-31,OP-009,Ambient Pick,7.12,640,1167,1
2025-12-31,OP-010,Returns,7.39,385,1270,3
2025-12-31,OP-012,Ambient Pick,5.71,797,1364,15
2025-12-31,OP-012,Returns,2.04,113,323,0
2025-12-31,OP-013,Bulk,7.87,462,1253,1
2025-12-31,OP-014,Ambient Pick,7.63,775,2403,2
2025-12-31,OP-015,Bulk,6.37,304,526,3
2025-12-31,OP-017,Ambient Pick,7.75,992,2659,10
2025-12-31,OP-018,Ambient Pick,8.11,996,2940,3
2025-12-31,OP-019,Ambient Pick,7.25,791,1747,5
2025-12-31,OP-021,Chilled Pick,8.59,817,2030,4
2025-12-31,OP-022,Ambient Pick,7.34,682,2098,4
2025-12-31,OP-023,Chilled Pick,8.13,712,1929,4
2025-12-31,OP-024,Ambient Pick,7.5,680,1788,10
2025-12-31,OP-025,Returns,6.42,396,982,2
2025-12-31,OP-026,Ambient Pick,8.14,974,3105,6
2025-12-31,OP-027,Chilled Pick,8.01,665,2184,3
2025-12-31,OP-028,Ambient Pick,5.39,571,1721,10
2025-12-31,OP-028,Bulk,1.35,86,228,0
2025-12-31,OP-029,Bulk,0.58,38,127,0
2025-12-31,OP-029,Ambient Pick,6.33,732,1307,0
2025-12-31,OP-031,Chilled Pick,8.05,663,1542,2
2025-12-31,OP-033,Returns,7.18,398,808,3
2025-12-31,OP-034,Chilled Pick,7.04,639,1968,9
2025-12-31,OP-035,Bulk,7.74,481,1154,6
2025-12-31,OP-036,Chilled Pick,7.17,753,2049,8
2025-12-31,OP-037,Ambient Pick,7.93,794,1520,9
2025-12-31,OP-038,Returns,2.07,79,189,1
2025-12-31,OP-038,Chilled Pick,5.09,342,731,10
2025-12-31,OP-040,Returns,6.74,390,978,13
2025-12-31,OP-041,Bulk,7.67,416,689,3
2025-12-31,OP-042,Ambient Pick,6.8,715,2288,14
2025-12-31,OP-044,Chilled Pick,7.59,415,1149,3
2025-12-31,OP-046,Ambient Pick,7.73,696,1272,8
2025-12-31,OP-048,Returns,6.95,308,650,12
2026-01-01,OP-001,Ambient Pick,7.36,508,1104,8
2026-01-01,OP-002,Ambient Pick,7.76,501,991,1
2026-01-01,OP-003,Ambient Pick,6.56,469,1574,1
2026-01-01,OP-007,Chilled Pick,9.01,566,1047,3
2026-01-01,OP-009,Ambient Pick,8.57,477,1060,1
2026-01-01,OP-010,Bulk,7.56,292,889,0
2026-01-01,OP-012,Chilled Pick,6.48,385,1019,3
2026-01-01,OP-013,Ambient Pick,7.12,468,1074,2
2026-01-01,OP-014,Ambient Pick,7.53,475,1391,0
2026-01-01,OP-015,Bulk,9.05,217,590,1
2026-01-01,OP-017,Chilled Pick,6.19,333,675,0
2026-01-01,OP-017,Ambient Pick,1.68,130,339,0
2026-01-01,OP-018,Ambient Pick,7.19,562,993,0
2026-01-01,OP-020,Ambient Pick,8.51,520,1700,5
2026-01-01,OP-021,Ambient Pick,5.41,396,1182,2
2026-01-01,OP-021,Returns,2.29,74,221,1
2026-01-01,OP-022,Ambient Pick,7.48,403,1180,4
2026-01-01,OP-024,Ambient Pick,7.57,405,1117,1
2026-01-01,OP-025,Returns,8.18,266,790,0
2026-01-01,OP-026,Ambient Pick,7.28,541,1252,0
2026-01-01,OP-027,Bulk,6.57,224,741,1
2026-01-01,OP-028,Chilled Pick,7.98,421,918,1
2026-01-01,OP-029,Ambient Pick,7.29,473,1484,2
2026-01-01,OP-031,Bulk,7.1,266,556,0
2026-01-01,OP-032,Ambient Pick,2.67,228,510,2
2026-01-01,OP-032,Chilled Pick,3.91,232,787,1
2026-01-01,OP-033,Ambient Pick,8.4,546,1443,3
2026-01-01,OP-034,Chilled Pick,6.9,393,1147,2
2026-01-01,OP-035,Bulk,7.47,285,855,0
2026-01-01,OP-037,Bulk,3.68,150,278,2
2026-01-01,OP-037,Chilled Pick,3.36,175,524,2
2026-01-01,OP-038,Ambient Pick,1.15,57,98,1
2026-01-01,OP-038,Chilled Pick,5.92,278,877,2
2026-01-01,OP-044,Bulk,8.27,213,640,1
2026-01-01,OP-046,Ambient Pick,8.13,435,1031,4
2026-01-01,OP-048,Ambient Pick,7.92,492,1627,1
2026-01-02,OP-001,Chilled Pick,3.28,170,284,0
2026-01-02,OP-001,Bulk,4.36,162,436,1
2026-01-02,OP-003,Bulk,5.68,209,632,1
2026-01-02,OP-003,Chilled Pick,2.1,122,402,0
2026-01-02,OP-004,Bulk,5.23,190,438,1
2026-01-02,OP-004,Chilled Pick,1.77,93,282,1
2026-01-02,OP-005,Chilled Pick,7.48,447,1472,1
2026-01-02,OP-007,Bulk,3.63,151,378,0
2026-01-02,OP-007,Ambient Pick,4.09,383,986,4
2026-01-02,OP-009,Chilled Pick,2.32,106,327,1
2026-01-02,OP-009,Ambient Pick,4.38,278,922,0
2026-01-02,OP-010,Ambient Pick,6.54,465,1412,3
2026-01-02,OP-010,Bulk,1.19,40,127,0
2026-01-02,OP-013,Returns,8.42,228,438,0
2026-01-02,OP-014,Chilled Pick,8.08,435,928,2
2026-01-02,OP-015,Ambient Pick,7.82,403,1344,1
2026-01-02,OP-017,Ambient Pick,4.96,334,882,1
2026-01-02,OP-017,Returns,3.0,90,297,1
2026-01-02,OP-018,Chilled Pick,7.84,417,1202,0
2026-01-02,OP-020,Bulk,7.37,262,874,1
2026-01-02,OP-021,Chilled Pick,7.62,470,1105,1
2026-01-02,OP-022,Bulk,6.86,224,752,0
2026-01-02,OP-023,Chilled Pick,8.37,439,1266,0
2026-01-02,OP-024,Chilled Pick,8.16,383,1066,2
2026-01-02,OP-025,Ambient Pick,7.39,440,1034,2
2026-01-02,OP-026,Chilled Pick,8.44,455,1358,3
2026-01-02,OP-027,Returns,6.72,184,463,1
2026-01-02,OP-028,Ambient Pick,7.26,501,1574,2
2026-01-02,OP-029,Bulk,7.34,273,691,0
2026-01-02,OP-031,Bulk,3.17,100,212,0
2026-01-02,OP-031,Ambient Pick,4.57,305,601,1
2026-01-02,OP-032,Ambient Pick,0.61,44,71,0
2026-01-02,OP-032,Chilled Pick,7.48,453,1340,2
2026-01-02,OP-033,Ambient Pick,7.8,575,1096,3
2026-01-02,OP-034,Ambient Pick,0.86,58,116,0
2026-01-02,OP-034,Chilled Pick,5.6,283,664,1
2026-01-02,OP-035,Chilled Pick,7.59,379,889,2
2026-01-02,OP-036,Chilled Pick,3.31,209,482,2
2026-01-02,OP-036,Bulk,4.01,164,277,0
2026-01-02,OP-037,Chilled Pick,7.81,422,1286,4
2026-01-02,OP-038,Ambient Pick,8.0,482,1228,2
2026-01-02,OP-040,Ambient Pick,6.94,604,1556,6
2026-01-02,OP-041,Ambient Pick,7.5,430,1334,2
2026-01-02,OP-042,Bulk,4.18,181,591,1
2026-01-02,OP-042,Chilled Pick,3.15,189,386,2
2026-01-02,OP-044,Chilled Pick,6.62,226,464,2
2026-01-02,OP-046,Bulk,2.84,89,192,0
2026-01-02,OP-046,Ambient Pick,5.51,338,870,5
2026-01-02,OP-048,Ambient Pick,7.88,440,905,2
2026-01-03,OP-001,Bulk,6.98,256,581,1
2026-01-03,OP-002,Ambient Pick,7.29,485,1633,3
2026-01-03,OP-004,Chilled Pick,1.07,56,96,1
2026-01-03,OP-004,Ambient Pick,5.97,420,1307,0
2026-01-03,OP-007,Ambient Pick,7.17,460,1119,1
2026-01-03,OP-009,Returns,6.79,187,474,0
2026-01-03,OP-010,Ambient Pick,7.15,497,1501,1
2026-01-03,OP-012,Chilled Pick,1.88,112,276,0
2026-01-03,OP-012,Ambient Pick,5.57,383,896,2
2026-01-03,OP-013,Bulk,7.79,259,546,0
2026-01-03,OP-014,Ambient Pick,3.23,214,515,0
2026-01-03,OP-014,Returns,4.71,141,454,0
2026-01-03,OP-015,Ambient Pick,7.09,308,1027,0
2026-01-03,OP-017,Ambient Pick,3.6,247,604,1
2026-01-03,OP-017,Chilled Pick,4.49,262,621,2
2026-01-03,OP-018,Returns,8.72,280,641,0
2026-01-03,OP-019,Chilled Pick,7.37,366,1014,2
2026-01-03,OP-021,Ambient Pick,1.77,145,324,1
2026-01-03,OP-021,Bulk,5.22,211,397,2
2026-01-03,OP-022,Ambient Pick,7.99,433,764,1
2026-01-03,OP-023,Ambient Pick,7.95,589,1406,3
2026-01-03,OP-025,Ambient Pick,7.38,555,1608,1
2026-01-03,OP-026,Ambient Pick,8.63,693,1948,1
2026-01-03,OP-027,Chilled Pick,4.37,257,857,1
2026-01-03,OP-027,Bulk,3.54,135,351,1
2026-01-03,OP-028,Returns,7.6,226,585,1
2026-01-03,OP-029,Bulk,7.32,266,596,1
2026-01-03,OP-031,Chilled Pick,6.94,342,1015,1
2026-01-03,OP-033,Bulk,6.73,237,525,0
2026-01-03,OP-034,Ambient Pick,8.23,526,1369,2
2026-01-03,OP-035,Chilled Pick,8.32,462,983,5
2026-01-03,OP-036,Chilled Pick,3.77,254,490,1
2026-01-03,OP-036,Bulk,4.5,216,533,0
2026-01-03,OP-037,Bulk,4.37,146,371,0
2026-01-03,OP-037,Ambient Pick,3.27,207,538,0
2026-01-03,OP-038,Chilled Pick,7.34,311,648,3
2026-01-03,OP-040,Ambient Pick,1.16,109,179,1
2026-01-03,OP-040,Chilled Pick,6.58,399,1189,4
2026-01-03,OP-041,Ambient Pick,6.42,328,753,1
2026-01-03,OP-042,Ambient Pick,7.86,512,1590,1
2026-01-03,OP-044,Ambient Pick,8.9,430,930,4
2026-01-03,OP-046,Ambient Pick,6.61,421,1026,2
2026-01-03,OP-048,Chilled Pick,7.39,352,773,1
2026-01-05,OP-001,Returns,7.67,288,961,1
2026-01-05,OP-002,Ambient Pick,8.41,741,1216,1
2026-01-05,OP-004,Ambient Pick,8.66,687,1956,2
2026-01-05,OP-005,Bulk,5.88,324,895,2
2026-01-05,OP-005,Ambient Pick,1.82,155,452,3
2026-01-05,OP-007,Bulk,6.88,346,1005,1
2026-01-05,OP-009,Ambient Pick,6.92,453,914,0
2026-01-05,OP-010,Ambient Pick,6.3,533,1453,2
2026-01-05,OP-012,Ambient Pick,7.99,631,1702,2
2026-01-05,OP-013,Chilled Pick,7.37,431,1453,0
2026-01-05,OP-014,Returns,3.25,108,174,1
2026-01-05,OP-014,Chilled Pick,3.83,239,744,0
2026-01-05,OP-015,Bulk,7.2,221,418,0
2026-01-05,OP-017,Ambient Pick,6.31,618,1502,2
2026-01-05,OP-017,Chilled Pick,1.24,77,226,0
2026-01-05,OP-019,Bulk,6.73,281,645,0
2026-01-05,OP-020,Returns,6.71,212,596,4
2026-01-05,OP-021,Chilled Pick,6.81,510,1506,0
2026-01-05,OP-022,Bulk,7.02,320,1001,0
2026-01-05,OP-023,Ambient Pick,4.35,348,1012,1
2026-01-05,OP-023,Chilled Pick,3.25,211,378,0
2026-01-05,OP-024,Bulk,6.9,273,752,0
2026-01-05,OP-024,Returns,0.96,29,74,0
2026-01-05,OP-025,Bulk,7.72,359,861,2
2026-01-05,OP-027,Bulk,7.78,344,974,0
2026-01-05,OP-028,Ambient Pick,7.2,512,1318,4
2026-01-05,OP-029,Ambient Pick,7.7,593,1334,1
2026-01-05,OP-031,Bulk,6.4,261,629,0
2026-01-05,OP-032,Chilled Pick,8.03,654,2037,5
2026-01-05,OP-034,Returns,1.28,46,76,1
2026-01-05,OP-034,Chilled Pick,7.36,457,807,3
2026-01-05,OP-035,Returns,7.59,262,844,0
2026-01-05,OP-036,Returns,6.51,281,503,0
2026-01-05,OP-037,Ambient Pick,8.24,627,1792,3
2026-01-05,OP-038,Chilled Pick,7.27,309,913,2
2026-01-05,OP-040,Ambient Pick,7.52,683,1233,4
2026-01-05,OP-041,Ambient Pick,7.6,403,1013,2
2026-01-05,OP-042,Ambient Pick,6.82,597,1505,3
2026-01-05,OP-044,Ambient Pick,7.9,368,788,1
2026-01-05,OP-046,Chilled Pick,7.08,415,1285,8
2026-01-05,OP-048,Ambient Pick,8.82,714,2290,7
2026-01-06,OP-001,Bulk,7.35,253,573,0
2026-01-06,OP-002,Chilled Pick,8.47,394,1287,2
2026-01-06,OP-003,Ambient Pick,6.95,440,1303,0
2026-01-06,OP-004,Ambient Pick,7.25,499,1443,2
2026-01-06,OP-005,Ambient Pick,6.02,433,1348,2
2026-01-06,OP-005,Chilled Pick,1.21,64,212,0
2026-01-06,OP-009,Bulk,8.85,290,805,0
2026-01-06,OP-010,Chilled Pick,3.22,183,508,1
2026-01-06,OP-010,Ambient Pick,4.34,301,617,1
2026-01-06,OP-012,Returns,5.73,199,635,3
2026-01-06,OP-012,Ambient Pick,1.79,154,250,2
2026-01-06,OP-013,Bulk,7.83,301,631,0
2026-01-06,OP-014,Bulk,8.03,320,899,0
2026-01-06,OP-015,Ambient Pick,7.24,355,968,1
2026-01-06,OP-017,Chilled Pick,3.12,166,275,2
2026-01-06,OP-017,Returns,3.84,117,394,1
2026-01-06,OP-018,Bulk,1.47,66,148,0
2026-01-06,OP-018,Returns,5.82,205,411,0
2026-01-06,OP-019,Chilled Pick,6.58,300,998,1
2026-01-06,OP-020,Chilled Pick,7.83,454,888,6
2026-01-06,OP-021,Ambient Pick,4.13,313,679,2
2026-01-06,OP-021,Returns,2.49,73,167,1
2026-01-06,OP-022,Ambient Pick,7.51,396,971,0
2026-01-06,OP-023,Chilled Pick,1.53,90,252,0
2026-01-06,OP-023,Ambient Pick,6.25,417,1062,0
2026-01-06,OP-024,Bulk,7.07,232,611,0
2026-01-06,OP-025,Bulk,8.01,333,975,0
2026-01-06,OP-028,Returns,8.33,246,698,2
2026-01-06,OP-029,Bulk,6.03,223,716,0
2026-01-06,OP-029,Ambient Pick,2.8,188,409,1
2026-01-06,OP-031,Ambient Pick,8.6,569,1073,2
2026-01-06,OP-032,Chilled Pick,7.7,546,1733,3
2026-01-06,OP-033,Bulk,7.89,345,840,0
2026-01-06,OP-034,Bulk,7.19,256,652,0
2026-01-06,OP-035,Returns,1.78,54,172,1
2026-01-06,OP-035,Ambient Pick,6.2,408,677,3
2026-01-06,OP-036,Ambient Pick,7.76,566,1234,0
2026-01-06,OP-038,Bulk,7.78,235,431,0
2026-01-06,OP-040,Bulk,7.79,348,844,1
2026-01-06,OP-041,Ambient Pick,6.29,344,982,0
2026-01-06,OP-041,Chilled Pick,0.97,39,83,0
2026-01-06,OP-042,Chilled Pick,6.95,396,1216,4
2026-01-06,OP-044,Ambient Pick,8.11,369,805,1
2026-01-06,OP-046,Chilled Pick,8.5,361,789,5
2026-01-06,OP-048,Bulk,7.11,260,612,0
2026-01-07,OP-001,Ambient Pick,7.62,537,1579,1
2026-01-07,OP-002,Chilled Pick,1.14,67,149,0
2026-01-07,OP-002,Ambient Pick,6.77,474,974,3
2026-01-07,OP-004,Returns,7.55,198,631,0
2026-01-07,OP-005,Ambient Pick,7.85,592,1959,2
2026-01-07,OP-007,Chilled Pick,7.42,435,744,3
2026-01-07,OP-009,Bulk,6.67,186,355,0
2026-01-07,OP-010,Ambient Pick,7.61,536,1431,1
2026-01-07,OP-013,Ambient Pick,7.94,520,1485,1
2026-01-07,OP-014,Ambient Pick,7.33,454,970,1
2026-01-07,OP-015,Ambient Pick,6.61,309,957,1
2026-01-07,OP-017,Bulk,6.66,276,678,0
2026-01-07,OP-018,Returns,7.45,234,642,1
2026-01-07,OP-019,Ambient Pick,7.05,445,935,1
2026-01-07,OP-019,Bulk,1.03,39,82,0
2026-01-07,OP-021,Chilled Pick,7.13,385,1060,1
2026-01-07,OP-021,Ambient Pick,1.07,80,146,1
2026-01-07,OP-022,Ambient Pick,7.84,431,705,3
2026-01-07,OP-024,Chilled Pick,6.79,326,685,1
2026-01-07,OP-025,Ambient Pick,3.48,268,500,0
2026-01-07,OP-025,Chilled Pick,3.56,193,640,1
2026-01-07,OP-026,Ambient Pick,6.86,493,895,1
2026-01-07,OP-026,Returns,1.0,35,96,0
2026-01-07,OP-027,Chilled Pick,2.89,150,483,2
2026-01-07,OP-027,Ambient Pick,3.95,238,647,0
2026-01-07,OP-028,Chilled Pick,7.93,432,1054,3
2026-01-07,OP-029,Ambient Pick,2.52,161,501,0
2026-01-07,OP-029,Bulk,4.62,151,275,0
2026-01-07,OP-031,Bulk,2.51,91,244,0
2026-01-07,OP-031,Ambient Pick,4.37,275,463,3
2026-01-07,OP-032,Bulk,6.11,284,562,0
2026-01-07,OP-033,Chilled Pick,2.39,141,280,1
2026-01-07,OP-033,Bulk,5.95,285,852,0
2026-01-07,OP-034,Ambient Pick,8.57,529,1016,1
2026-01-07,OP-035,Ambient Pick,7.67,510,1055,4
2026-01-07,OP-035,Chilled Pick,0.52,25,49,1
2026-01-07,OP-036,Bulk,2.73,125,283,0
2026-01-07,OP-036,Ambient Pick,4.03,378,643,2
2026-01-07,OP-037,Returns,7.04,208,572,1
2026-01-07,OP-040,Bulk,8.52,369,951,3
2026-01-07,OP-041,Bulk,7.03,207,659,0
2026-01-07,OP-044,Ambient Pick,6.85,318,740,4
2026-01-07,OP-046,Ambient Pick,7.32,459,1248,2
2026-01-07,OP-048,Chilled Pick,8.64,492,1472,5
2026-01-08,OP-001,Ambient Pick,8.47,586,1626,4
2026-01-08,OP-002,Ambient Pick,8.56,603,1848,4
2026-01-08,OP-003,Ambient Pick,7.51,568,1425,4
2026-01-08,OP-004,Ambient Pick,5.99,338,930,1
2026-01-08,OP-004,Returns,2.26,66,109,0
2026-01-08,OP-005,Ambient Pick,6.08,449,1302,4
2026-01-08,OP-005,Returns,1.57,53,177,0
2026-01-08,OP-007,Ambient Pick,7.69,632,1109,5
2026-01-08,OP-009,Ambient Pick,8.47,521,915,2
2026-01-08,OP-010,Chilled Pick,7.44,419,1172,1
2026-01-08,OP-012,Bulk,7.76,344,795,3
2026-01-08,OP-013,Chilled Pick,4.02,201,630,0
2026-01-08,OP-013,Bulk,3.74,132,271,1
2026-01-08,OP-014,Ambient Pick,1.98,129,409,1
2026-01-08,OP-014,Bulk,6.99,259,437,0
2026-01-08,OP-015,Ambient Pick,6.78,310,832,0
2026-01-08,OP-017,Ambient Pick,3.02,199,600,0
2026-01-08,OP-017,Chilled Pick,3.7,215,616,1
2026-01-08,OP-018,Chilled Pick,8.4,486,1356,2
2026-01-08,OP-019,Ambient Pick,1.52,96,165,0
2026-01-08,OP-019,Bulk,5.75,237,577,1
2026-01-08,OP-020,Bulk,5.94,239,720,0
2026-01-08,OP-020,Ambient Pick,1.62,108,360,0
2026-01-08,OP-021,Bulk,7.79,318,738,2
2026-01-08,OP-022,Ambient Pick,7.52,424,1264,2
2026-01-08,OP-023,Ambient Pick,7.02,508,892,1
2026-01-08,OP-024,Ambient Pick,8.09,477,1352,1
2026-01-08,OP-025,Ambient Pick,2.23,151,368,1
2026-01-08,OP-025,Bulk,4.69,201,364,0
2026-01-08,OP-026,Returns,7.35,262,536,0
2026-01-08,OP-027,Ambient Pick,5.06,303,690,1
2026-01-08,OP-027,Chilled Pick,2.76,154,458,0
2026-01-08,OP-031,Ambient Pick,6.8,436,1361,0
2026-01-08,OP-032,Bulk,6.47,296,936,1
2026-01-08,OP-033,Ambient Pick,7.97,653,1078,1
2026-01-08,OP-034,Ambient Pick,8.11,547,970,3
2026-01-08,OP-035,Ambient Pick,6.71,422,1019,2
2026-01-08,OP-036,Bulk,7.4,365,837,1
2026-01-08,OP-040,Chilled Pick,6.92,428,1350,3
2026-01-08,OP-041,Ambient Pick,7.88,455,1225,1
2026-01-08,OP-042,Chilled Pick,6.71,358,975,3
2026-01-08,OP-042,Ambient Pick,1.89,127,366,0
2026-01-08,OP-046,Chilled Pick,7.15,338,948,3
2026-01-08,OP-048,Ambient Pick,7.44,502,1071,3
2026-01-08,OP-048,Bulk,0.57,17,40,0
2026-01-09,OP-001,Chilled Pick,8.4,505,907,3
2026-01-09,OP-002,Ambient Pick,8.4,514,1698,1
2026-01-09,OP-003,Ambient Pick,6.77,488,912,1
2026-01-09,OP-004,Ambient Pick,3.37,218,364,1
2026-01-09,OP-004,Bulk,5.28,167,428,0
2026-01-09,OP-005,Ambient Pick,7.48,564,1371,4
2026-01-09,OP-007,Ambient Pick,7.51,584,1867,1
2026-01-09,OP-009,Ambient Pick,0.79,43,128,0
2026-01-09,OP-009,Bulk,6.75,204,347,1
2026-01-09,OP-010,Chilled Pick,6.76,400,702,1
2026-01-09,OP-012,Ambient Pick,7.83,640,1952,0
2026-01-09,OP-013,Chilled Pick,1.87,87,288,1
2026-01-09,OP-013,Returns,5.22,153,431,0
2026-01-09,OP-014,Ambient Pick,8.93,581,1413,3
2026-01-09,OP-015,Ambient Pick,1.27,59,109,0
2026-01-09,OP-015,Chilled Pick,6.25,266,541,1
2026-01-09,OP-017,Returns,4.38,146,350,1
2026-01-09,OP-017,Bulk,3.54,126,282,1
2026-01-09,OP-018,Bulk,5.27,195,314,1
2026-01-09,OP-018,Ambient Pick,0.78,52,142,0
2026-01-09,OP-019,Ambient Pick,7.07,501,1568,4
2026-01-09,OP-021,Chilled Pick,0.57,30,88,0
2026-01-09,OP-021,Ambient Pick,5.91,390,718,0
2026-01-09,OP-022,Ambient Pick,7.08,392,1161,3
2026-01-09,OP-023,Ambient Pick,7.23,503,1551,0
2026-01-09,OP-024,Returns,7.65,183,454,0
2026-01-09,OP-024,Ambient Pick,0.83,53,84,0
2026-01-09,OP-025,Ambient Pick,2.09,157,443,0
2026-01-09,OP-025,Chilled Pick,4.97,273,637,0
2026-01-09,OP-026,Bulk,4.18,197,639,0
2026-01-09,OP-026,Ambient Pick,3.93,272,811,0
2026-01-09,OP-031,Chilled Pick,8.3,397,1041,4
2026-01-09,OP-032,Ambient Pick,2.35,200,438,1
2026-01-09,OP-032,Chilled Pick,4.67,292,886,1
2026-01-09,OP-033,Ambient Pick,6.63,450,1053,3
2026-01-09,OP-035,Returns,4.26,131,272,2
2026-01-09,OP-035,Ambient Pick,3.65,226,529,1
2026-01-09,OP-036,Returns,1.43,53,90,0
2026-01-09,OP-036,Chilled Pick,6.79,474,994,4
2026-01-09,OP-037,Ambient Pick,7.13,500,1279,1
2026-01-09,OP-038,Chilled Pick,7.11,344,1162,2
2026-01-09,OP-040,Ambient Pick,6.78,544,1834,7
2026-01-09,OP-041,Chilled Pick,3.02,132,264,0
2026-01-09,OP-041,Ambient Pick,4.96,250,834,1
2026-01-09,OP-042,Ambient Pick,6.97,525,981,3
2026-01-09,OP-044,Chilled Pick,8.17,312,1053,0
2026-01-09,OP-046,Chilled Pick,7.24,339,564,4
2026-01-09,OP-048,Bulk,8.41,286,904,4
2026-01-10,OP-001,Ambient Pick,7.19,445,1338,4
2026-01-10,OP-003,Ambient Pick,6.18,418,857,0
2026-01-10,OP-004,Ambient Pick,7.3,478,1273,0
2026-01-10,OP-005,Ambient Pick,7.73,628,1042,1
2026-01-10,OP-007,Bulk,6.64,262,887,1
2026-01-10,OP-007,Chilled Pick,1.12,75,246,0
2026-01-10,OP-009,Bulk,5.65,195,423,0
2026-01-10,OP-010,Ambient Pick,7.13,476,856,1
2026-01-10,OP-014,Chilled Pick,7.17,305,656,1
2026-01-10,OP-015,Ambient Pick,7.44,357,608,0
2026-01-10,OP-017,Chilled Pick,7.08,356,871,1
2026-01-10,OP-018,Ambient Pick,3.85,291,496,1
2026-01-10,OP-018,Bulk,4.1,179,360,0
2026-01-10,OP-019,Bulk,0.73,26,67,0
2026-01-10,OP-019,Ambient Pick,7.85,476,901,0
2026-01-10,OP-020,Ambient Pick,7.64,485,979,7
2026-01-10,OP-021,Ambient Pick,7.46,586,1532,1
2026-01-10,OP-022,Ambient Pick,8.35,488,824,3
2026-01-10,OP-023,Ambient Pick,7.89,568,1137,1
2026-01-10,OP-025,Ambient Pick,4.63,349,957,0
2026-01-10,OP-025,Returns,3.0,96,307,1
2026-01-10,OP-026,Ambient Pick,1.13,77,208,0
2026-01-10,OP-026,Returns,5.26,192,386,1
2026-01-10,OP-027,Returns,0.9,27,67,0
2026-01-10,OP-027,Ambient Pick,6.06,359,909,2
2026-01-10,OP-028,Ambient Pick,8.21,612,1817,3
2026-01-10,OP-029,Ambient Pick,1.33,88,229,0
2026-01-10,OP-029,Chilled Pick,6.8,346,711,0
2026-01-10,OP-031,Chilled Pick,6.27,310,729,1
2026-01-10,OP-033,Bulk,4.48,181,556,2
2026-01-10,OP-033,Chilled Pick,2.68,142,361,1
2026-01-10,OP-034,Bulk,6.74,246,698,0
2026-01-10,OP-035,Bulk,7.07,249,422,2
2026-01-10,OP-036,Returns,7.1,306,698,3
2026-01-10,OP-038,Returns,4.88,130,334,0
2026-01-10,OP-038,Ambient Pick,3.2,205,680,0
2026-01-10,OP-041,Returns,7.39,182,318,5
2026-01-10,OP-042,Ambient Pick,6.33,507,985,5
2026-01-10,OP-042,Chilled Pick,1.04,60,137,0
2026-01-10,OP-044,Ambient Pick,7.52,339,560,5
2026-01-10,OP-046,Bulk,0.73,26,76,0
2026-01-10,OP-046,Chilled Pick,6.12,299,840,1
2026-01-10,OP-048,Ambient Pick,7.1,451,1481,3
2026-01-12,OP-001,Bulk,7.56,317,605,0
2026-01-12,OP-004,Chilled Pick,7.59,434,1116,1
2026-01-12,OP-005,Chilled Pick,7.28,522,888,3
2026-01-12,OP-007,Bulk,7.64,320,776,0
2026-01-12,OP-009,Ambient Pick,7.01,490,841,1
2026-01-12,OP-010,Chilled Pick,7.53,512,1070,3
2026-01-12,OP-012,Bulk,6.88,349,1041,0
2026-01-12,OP-013,Chilled Pick,7.46,504,1422,3
2026-01-12,OP-015,Chilled Pick,8.2,339,857,2
2026-01-12,OP-017,Ambient Pick,7.25,630,1161,4
2026-01-12,OP-018,Ambient Pick,5.98,539,1604,0
2026-01-12,OP-018,Returns,2.37,89,293,0
2026-01-12,OP-019,Ambient Pick,7.91,584,1112,1
2026-01-12,OP-021,Ambient Pick,8.58,703,1934,3
2026-01-12,OP-022,Ambient Pick,8.31,616,993,2
2026-01-12,OP-023,Ambient Pick,8.69,714,1893,3
2026-01-12,OP-025,Ambient Pick,6.93,625,1103,3
2026-01-12,OP-026,Ambient Pick,8.39,814,1837,5
2026-01-12,OP-027,Chilled Pick,8.41,517,871,1
2026-01-12,OP-029,Chilled Pick,8.16,413,1294,1
2026-01-12,OP-031,Bulk,7.68,312,889,2
2026-01-12,OP-033,Ambient Pick,7.65,725,1848,4
2026-01-12,OP-034,Ambient Pick,6.48,523,1051,3
2026-01-12,OP-035,Bulk,8.38,370,963,1
2026-01-12,OP-036,Returns,7.81,359,778,4
2026-01-12,OP-036,Ambient Pick,0.53,53,120,1
2026-01-12,OP-037,Chilled Pick,1.49,95,191,2
2026-01-12,OP-037,Ambient Pick,6.69,514,1349,1
2026-01-12,OP-038,Ambient Pick,7.36,453,1298,3
2026-01-12,OP-040,Chilled Pick,7.64,546,1719,2
2026-01-12,OP-041,Ambient Pick,7.91,475,1308,0
2026-01-12,OP-042,Chilled Pick,7.82,564,1519,5
2026-01-12,OP-044,Chilled Pick,6.94,322,791,1
2026-01-12,OP-046,Chilled Pick,7.11,358,878,5
2026-01-12,OP-048,Bulk,7.25,311,900,2
2026-01-13,OP-001,Ambient Pick,6.79,432,1063,1
2026-01-13,OP-003,Returns,7.05,197,553,2
2026-01-13,OP-004,Ambient Pick,7.77,539,908,1
2026-01-13,OP-005,Ambient Pick,6.73,479,1257,0
2026-01-13,OP-007,Ambient Pick,7.27,586,1455,0
2026-01-13,OP-009,Ambient Pick,7.16,432,1075,3
2026-01-13,OP-010,Ambient Pick,7.9,509,1494,0
2026-01-13,OP-012,Ambient Pick,3.79,286,800,0
2026-01-13,OP-012,Chilled Pick,3.58,210,390,1
2026-01-13,OP-013,Ambient Pick,8.44,527,1070,5
2026-01-13,OP-014,Returns,2.38,69,187,0
2026-01-13,OP-014,Chilled Pick,5.75,317,1062,2
2026-01-13,OP-015,Bulk,7.22,205,345,1
2026-01-13,OP-017,Ambient Pick,7.21,536,1462,0
2026-01-13,OP-018,Ambient Pick,7.73,624,1876,0
2026-01-13,OP-019,Ambient Pick,4.89,332,1110,1
2026-01-13,OP-019,Returns,3.1,93,163,0
2026-01-13,OP-020,Returns,2.69,89,300,0
2026-01-13,OP-020,Ambient Pick,5.33,394,1060,0
2026-01-13,OP-021,Bulk,8.2,360,749,2
2026-01-13,OP-022,Returns,6.76,190,317,1
2026-01-13,OP-022,Bulk,0.6,19,52,0
2026-01-13,OP-024,Chilled Pick,6.42,260,630,2
2026-01-13,OP-026,Chilled Pick,8.01,445,1105,1
2026-01-13,OP-027,Ambient Pick,6.8,484,885,2
2026-01-13,OP-031,Returns,4.1,117,251,1
2026-01-13,OP-031,Bulk,2.87,105,349,2
2026-01-13,OP-032,Ambient Pick,1.04,89,150,0
2026-01-13,OP-032,Bulk,6.53,312,884,0
2026-01-13,OP-033,Returns,0.84,27,60,0
2026-01-13,OP-033,Ambient Pick,7.02,522,1315,1
2026-01-13,OP-034,Ambient Pick,8.0,530,1454,0
2026-01-13,OP-035,Bulk,8.93,317,1063,0
2026-01-13,OP-037,Chilled Pick,6.71,341,1146,2
2026-01-13,OP-038,Ambient Pick,7.28,389,1042,1
2026-01-13,OP-038,Chilled Pick,0.92,39,72,1
2026-01-13,OP-040,Chilled Pick,7.59,479,953,3
2026-01-13,OP-041,Bulk,6.76,184,314,0
2026-01-13,OP-042,Ambient Pick,7.31,507,1588,5
2026-01-13,OP-044,Ambient Pick,8.18,403,1229,1
2026-01-13,OP-046,Chilled Pick,6.89,321,731,1
2026-01-13,OP-048,Bulk,2.57,91,147,0
2026-01-13,OP-048,Ambient Pick,5.92,381,934,1
2026-01-14,OP-002,Chilled Pick,6.86,401,757,1
2026-01-14,OP-003,Chilled Pick,8.22,449,1273,2
2026-01-14,OP-004,Ambient Pick,7.85,508,1428,1
2026-01-14,OP-005,Bulk,8.15,297,701,0
2026-01-14,OP-009,Ambient Pick,8.04,467,1046,0
2026-01-14,OP-010,Chilled Pick,7.44,391,1040,3
2026-01-14,OP-013,Ambient Pick,7.2,494,1053,0
2026-01-14,OP-014,Bulk,7.21,256,866,0
2026-01-14,OP-015,Ambient Pick,6.39,339,925,0
2026-01-14,OP-015,Bulk,1.09,30,68,0
2026-01-14,OP-017,Chilled Pick,4.48,215,406,5
2026-01-14,OP-017,Ambient Pick,3.01,220,411,0
2026-01-14,OP-018,Chilled Pick,3.48,212,386,1
2026-01-14,OP-018,Bulk,4.25,158,379,0
2026-01-14,OP-019,Bulk,3.06,111,244,0
2026-01-14,OP-019,Ambient Pick,4.6,313,572,1
2026-01-14,OP-020,Bulk,7.88,284,549,0
2026-01-14,OP-021,Returns,0.72,23,63,0
2026-01-14,OP-021,Bulk,7.07,278,500,2
2026-01-14,OP-023,Returns,6.96,217,617,0
2026-01-14,OP-024,Chilled Pick,7.93,362,752,3
2026-01-14,OP-025,Ambient Pick,6.53,519,1111,1
2026-01-14,OP-027,Chilled Pick,7.03,405,917,3
2026-01-14,OP-028,Chilled Pick,5.35,274,456,2
2026-01-14,OP-028,Ambient Pick,2.68,182,330,1
2026-01-14,OP-029,Bulk,6.27,222,364,0
2026-01-14,OP-031,Bulk,1.28,47,94,0
2026-01-14,OP-031,Ambient Pick,5.34,336,985,1
2026-01-14,OP-032,Bulk,7.02,279,754,1
2026-01-14,OP-033,Ambient Pick,7.65,683,1487,3
2026-01-14,OP-034,Ambient Pick,6.7,461,1258,2
2026-01-14,OP-035,Chilled Pick,7.46,405,856,7
2026-01-14,OP-036,Ambient Pick,8.58,720,2016,2
2026-01-14,OP-037,Bulk,6.59,241,818,1
2026-01-14,OP-038,Ambient Pick,7.21,357,989,3
2026-01-14,OP-040,Ambient Pick,8.23,708,2226,7
2026-01-14,OP-041,Chilled Pick,6.19,246,427,2
2026-01-14,OP-042,Ambient Pick,6.89,418,1167,5
2026-01-14,OP-042,Bulk,0.91,33,72,0
2026-01-14,OP-044,Ambient Pick,5.89,279,508,2
2026-01-14,OP-044,Chilled Pick,1.98,72,223,1
2026-01-14,OP-046,Ambient Pick,8.21,491,796,4
2026-01-14,OP-048,Ambient Pick,7.62,464,1222,3
2026-01-15,OP-001,Ambient Pick,7.11,467,1446,3
2026-01-15,OP-001,Chilled Pick,0.99,56,94,2
2026-01-15,OP-003,Ambient Pick,2.41,139,372,1
2026-01-15,OP-003,Returns,5.08,162,338,0
2026-01-15,OP-004,Ambient Pick,7.58,506,1364,0
2026-01-15,OP-005,Chilled Pick,4.35,213,715,0
2026-01-15,OP-005,Ambient Pick,3.03,235,707,0
2026-01-15,OP-009,Ambient Pick,7.67,424,1226,1
2026-01-15,OP-010,Bulk,8.79,350,598,0
2026-01-15,OP-012,Ambient Pick,7.28,584,1698,1
2026-01-15,OP-012,Bulk,1.2,53,101,0
2026-01-15,OP-014,Chilled Pick,8.44,425,841,0
2026-01-15,OP-015,Bulk,7.74,211,385,0
2026-01-15,OP-015,Ambient Pick,0.64,33,108,0
2026-01-15,OP-017,Chilled Pick,6.94,355,1138,0
2026-01-15,OP-018,Chilled Pick,7.23,456,1026,0
2026-01-15,OP-019,Bulk,5.23,198,661,0
2026-01-15,OP-019,Returns,1.62,46,142,0
2026-01-15,OP-020,Chilled Pick,8.2,429,1305,0
2026-01-15,OP-021,Ambient Pick,3.46,284,807,2
2026-01-15,OP-021,Bulk,4.8,202,673,0
2026-01-15,OP-022,Ambient Pick,3.84,233,428,1
2026-01-15,OP-022,Bulk,3.23,98,161,1
2026-01-15,OP-024,Ambient Pick,9.5,446,1104,2
2026-01-15,OP-025,Returns,5.47,155,455,2
2026-01-15,OP-025,Ambient Pick,1.91,151,337,0
2026-01-15,OP-028,Ambient Pick,7.71,421,706,2
2026-01-15,OP-029,Ambient Pick,6.6,446,794,4
2026-01-15,OP-029,Returns,1.93,52,128,0
2026-01-15,OP-031,Ambient Pick,7.13,430,1383,2
2026-01-15,OP-032,Ambient Pick,8.68,624,1440,1
2026-01-15,OP-033,Chilled Pick,8.11,508,888,2
2026-01-15,OP-034,Returns,7.83,226,698,0
2026-01-15,OP-035,Ambient Pick,5.1,361,1197,1
2026-01-15,OP-035,Chilled Pick,1.57,81,144,1
2026-01-15,OP-036,Chilled Pick,6.39,425,1238,0
2026-01-15,OP-037,Chilled Pick,8.06,360,1216,2
2026-01-15,OP-040,Bulk,5.62,253,479,0
2026-01-15,OP-040,Ambient Pick,1.74,146,469,1
2026-01-15,OP-041,Chilled Pick,1.39,69,127,0
2026-01-15,OP-041,Returns,6.42,149,461,1
2026-01-15,OP-044,Ambient Pick,7.67,331,1061,1
2026-01-15,OP-046,Ambient Pick,3.98,248,472,1
2026-01-15,OP-046,Bulk,3.32,119,384,0
2026-01-15,OP-048,Returns,7.49,191,531,7
2026-01-16,OP-001,Returns,4.24,132,359,1
2026-01-16,OP-001,Bulk,2.56,100,235,0
2026-01-16,OP-002,Ambient Pick,7.73,515,870,1
2026-01-16,OP-003,Chilled Pick,4.19,245,533,4
2026-01-16,OP-003,Bulk,3.04,123,245,2
2026-01-16,OP-004,Chilled Pick,8.24,481,1291,0
2026-01-16,OP-005,Chilled Pick,7.8,488,1507,4
2026-01-16,OP-009,Bulk,7.13,255,676,0
2026-01-16,OP-010,Chilled Pick,8.2,505,1163,1
2026-01-16,OP-012,Ambient Pick,6.62,554,1292,1
2026-01-16,OP-013,Bulk,7.15,249,617,0
2026-01-16,OP-014,Chilled Pick,4.34,226,457,0
2026-01-16,OP-014,Ambient Pick,3.32,197,478,1
2026-01-16,OP-015,Chilled Pick,6.84,274,455,0
2026-01-16,OP-018,Ambient Pick,8.51,573,1931,0
2026-01-16,OP-019,Bulk,6.77,250,766,1
2026-01-16,OP-020,Ambient Pick,8.33,551,1203,2
2026-01-16,OP-021,Chilled Pick,7.71,473,1416,1
2026-01-16,OP-022,Ambient Pick,1.08,62,194,0
2026-01-16,OP-022,Returns,4.9,122,252,2
2026-01-16,OP-023,Chilled Pick,7.7,458,817,3
2026-01-16,OP-024,Chilled Pick,7.43,355,746,2
2026-01-16,OP-025,Ambient Pick,7.27,514,1698,2
2026-01-16,OP-026,Chilled Pick,7.63,428,735,2
2026-01-16,OP-028,Chilled Pick,7.99,425,1249,1
2026-01-16,OP-031,Ambient Pick,8.82,593,1686,5
2026-01-16,OP-032,Chilled Pick,5.51,336,670,3
2026-01-16,OP-033,Ambient Pick,1.44,104,262,1
2026-01-16,OP-033,Chilled Pick,5.64,319,595,1
2026-01-16,OP-034,Bulk,7.26,270,709,0
2026-01-16,OP-035,Ambient Pick,7.98,572,978,5
2026-01-16,OP-036,Bulk,8.42,445,1371,0
2026-01-16,OP-037,Chilled Pick,7.59,382,1108,1
2026-01-16,OP-038,Ambient Pick,6.75,367,1096,3
2026-01-16,OP-038,Bulk,0.54,16,27,1
2026-01-16,OP-040,Returns,5.26,195,662,1
2026-01-16,OP-040,Bulk,2.05,93,280,1
2026-01-16,OP-041,Returns,9.08,237,753,1
2026-01-16,OP-042,Returns,3.25,106,273,0
2026-01-16,OP-042,Ambient Pick,3.4,248,668,2
2026-01-16,OP-044,Ambient Pick,8.73,402,1233,3
2026-01-16,OP-048,Chilled Pick,1.41,70,218,0
2026-01-16,OP-048,Returns,6.78,193,552,3
2026-01-17,OP-001,Chilled Pick,7.38,407,1376,2
2026-01-17,OP-002,Bulk,8.3,378,1013,2
2026-01-17,OP-003,Chilled Pick,7.6,385,810,4
2026-01-17,OP-005,Ambient Pick,2.02,162,452,1
2026-01-17,OP-005,Bulk,5.93,222,604,2
2026-01-17,OP-007,Bulk,7.79,338,734,0
2026-01-17,OP-009,Returns,7.27,183,316,2
2026-01-17,OP-013,Bulk,7.78,277,703,0
2026-01-17,OP-014,Bulk,8.21,316,808,0
2026-01-17,OP-017,Bulk,7.91,308,664,0
2026-01-17,OP-018,Ambient Pick,8.23,500,1386,1
2026-01-17,OP-019,Chilled Pick,8.21,406,1326,1
2026-01-17,OP-020,Ambient Pick,3.86,261,788,1
2026-01-17,OP-020,Chilled Pick,4.99,254,630,3
2026-01-17,OP-021,Chilled Pick,7.54,427,1150,1
2026-01-17,OP-022,Chilled Pick,7.8,381,741,0
2026-01-17,OP-023,Ambient Pick,6.77,438,1269,2
2026-01-17,OP-024,Chilled Pick,3.68,136,298,0
2026-01-17,OP-024,Bulk,3.75,136,363,1
2026-01-17,OP-025,Ambient Pick,7.68,539,947,1
2026-01-17,OP-027,Ambient Pick,1.8,122,319,2
2026-01-17,OP-027,Chilled Pick,5.58,292,482,2
2026-01-17,OP-028,Bulk,5.87,233,725,1
2026-01-17,OP-028,Ambient Pick,2.48,159,513,0
2026-01-17,OP-029,Ambient Pick,8.46,585,1683,0
2026-01-17,OP-032,Bulk,8.56,384,1305,0
2026-01-17,OP-034,Ambient Pick,6.84,429,696,1
2026-01-17,OP-035,Ambient Pick,7.52,545,1655,1
2026-01-17,OP-036,Chilled Pick,7.39,467,999,1
2026-01-17,OP-037,Chilled Pick,7.41,405,1197,2
2026-01-17,OP-038,Ambient Pick,7.99,430,931,6
2026-01-17,OP-040,Returns,8.4,299,1001,3
2026-01-17,OP-041,Ambient Pick,8.2,447,1454,4
2026-01-17,OP-042,Ambient Pick,7.51,504,914,5
2026-01-17,OP-046,Ambient Pick,6.86,406,850,0
2026-01-17,OP-048,Bulk,7.78,265,654,1
2026-01-19,OP-001,Ambient Pick,7.38,594,1491,2
2026-01-19,OP-002,Ambient Pick,6.03,502,1345,2
2026-01-19,OP-003,Bulk,7.28,310,878,0
2026-01-19,OP-004,Returns,7.62,265,447,0
2026-01-19,OP-005,Chilled Pick,7.71,518,1138,1
2026-01-19,OP-007,Ambient Pick,7.41,720,1157,3
2026-01-19,OP-009,Ambient Pick,8.12,598,1123,1
2026-01-19,OP-010,Bulk,3.31,143,455,1
2026-01-19,OP-010,Ambient Pick,2.72,219,483,0
2026-01-19,OP-012,Bulk,6.56,360,863,1
2026-01-19,OP-013,Bulk,7.03,332,895,3
2026-01-19,OP-015,Bulk,6.39,236,516,1
2026-01-19,OP-017,Ambient Pick,7.99,700,1131,2
2026-01-19,OP-018,Ambient Pick,6.97,614,1457,3
2026-01-19,OP-019,Ambient Pick,2.42,171,554,1
2026-01-19,OP-019,Chilled Pick,4.87,277,898,2
2026-01-19,OP-020,Ambient Pick,6.5,490,1263,2
2026-01-19,OP-022,Ambient Pick,7.72,526,910,2
2026-01-19,OP-024,Ambient Pick,8.01,564,1186,3
2026-01-19,OP-025,Chilled Pick,8.19,539,1684,2
2026-01-19,OP-026,Ambient Pick,5.53,429,1344,1
2026-01-19,OP-026,Returns,2.88,105,230,1
2026-01-19,OP-027,Chilled Pick,4.63,284,471,1
2026-01-19,OP-027,Ambient Pick,3.98,292,643,2
2026-01-19,OP-028,Chilled Pick,7.06,427,1233,0
2026-01-19,OP-029,Ambient Pick,8.06,581,1270,3
2026-01-19,OP-031,Ambient Pick,6.53,511,1723,4
2026-01-19,OP-032,Bulk,5.19,278,526,2
2026-01-19,OP-032,Chilled Pick,2.69,192,435,0
2026-01-19,OP-033,Chilled Pick,6.34,433,1157,0
2026-01-19,OP-034,Returns,7.81,279,627,3
2026-01-19,OP-035,Chilled Pick,4.18,316,539,14
2026-01-19,OP-035,Ambient Pick,3.02,221,557,0
2026-01-19,OP-036,Ambient Pick,7.83,850,2295,2
2026-01-19,OP-038,Bulk,7.84,284,601,2
2026-01-19,OP-040,Ambient Pick,7.23,735,2124,6
2026-01-19,OP-041,Bulk,7.58,298,713,2
2026-01-19,OP-042,Bulk,8.02,368,1119,5
2026-01-19,OP-044,Ambient Pick,7.32,372,952,3
2026-01-19,OP-046,Bulk,4.58,190,507,0
2026-01-19,OP-046,Ambient Pick,3.09,243,468,1
2026-01-19,OP-048,Ambient Pick,8.18,633,1691,7
2026-01-20,OP-001,Bulk,7.86,327,757,0
2026-01-20,OP-002,Bulk,6.9,266,796,0
2026-01-20,OP-003,Ambient Pick,3.18,223,757,2
2026-01-20,OP-003,Bulk,4.66,180,496,1
2026-01-20,OP-004,Ambient Pick,4.58,312,1039,0
2026-01-20,OP-004,Bulk,2.77,85,259,0
2026-01-20,OP-005,Bulk,7.44,319,638,2
2026-01-20,OP-007,Chilled Pick,7.31,403,785,2
2026-01-20,OP-009,Bulk,0.56,15,45,0
2026-01-20,OP-009,Ambient Pick,6.59,398,661,2
2026-01-20,OP-010,Ambient Pick,0.83,55,142,0
2026-01-20,OP-010,Bulk,7.1,296,851,1
2026-01-20,OP-012,Ambient Pick,9.03,700,1208,7
2026-01-20,OP-013,Bulk,1.26,44,129,0
2026-01-20,OP-013,Ambient Pick,5.7,387,1211,1
2026-01-20,OP-014,Chilled Pick,7.51,362,1215,1
2026-01-20,OP-015,Ambient Pick,8.59,431,752,2
2026-01-20,OP-017,Bulk,3.08,118,371,0
2026-01-20,OP-017,Chilled Pick,5.68,289,774,0
2026-01-20,OP-018,Ambient Pick,2.75,188,459,0
2026-01-20,OP-018,Returns,4.94,142,465,0
2026-01-20,OP-019,Ambient Pick,7.23,432,869,1
2026-01-20,OP-021,Bulk,7.21,281,712,1
2026-01-20,OP-024,Ambient Pick,7.43,405,1302,2
2026-01-20,OP-025,Ambient Pick,1.55,107,290,0
2026-01-20,OP-025,Chilled Pick,5.91,365,1083,3
2026-01-20,OP-026,Chilled Pick,8.72,433,853,2
2026-01-20,OP-027,Ambient Pick,6.67,420,1117,2
2026-01-20,OP-028,Ambient Pick,5.69,411,961,1
2026-01-20,OP-028,Chilled Pick,1.91,104,335,3
2026-01-20,OP-029,Ambient Pick,5.48,377,715,1
2026-01-20,OP-029,Chilled Pick,1.92,90,166,1
2026-01-20,OP-031,Chilled Pick,7.3,351,1076,1
2026-01-20,OP-032,Bulk,7.54,327,884,1
2026-01-20,OP-034,Ambient Pick,7.33,520,1077,0
2026-01-20,OP-034,Chilled Pick,0.54,27,91,0
2026-01-20,OP-035,Ambient Pick,7.33,482,1341,4
2026-01-20,OP-036,Bulk,7.01,341,870,0
2026-01-20,OP-037,Chilled Pick,4.68,248,464,0
2026-01-20,OP-037,Ambient Pick,2.45,173,337,0
2026-01-20,OP-038,Chilled Pick,7.08,312,876,3
2026-01-20,OP-041,Ambient Pick,8.01,428,1048,2
2026-01-20,OP-042,Ambient Pick,5.67,399,1129,1
2026-01-20,OP-042,Returns,2.46,75,165,0
2026-01-20,OP-044,Bulk,7.92,214,421,2
2026-01-20,OP-046,Bulk,7.01,223,549,0
2026-01-20,OP-048,Ambient Pick,2.49,172,295,2
2026-01-20,OP-048,Chilled Pick,4.47,239,704,1
2026-01-21,OP-001,Ambient Pick,4.71,360,714,2
2026-01-21,OP-001,Returns,2.93,107,218,1
2026-01-21,OP-002,Chilled Pick,7.39,392,1074,1
2026-01-21,OP-004,Returns,6.23,185,386,0
2026-01-21,OP-004,Bulk,1.78,72,168,0
2026-01-21,OP-005,Bulk,7.34,292,650,1
2026-01-21,OP-007,Ambient Pick,1.77,134,450,2
2026-01-21,OP-007,Chilled Pick,4.88,330,615,2
2026-01-21,OP-009,Ambient Pick,7.75,435,843,0
2026-01-21,OP-010,Ambient Pick,8.1,546,1587,5
2026-01-21,OP-012,Bulk,7.53,356,932,0
2026-01-21,OP-013,Chilled Pick,7.1,362,651,1
2026-01-21,OP-014,Chilled Pick,6.43,331,688,2
2026-01-21,OP-014,Ambient Pick,1.13,66,122,0
2026-01-21,OP-015,Returns,7.59,144,371,1
2026-01-21,OP-017,Chilled Pick,7.5,393,909,1
2026-01-21,OP-019,Bulk,7.28,230,384,0
2026-01-21,OP-021,Bulk,6.11,234,398,3
2026-01-21,OP-023,Ambient Pick,6.65,512,1350,1
2026-01-21,OP-024,Bulk,7.38,290,505,0
2026-01-21,OP-026,Returns,8.85,294,712,1
2026-01-21,OP-027,Ambient Pick,7.47,449,1324,2
2026-01-21,OP-028,Bulk,4.86,205,351,1
2026-01-21,OP-028,Chilled Pick,2.49,98,246,2
2026-01-21,OP-029,Ambient Pick,8.34,575,1864,3
2026-01-21,OP-031,Ambient Pick,7.94,506,981,3
2026-01-21,OP-032,Chilled Pick,4.08,234,557,1
2026-01-21,OP-032,Ambient Pick,3.81,346,753,3
2026-01-21,OP-033,Ambient Pick,8.1,577,1628,2
2026-01-21,OP-034,Returns,7.33,220,466,0
2026-01-21,OP-036,Ambient Pick,2.83,248,576,0
2026-01-21,OP-036,Returns,4.67,188,547,2
2026-01-21,OP-037,Returns,8.04,270,654,1
2026-01-21,OP-038,Ambient Pick,1.81,88,187,2
2026-01-21,OP-038,Chilled Pick,6.75,296,965,4
2026-01-21,OP-040,Chilled Pick,7.06,428,1230,5
2026-01-21,OP-041,Returns,4.45,112,257,0
2026-01-21,OP-041,Ambient Pick,2.93,158,499,2
2026-01-21,OP-042,Returns,7.99,219,412,1
2026-01-21,OP-044,Chilled Pick,8.28,290,802,0
2026-01-21,OP-046,Returns,7.21,177,352,3
2026-01-21,OP-048,Chilled Pick,6.8,373,666,3
2026-01-22,OP-001,Chilled Pick,0.54,30,51,1
2026-01-22,OP-001,Ambient Pick,8.03,477,1091,3
2026-01-22,OP-003,Chilled Pick,5.22,287,917,1
2026-01-22,OP-003,Returns,2.25,71,230,0
2026-01-22,OP-004,Ambient Pick,7.42,463,856,0
2026-01-22,OP-005,Bulk,7.84,299,883,1
2026-01-22,OP-007,Ambient Pick,7.0,557,1415,3
2026-01-22,OP-010,Ambient Pick,8.45,574,1112,3
2026-01-22,OP-012,Ambient Pick,7.32,584,1303,2
2026-01-22,OP-013,Chilled Pick,7.76,427,763,0
2026-01-22,OP-014,Chilled Pick,7.66,367,1115,0
2026-01-22,OP-015,Chilled Pick,8.13,316,646,1
2026-01-22,OP-017,Ambient Pick,7.76,557,937,1
2026-01-22,OP-018,Chilled Pick,8.14,440,780,3
2026-01-22,OP-019,Ambient Pick,7.54,502,1006,1
2026-01-22,OP-020,Ambient Pick,8.47,483,1110,0
2026-01-22,OP-021,Bulk,7.7,358,1134,0
2026-01-22,OP-022,Ambient Pick,7.4,449,1142,2
2026-01-22,OP-023,Ambient Pick,7.47,506,1477,0
2026-01-22,OP-024,Ambient Pick,8.01,447,1058,1
2026-01-22,OP-025,Chilled Pick,6.96,387,782,2
2026-01-22,OP-027,Chilled Pick,7.95,434,706,2
2026-01-22,OP-028,Ambient Pick,6.47,410,698,1
2026-01-22,OP-028,Bulk,0.51,18,50,0
2026-01-22,OP-029,Ambient Pick,3.99,276,572,2
2026-01-22,OP-029,Returns,3.46,99,247,0
2026-01-22,OP-031,Chilled Pick,6.41,313,680,2
2026-01-22,OP-031,Ambient Pick,1.32,77,186,0
2026-01-22,OP-032,Chilled Pick,3.76,247,660,0
2026-01-22,OP-032,Bulk,5.37,251,502,1
2026-01-22,OP-033,Chilled Pick,3.14,204,656,0
2026-01-22,OP-033,Bulk,4.6,193,574,0
2026-01-22,OP-034,Chilled Pick,8.15,400,1239,2
2026-01-22,OP-035,Bulk,7.57,294,762,2
2026-01-22,OP-036,Ambient Pick,7.81,652,1505,1
2026-01-22,OP-037,Ambient Pick,6.71,467,1198,2
2026-01-22,OP-037,Chilled Pick,0.67,36,70,0
2026-01-22,OP-038,Returns,8.19,204,597,3
2026-01-22,OP-040,Ambient Pick,3.18,260,804,1
2026-01-22,OP-040,Chilled Pick,4.6,324,918,3
2026-01-22,OP-041,Bulk,8.17,262,703,0
2026-01-22,OP-042,Chilled Pick,1.27,69,186,0
2026-01-22,OP-042,Bulk,6.83,263,762,2
2026-01-22,OP-044,Ambient Pick,7.66,321,1025,1
2026-01-22,OP-048,Chilled Pick,3.72,202,382,1
2026-01-22,OP-048,Ambient Pick,4.42,284,846,4
2026-01-23,OP-001,Chilled Pick,7.63,401,896,3
2026-01-23,OP-002,Chilled Pick,1.55,77,240,1
2026-01-23,OP-002,Bulk,5.47,227,711,0
2026-01-23,OP-003,Chilled Pick,7.5,408,1321,7
2026-01-23,OP-004,Chilled Pick,6.73,341,722,0
2026-01-23,OP-005,Bulk,8.71,360,638,0
2026-01-23,OP-007,Chilled Pick,6.97,438,1193,1
2026-01-23,OP-009,Ambient Pick,7.91,399,673,1
2026-01-23,OP-010,Ambient Pick,4.58,309,509,1
2026-01-23,OP-010,Bulk,2.77,105,205,0
2026-01-23,OP-012,Chilled Pick,8.25,500,1064,4
2026-01-23,OP-014,Ambient Pick,4.41,244,629,0
2026-01-23,OP-014,Chilled Pick,3.35,168,320,1
2026-01-23,OP-015,Chilled Pick,7.07,288,526,0
2026-01-23,OP-017,Ambient Pick,7.06,459,901,4
2026-01-23,OP-018,Ambient Pick,0.72,56,123,0
2026-01-23,OP-018,Chilled Pick,6.85,419,818,0
2026-01-23,OP-019,Returns,7.52,195,461,0
2026-01-23,OP-020,Returns,6.72,169,393,1
2026-01-23,OP-021,Ambient Pick,7.94,581,1959,5
2026-01-23,OP-022,Bulk,8.49,300,788,0
2026-01-23,OP-023,Chilled Pick,6.61,352,566,2
2026-01-23,OP-024,Bulk,5.73,207,495,2
2026-01-23,OP-024,Returns,1.14,27,78,0
2026-01-23,OP-025,Bulk,7.67,311,595,0
2026-01-23,OP-026,Chilled Pick,2.22,137,342,0
2026-01-23,OP-026,Returns,6.25,206,513,0
2026-01-23,OP-027,Bulk,0.55,19,39,0
2026-01-23,OP-027,Ambient Pick,6.69,434,1285,2
2026-01-23,OP-028,Bulk,2.84,106,173,1
2026-01-23,OP-028,Ambient Pick,3.46,208,454,1
2026-01-23,OP-029,Ambient Pick,7.43,494,918,1
2026-01-23,OP-031,Chilled Pick,4.15,196,493,1
2026-01-23,OP-031,Returns,3.89,119,243,0
2026-01-23,OP-032,Chilled Pick,8.58,541,1093,3
2026-01-23,OP-033,Bulk,7.2,288,913,1
2026-01-23,OP-034,Ambient Pick,7.54,502,1109,3
2026-01-23,OP-035,Bulk,6.95,246,609,0
2026-01-23,OP-036,Ambient Pick,7.87,682,1428,3
2026-01-23,OP-037,Ambient Pick,7.25,533,1133,2
2026-01-23,OP-040,Bulk,6.9,333,951,2
2026-01-23,OP-041,Bulk,5.43,195,420,1
2026-01-23,OP-041,Chilled Pick,2.06,87,243,0
2026-01-23,OP-042,Ambient Pick,7.53,525,913,3
2026-01-23,OP-044,Bulk,0.52,12,33,0
2026-01-23,OP-044,Chilled Pick,6.48,244,702,1
2026-01-23,OP-046,Ambient Pick,7.48,395,889,3
2026-01-23,OP-048,Chilled Pick,7.96,438,1199,7
2026-01-24,OP-002,Bulk,8.12,358,674,2
2026-01-24,OP-003,Returns,7.89,248,731,4
2026-01-24,OP-004,Bulk,0.74,27,53,0
2026-01-24,OP-004,Chilled Pick,7.65,423,1102,3
2026-01-24,OP-005,Ambient Pick,6.88,455,1160,3
2026-01-24,OP-005,Chilled Pick,1.11,56,179,0
2026-01-24,OP-007,Returns,8.13,272,808,3
2026-01-24,OP-009,Ambient Pick,7.37,460,1091,1
2026-01-24,OP-012,Bulk,8.15,409,930,0
2026-01-24,OP-013,Ambient Pick,7.72,493,925,1
2026-01-24,OP-014,Ambient Pick,8.49,548,1840,2
2026-01-24,OP-015,Ambient Pick,8.18,389,1163,1
2026-01-24,OP-017,Bulk,2.43,91,238,0
2026-01-24,OP-017,Ambient Pick,5.08,348,1158,3
2026-01-24,OP-018,Ambient Pick,7.59,561,1176,1
2026-01-24,OP-019,Bulk,8.34,322,695,0
2026-01-24,OP-020,Returns,7.38,205,502,1
2026-01-24,OP-021,Returns,6.66,227,589,1
2026-01-24,OP-022,Chilled Pick,7.13,352,677,1
2026-01-24,OP-024,Bulk,1.95,64,125,0
2026-01-24,OP-024,Ambient Pick,6.74,381,1226,2
2026-01-24,OP-025,Bulk,7.84,347,639,2
2026-01-24,OP-026,Ambient Pick,7.33,566,1294,1
2026-01-24,OP-027,Chilled Pick,3.77,186,551,1
2026-01-24,OP-027,Ambient Pick,4.69,295,981,1
2026-01-24,OP-028,Chilled Pick,8.08,400,757,3
2026-01-24,OP-029,Returns,7.21,192,471,1
2026-01-24,OP-031,Ambient Pick,2.28,124,213,0
2026-01-24,OP-031,Chilled Pick,5.6,315,548,2
2026-01-24,OP-032,Ambient Pick,7.98,671,1644,5
2026-01-24,OP-033,Ambient Pick,7.51,594,1773,3
2026-01-24,OP-034,Chilled Pick,6.77,328,882,1
2026-01-24,OP-034,Ambient Pick,0.84,53,110,0
2026-01-24,OP-035,Chilled Pick,7.44,426,719,2
2026-01-24,OP-037,Ambient Pick,6.93,497,1396,4
2026-01-24,OP-038,Ambient Pick,7.28,350,856,4
2026-01-24,OP-040,Returns,7.37,281,918,1
2026-01-24,OP-042,Ambient Pick,6.88,449,836,3
2026-01-24,OP-044,Chilled Pick,8.04,313,941,0
2026-01-24,OP-046,Ambient Pick,7.63,484,1395,4
2026-01-24,OP-046,Bulk,1.05,34,105,1
2026-01-24,OP-048,Bulk,7.24,259,667,2
2026-01-26,OP-001,Bulk,0.77,35,64,0
2026-01-26,OP-001,Ambient Pick,6.29,499,1609,1
2026-01-26,OP-002,Ambient Pick,7.99,612,1352,2
2026-01-26,OP-003,Chilled Pick,1.09,62,113,0
2026-01-26,OP-003,Returns,7.27,278,671,2
2026-01-26,OP-005,Ambient Pick,8.0,706,1821,6
2026-01-26,OP-010,Ambient Pick,5.88,488,1226,1
2026-01-26,OP-010,Chilled Pick,2.29,137,264,0
2026-01-26,OP-012,Ambient Pick,8.45,781,2186,6
2026-01-26,OP-014,Ambient Pick,1.89,134,285,1
2026-01-26,OP-014,Chilled Pick,5.02,289,535,1
2026-01-26,OP-015,Chilled Pick,7.09,319,881,2
2026-01-26,OP-017,Ambient Pick,8.46,858,1384,1
2026-01-26,OP-018,Chilled Pick,7.87,480,1230,0
2026-01-26,OP-019,Ambient Pick,2.8,218,430,0
2026-01-26,OP-019,Bulk,5.27,260,577,0
2026-01-26,OP-020,Ambient Pick,7.37,554,971,3
2026-01-26,OP-021,Ambient Pick,7.65,719,2423,6
2026-01-26,OP-022,Returns,7.84,253,762,2
2026-01-26,OP-023,Chilled Pick,3.69,239,675,1
2026-01-26,OP-023,Ambient Pick,3.73,317,725,2
2026-01-26,OP-024,Bulk,7.19,275,544,2
2026-01-26,OP-025,Ambient Pick,7.9,739,1227,3
2026-01-26,OP-026,Bulk,7.53,367,1233,0
2026-01-26,OP-028,Bulk,6.84,289,688,2
2026-01-26,OP-029,Bulk,7.2,286,865,0
2026-01-26,OP-030,Bulk,8.24,193,484,1
2026-01-26,OP-031,Ambient Pick,7.54,599,1498,0
2026-01-26,OP-032,Ambient Pick,7.97,732,1940,1
2026-01-26,OP-033,Ambient Pick,1.7,159,481,0
2026-01-26,OP-033,Returns,5.87,257,868,1
2026-01-26,OP-034,Ambient Pick,7.18,475,1180,1
2026-01-26,OP-035,Returns,6.91,228,432,4
2026-01-26,OP-036,Chilled Pick,7.24,536,1566,2
2026-01-26,OP-037,Ambient Pick,1.73,116,255,1
2026-01-26,OP-037,Bulk,6.36,320,536,0
2026-01-26,OP-038,Ambient Pick,8.32,542,1068,2
2026-01-26,OP-040,Ambient Pick,0.95,86,192,1
2026-01-26,OP-040,Chilled Pick,8.35,633,1227,4
2026-01-26,OP-041,Ambient Pick,0.57,34,97,0
2026-01-26,OP-041,Chilled Pick,6.9,376,1154,0
2026-01-26,OP-042,Bulk,7.51,350,1187,3
2026-01-26,OP-044,Ambient Pick,7.73,385,1171,2
2026-01-26,OP-046,Chilled Pick,7.31,388,1128,4
2026-01-26,OP-048,Ambient Pick,1.8,118,361,4
2026-01-26,OP-048,Bulk,7.36,348,974,5
2026-01-27,OP-001,Chilled Pick,6.51,364,1175,6
2026-01-27,OP-001,Ambient Pick,0.77,53,124,0
2026-01-27,OP-002,Ambient Pick,6.91,448,892,0
2026-01-27,OP-004,Chilled Pick,7.63,394,1243,0
2026-01-27,OP-005,Chilled Pick,7.63,412,1194,6
2026-01-27,OP-007,Chilled Pick,7.25,426,1083,0
2026-01-27,OP-009,Ambient Pick,7.63,391,654,4
2026-01-27,OP-010,Ambient Pick,6.24,413,732,2
2026-01-27,OP-012,Chilled Pick,1.17,66,130,0
2026-01-27,OP-012,Ambient Pick,5.58,395,1190,1
2026-01-27,OP-014,Chilled Pick,7.42,384,1150,2
2026-01-27,OP-015,Ambient Pick,3.25,139,418,1
2026-01-27,OP-015,Bulk,4.79,136,315,1
2026-01-27,OP-017,Returns,6.92,231,612,1
2026-01-27,OP-020,Ambient Pick,9.49,594,1490,8
2026-01-27,OP-022,Ambient Pick,6.56,352,624,1
2026-01-27,OP-023,Ambient Pick,6.68,514,1424,1
2026-01-27,OP-024,Bulk,6.5,226,618,0
2026-01-27,OP-024,Chilled Pick,1.16,57,149,0
2026-01-27,OP-026,Chilled Pick,6.06,321,1060,1
2026-01-27,OP-026,Bulk,1.39,55,99,0
2026-01-27,OP-027,Bulk,7.82,273,480,2
2026-01-27,OP-028,Ambient Pick,6.97,475,1014,3
2026-01-27,OP-029,Ambient Pick,6.67,435,1229,2
2026-01-27,OP-030,Chilled Pick,6.41,221,407,1
2026-01-27,OP-031,Bulk,7.19,238,434,0
2026-01-27,OP-032,Chilled Pick,7.82,447,1086,8
2026-01-27,OP-033,Chilled Pick,8.04,500,1047,1
2026-01-27,OP-034,Chilled Pick,7.3,375,913,2
2026-01-27,OP-035,Ambient Pick,6.66,418,1394,2
2026-01-27,OP-036,Ambient Pick,7.66,558,1611,1
2026-01-27,OP-038,Bulk,8.11,242,437,2
2026-01-27,OP-040,Ambient Pick,5.92,538,1686,3
2026-01-27,OP-041,Bulk,7.9,240,576,0
2026-01-27,OP-042,Ambient Pick,6.87,472,1061,4
2026-01-27,OP-044,Bulk,7.7,183,309,0
2026-01-28,OP-001,Bulk,7.58,286,789,2
2026-01-28,OP-002,Chilled Pick,6.7,318,899,2
2026-01-28,OP-003,Ambient Pick,7.57,523,947,0
2026-01-28,OP-004,Ambient Pick,8.51,557,973,2
2026-01-28,OP-005,Ambient Pick,8.13,597,1551,2
2026-01-28,OP-009,Ambient Pick,8.47,492,1593,1
2026-01-28,OP-010,Ambient Pick,3.66,229,636,0
2026-01-28,OP-010,Bulk,4.15,177,312,1
2026-01-28,OP-012,Bulk,7.88,342,554,2
2026-01-28,OP-013,Chilled Pick,7.55,427,1301,1
2026-01-28,OP-017,Returns,2.32,70,210,0
2026-01-28,OP-017,Bulk,6.26,258,528,1
2026-01-28,OP-018,Ambient Pick,7.58,589,1565,0
2026-01-28,OP-019,Ambient Pick,7.17,499,806,0
2026-01-28,OP-020,Ambient Pick,7.02,449,908,5
2026-01-28,OP-020,Bulk,1.5,53,179,2
2026-01-28,OP-021,Chilled Pick,6.14,325,969,1
2026-01-28,OP-021,Ambient Pick,1.14,91,305,0
2026-01-28,OP-022,Ambient Pick,7.82,407,758,1
2026-01-28,OP-023,Bulk,7.93,333,1129,0
2026-01-28,OP-024,Chilled Pick,1.84,92,170,0
2026-01-28,OP-024,Bulk,6.24,210,515,0
2026-01-28,OP-026,Chilled Pick,8.07,477,1092,3
2026-01-28,OP-027,Ambient Pick,7.65,506,1639,0
2026-01-28,OP-028,Chilled Pick,6.04,314,503,4
2026-01-28,OP-028,Ambient Pick,1.47,102,216,1
2026-01-28,OP-029,Ambient Pick,7.77,491,1130,2
2026-01-28,OP-031,Ambient Pick,7.12,510,1368,2
2026-01-28,OP-034,Ambient Pick,7.41,480,1504,0
2026-01-28,OP-035,Bulk,8.03,320,1067,2
2026-01-28,OP-036,Ambient Pick,7.94,696,1476,2
2026-01-28,OP-041,Chilled Pick,7.6,352,1109,0
2026-01-28,OP-042,Returns,7.19,230,690,2
2026-01-28,OP-044,Bulk,4.01,108,228,2
2026-01-28,OP-044,Ambient Pick,3.21,158,275,0
2026-01-28,OP-048,Chilled Pick,7.28,364,828,1
2026-01-29,OP-001,Ambient Pick,8.14,514,1012,2
2026-01-29,OP-002,Ambient Pick,6.96,489,1018,0
2026-01-29,OP-003,Ambient Pick,7.81,507,816,0
2026-01-29,OP-004,Chilled Pick,3.16,165,272,0
2026-01-29,OP-004,Ambient Pick,4.67,309,697,1
2026-01-29,OP-005,Chilled Pick,7.66,417,795,3
2026-01-29,OP-007,Ambient Pick,0.81,53,141,0
2026-01-29,OP-007,Chilled Pick,6.85,463,1495,2
2026-01-29,OP-009,Chilled Pick,4.52,226,500,0
2026-01-29,OP-009,Ambient Pick,3.01,188,569,1
2026-01-29,OP-010,Ambient Pick,8.15,638,1429,3
2026-01-29,OP-012,Bulk,7.29,322,787,1
2026-01-29,OP-013,Ambient Pick,3.66,238,553,0
2026-01-29,OP-013,Chilled Pick,3.72,186,577,0
2026-01-29,OP-015,Ambient Pick,6.2,295,680,2
2026-01-29,OP-017,Chilled Pick,4.2,209,652,0
2026-01-29,OP-017,Bulk,2.88,107,287,0
2026-01-29,OP-018,Ambient Pick,7.58,500,1418,1
2026-01-29,OP-019,Ambient Pick,2.79,163,294,1
2026-01-29,OP-019,Bulk,5.35,206,578,1
2026-01-29,OP-020,Ambient Pick,6.64,459,1085,3
2026-01-29,OP-021,Ambient Pick,7.72,591,1835,11
2026-01-29,OP-022,Returns,7.29,191,409,2
2026-01-29,OP-023,Ambient Pick,7.58,505,1317,2
2026-01-29,OP-024,Chilled Pick,7.61,339,726,4
2026-01-29,OP-026,Ambient Pick,6.07,504,845,2
2026-01-29,OP-026,Bulk,1.65,68,122,0
2026-01-29,OP-027,Bulk,7.4,284,702,0
2026-01-29,OP-029,Ambient Pick,7.51,490,1254,3
2026-01-29,OP-030,Chilled Pick,7.13,246,489,1
2026-01-29,OP-031,Ambient Pick,5.09,316,594,0
2026-01-29,OP-031,Returns,3.01,90,221,2
2026-01-29,OP-032,Ambient Pick,0.55,47,101,0
2026-01-29,OP-032,Bulk,7.39,357,937,0
2026-01-29,OP-033,Bulk,7.79,304,755,0
2026-01-29,OP-034,Chilled Pick,7.38,382,861,1
2026-01-29,OP-035,Bulk,6.81,254,718,1
2026-01-29,OP-036,Ambient Pick,7.38,577,1492,2
2026-01-29,OP-037,Bulk,6.8,264,630,0
2026-01-29,OP-038,Ambient Pick,8.91,515,921,2
2026-01-29,OP-040,Ambient Pick,8.02,663,2163,8
2026-01-29,OP-041,Ambient Pick,7.79,437,1476,7
2026-01-29,OP-042,Ambient Pick,5.88,402,870,2
2026-01-29,OP-042,Bulk,0.97,38,64,0
2026-01-29,OP-048,Chilled Pick,7.84,360,747,2
2026-01-30,OP-001,Ambient Pick,6.89,485,1241,3
2026-01-30,OP-002,Ambient Pick,1.98,146,326,0
2026-01-30,OP-002,Bulk,6.46,262,583,0
2026-01-30,OP-003,Bulk,7.97,328,849,2
2026-01-30,OP-004,Ambient Pick,1.5,100,284,1
2026-01-30,OP-004,Bulk,5.34,181,366,2
2026-01-30,OP-005,Bulk,7.25,275,833,0
2026-01-30,OP-007,Bulk,7.55,318,601,1
2026-01-30,OP-009,Ambient Pick,7.65,442,842,0
2026-01-30,OP-010,Chilled Pick,7.35,420,984,1
2026-01-30,OP-012,Ambient Pick,7.41,584,1020,4
2026-01-30,OP-013,Ambient Pick,7.71,492,1112,2
2026-01-30,OP-014,Chilled Pick,7.29,338,976,1
2026-01-30,OP-015,Ambient Pick,8.06,367,1197,1
2026-01-30,OP-017,Chilled Pick,7.03,377,992,0
2026-01-30,OP-018,Ambient Pick,7.33,509,1124,0
2026-01-30,OP-020,Chilled Pick,2.73,133,378,0
2026-01-30,OP-020,Returns,4.32,141,389,1
2026-01-30,OP-021,Ambient Pick,6.96,493,801,3
2026-01-30,OP-022,Chilled Pick,7.9,349,676,3
2026-01-30,OP-024,Ambient Pick,7.73,472,1328,1
2026-01-30,OP-026,Chilled Pick,7.24,452,1131,1
2026-01-30,OP-029,Returns,5.06,144,432,0
2026-01-30,OP-029,Bulk,2.05,64,168,0
2026-01-30,OP-030,Ambient Pick,7.83,335,839,1
2026-01-30,OP-031,Bulk,6.86,258,437,1
2026-01-30,OP-032,Ambient Pick,2.03,172,485,0
2026-01-30,OP-032,Bulk,4.8,195,627,2
2026-01-30,OP-033,Chilled Pick,7.65,434,752,1
2026-01-30,OP-035,Returns,0.85,24,66,0
2026-01-30,OP-035,Chilled Pick,7.41,346,1169,3
2026-01-30,OP-036,Ambient Pick,7.8,737,1698,1
2026-01-30,OP-037,Ambient Pick,3.44,247,784,0
2026-01-30,OP-037,Bulk,3.56,125,218,0
2026-01-30,OP-038,Returns,5.51,141,400,1
2026-01-30,OP-038,Ambient Pick,1.29,62,145,0
2026-01-30,OP-040,Ambient Pick,6.98,587,1910,4
2026-01-30,OP-041,Ambient Pick,6.13,358,963,1
2026-01-30,OP-042,Ambient Pick,7.9,598,1122,2
2026-01-30,OP-044,Bulk,7.63,202,417,1
2026-01-30,OP-046,Bulk,1.43,52,115,1
2026-01-30,OP-046,Ambient Pick,5.83,328,801,3
2026-01-30,OP-048,Chilled Pick,6.85,318,1033,2
2026-01-31,OP-002,Chilled Pick,7.56,370,1148,3
2026-01-31,OP-004,Bulk,5.12,183,426,0
2026-01-31,OP-004,Returns,2.18,62,188,1
2026-01-31,OP-005,Chilled Pick,7.86,441,928,2
2026-01-31,OP-009,Chilled Pick,4.97,230,655,2
2026-01-31,OP-009,Ambient Pick,3.02,158,484,0
2026-01-31,OP-010,Bulk,7.42,301,805,1
2026-01-31,OP-012,Ambient Pick,7.61,601,1901,3
2026-01-31,OP-013,Ambient Pick,7.59,453,1232,0
2026-01-31,OP-015,Ambient Pick,6.55,356,763,1
2026-01-31,OP-017,Chilled Pick,4.25,240,543,0
2026-01-31,OP-017,Ambient Pick,3.39,248,705,4
2026-01-31,OP-018,Ambient Pick,7.46,536,1765,1
2026-01-31,OP-019,Ambient Pick,8.51,561,1229,0
2026-01-31,OP-020,Ambient Pick,0.55,34,105,0
2026-01-31,OP-020,Returns,7.29,222,432,1
2026-01-31,OP-021,Ambient Pick,7.69,617,1724,3
2026-01-31,OP-022,Ambient Pick,8.43,454,1481,0
2026-01-31,OP-024,Ambient Pick,7.94,494,1384,3
2026-01-31,OP-025,Returns,8.11,265,482,1
2026-01-31,OP-026,Chilled Pick,1.05,54,166,0
2026-01-31,OP-026,Ambient Pick,7.16,472,1461,0
2026-01-31,OP-028,Ambient Pick,7.66,499,1594,1
2026-01-31,OP-029,Ambient Pick,7.66,463,856,5
2026-01-31,OP-030,Bulk,7.53,186,465,1
2026-01-31,OP-031,Chilled Pick,2.09,107,218,1
2026-01-31,OP-031,Bulk,4.55,177,561,0
2026-01-31,OP-032,Bulk,7.85,338,1119,4
2026-01-31,OP-033,Ambient Pick,7.09,501,1668,0
2026-01-31,OP-034,Chilled Pick,9.06,432,1038,2
2026-01-31,OP-035,Ambient Pick,7.49,479,1536,2
2026-01-31,OP-036,Ambient Pick,7.76,724,1304,4
2026-01-31,OP-037,Chilled Pick,6.9,383,1246,1
2026-01-31,OP-038,Ambient Pick,2.42,143,256,2
2026-01-31,OP-038,Bulk,5.59,181,514,1
2026-01-31,OP-040,Ambient Pick,6.98,598,1942,4
2026-01-31,OP-041,Chilled Pick,1.77,76,235,0
2026-01-31,OP-041,Ambient Pick,6.67,366,642,1
2026-01-31,OP-042,Ambient Pick,4.43,299,813,0
2026-01-31,OP-042,Returns,3.1,98,197,0
2026-01-31,OP-046,Ambient Pick,8.03,492,831,3
2026-01-31,OP-048,Ambient Pick,1.5,97,248,1
2026-01-31,OP-048,Chilled Pick,6.49,318,542,3
2026-02-02,OP-002,Chilled Pick,6.69,509,1268,7
2026-02-02,OP-003,Chilled Pick,7.14,505,1454,4
2026-02-02,OP-004,Returns,0.58,24,70,0
2026-02-02,OP-004,Ambient Pick,7.5,739,2393,3
2026-02-02,OP-005,Ambient Pick,0.8,67,190,1
2026-02-02,OP-005,Bulk,7.94,423,1293,1
2026-02-02,OP-007,Ambient Pick,7.4,757,2076,2
2026-02-02,OP-009,Bulk,7.15,308,960,1
2026-02-02,OP-010,Ambient Pick,6.68,658,1623,3
2026-02-02,OP-012,Ambient Pick,4.58,448,722,3
2026-02-02,OP-012,Bulk,2.54,138,258,1
2026-02-02,OP-013,Ambient Pick,8.2,751,1651,1
2026-02-02,OP-014,Returns,7.06,279,888,2
2026-02-02,OP-015,Bulk,8.47,329,756,0
2026-02-02,OP-017,Returns,2.11,82,186,0
2026-02-02,OP-017,Chilled Pick,5.58,432,1242,1
2026-02-02,OP-018,Ambient Pick,7.37,656,2067,0
2026-02-02,OP-019,Ambient Pick,7.79,686,1890,1
2026-02-02,OP-020,Returns,0.7,29,78,1
2026-02-02,OP-020,Ambient Pick,7.77,729,1206,3
2026-02-02,OP-021,Chilled Pick,2.93,215,541,0
2026-02-02,OP-021,Bulk,4.01,238,672,3
2026-02-02,OP-022,Ambient Pick,8.39,792,1531,3
2026-02-02,OP-023,Chilled Pick,6.97,496,1511,1
2026-02-02,OP-024,Ambient Pick,6.82,507,1361,2
2026-02-02,OP-025,Ambient Pick,7.92,778,1258,7
2026-02-02,OP-026,Ambient Pick,7.3,727,1503,0
2026-02-02,OP-026,Returns,0.85,40,121,0
2026-02-02,OP-027,Chilled Pick,7.26,568,1763,4
2026-02-02,OP-028,Ambient Pick,7.78,640,1112,0
2026-02-02,OP-029,Ambient Pick,7.83,696,1892,6
2026-02-02,OP-030,Chilled Pick,7.81,410,1232,9
2026-02-02,OP-031,Returns,7.03,266,547,2
2026-02-02,OP-032,Chilled Pick,1.3,119,285,0
2026-02-02,OP-032,Bulk,6.95,424,1032,1
2026-02-02,OP-033,Bulk,6.71,391,1087,0
2026-02-02,OP-034,Chilled Pick,8.36,552,1690,2
2026-02-02,OP-035,Bulk,6.34,315,733,1
2026-02-02,OP-036,Chilled Pick,6.29,558,1459,0
2026-02-02,OP-037,Bulk,3.37,189,453,0
2026-02-02,OP-037,Chilled Pick,4.31,303,543,4
2026-02-02,OP-040,Chilled Pick,7.07,573,1666,6
2026-02-02,OP-041,Bulk,6.03,293,913,2
2026-02-02,OP-041,Ambient Pick,1.86,133,227,1
2026-02-02,OP-042,Ambient Pick,7.39,698,1345,5
2026-02-02,OP-044,Chilled Pick,7.51,345,643,2
2026-02-02,OP-046,Returns,6.76,239,495,4
2026-02-02,OP-046,Bulk,0.63,27,43,0
2026-02-02,OP-048,Chilled Pick,3.22,201,646,4
2026-02-02,OP-048,Ambient Pick,4.39,377,1144,4
2026-02-03,OP-002,Ambient Pick,6.92,550,1639,5
2026-02-03,OP-002,Returns,0.55,18,32,0
2026-02-03,OP-003,Returns,3.29,96,293,0
2026-02-03,OP-003,Ambient Pick,4.25,320,569,2
2026-02-03,OP-009,Chilled Pick,7.96,411,935,3
2026-02-03,OP-010,Chilled Pick,1.77,102,247,2
2026-02-03,OP-010,Ambient Pick,5.19,422,845,0
2026-02-03,OP-012,Bulk,2.18,102,315,0
2026-02-03,OP-012,Ambient Pick,5.79,476,943,1
2026-02-03,OP-013,Ambient Pick,6.92,519,1363,2
2026-02-03,OP-015,Bulk,7.03,221,371,0
2026-02-03,OP-017,Ambient Pick,6.29,501,1516,1
2026-02-03,OP-017,Returns,1.89,68,120,0
2026-02-03,OP-018,Ambient Pick,7.78,684,1295,0
2026-02-03,OP-019,Ambient Pick,7.21,534,1492,1
2026-02-03,OP-020,Ambient Pick,1.92,138,275,0
2026-02-03,OP-020,Returns,5.65,178,489,1
2026-02-03,OP-022,Ambient Pick,6.76,445,1309,0
2026-02-03,OP-023,Ambient Pick,2.86,213,670,0
2026-02-03,OP-023,Returns,3.99,130,234,1
2026-02-03,OP-024,Ambient Pick,7.88,546,1259,2
2026-02-03,OP-025,Bulk,8.11,417,1182,1
2026-02-03,OP-026,Returns,7.76,322,1055,2
2026-02-03,OP-027,Ambient Pick,7.16,485,1106,1
2026-02-03,OP-028,Ambient Pick,4.92,375,1069,0
2026-02-03,OP-028,Bulk,2.48,116,382,0
2026-02-03,OP-029,Bulk,7.61,359,1060,1
2026-02-03,OP-030,Bulk,3.21,87,204,0
2026-02-03,OP-030,Returns,4.44,91,202,3
2026-02-03,OP-031,Ambient Pick,5.46,420,942,1
2026-02-03,OP-031,Chilled Pick,2.77,154,346,2
2026-02-03,OP-032,Ambient Pick,7.4,703,1192,2
2026-02-03,OP-033,Bulk,8.02,342,1021,2
2026-02-03,OP-034,Bulk,8.62,330,776,0
2026-02-03,OP-035,Ambient Pick,7.61,597,1158,2
2026-02-03,OP-036,Ambient Pick,7.9,717,1760,3
2026-02-03,OP-037,Bulk,2.38,92,169,1
2026-02-03,OP-037,Ambient Pick,4.86,371,1123,2
2026-02-03,OP-038,Bulk,7.23,269,656,2
2026-02-03,OP-042,Ambient Pick,7.24,570,1543,0
2026-02-03,OP-044,Ambient Pick,7.3,369,993,1
2026-02-03,OP-046,Ambient Pick,3.12,206,345,3
2026-02-03,OP-046,Bulk,4.72,176,477,0
2026-02-03,OP-048,Ambient Pick,8.18,522,1460,4
2026-02-04,OP-001,Bulk,7.75,333,551,1
2026-02-04,OP-002,Chilled Pick,7.31,486,1240,1
2026-02-04,OP-003,Chilled Pick,3.87,236,782,0
2026-02-04,OP-003,Ambient Pick,3.29,225,367,1
2026-02-04,OP-005,Chilled Pick,7.8,475,1416,1
2026-02-04,OP-007,Bulk,7.68,378,1112,3
2026-02-04,OP-008,Chilled Pick,4.93,147,240,1
2026-02-04,OP-008,Ambient Pick,2.41,94,318,0
2026-02-04,OP-009,Bulk,8.11,300,741,1
2026-02-04,OP-010,Ambient Pick,7.03,613,1868,3
2026-02-04,OP-013,Ambient Pick,7.01,545,1129,1
2026-02-04,OP-014,Chilled Pick,8.18,493,1064,1
2026-02-04,OP-015,Ambient Pick,8.06,418,1100,4
2026-02-04,OP-017,Ambient Pick,7.92,625,1382,3
2026-02-04,OP-019,Bulk,7.39,284,722,0
2026-02-04,OP-020,Ambient Pick,5.53,437,728,4
2026-02-04,OP-020,Bulk,2.29,91,210,0
2026-02-04,OP-022,Ambient Pick,7.15,497,1620,4
2026-02-04,OP-023,Ambient Pick,7.92,621,2009,2
2026-02-04,OP-024,Bulk,8.02,326,948,0
2026-02-04,OP-025,Bulk,4.38,199,648,0
2026-02-04,OP-025,Ambient Pick,3.41,281,451,2
2026-02-04,OP-026,Ambient Pick,7.36,631,1760,3
2026-02-04,OP-027,Ambient Pick,8.27,612,1680,2
2026-02-04,OP-029,Chilled Pick,7.58,474,1279,2
2026-02-04,OP-030,Chilled Pick,6.65,289,758,3
2026-02-04,OP-031,Chilled Pick,7.36,468,1466,1
2026-02-04,OP-032,Chilled Pick,6.31,463,1290,2
2026-02-04,OP-033,Ambient Pick,7.02,568,1323,4
2026-02-04,OP-034,Bulk,7.51,336,891,0
2026-02-04,OP-035,Ambient Pick,7.54,585,1256,4
2026-02-04,OP-036,Ambient Pick,7.64,718,2002,4
2026-02-04,OP-037,Ambient Pick,2.29,152,388,2
2026-02-04,OP-037,Chilled Pick,5.7,375,888,1
2026-02-04,OP-038,Ambient Pick,7.02,425,1145,2
2026-02-04,OP-041,Ambient Pick,8.28,498,1255,4
2026-02-04,OP-042,Chilled Pick,8.23,519,1025,4
2026-02-04,OP-044,Ambient Pick,7.04,338,895,0
2026-02-04,OP-046,Chilled Pick,7.45,439,1017,5
2026-02-04,OP-048,Ambient Pick,6.98,436,795,3
2026-02-05,OP-001,Chilled Pick,6.63,429,977,1
2026-02-05,OP-001,Bulk,0.83,36,115,0
2026-02-05,OP-002,Ambient Pick,7.68,543,885,2
2026-02-05,OP-003,Ambient Pick,8.11,607,1225,3
2026-02-05,OP-004,Returns,6.9,241,756,0
2026-02-05,OP-007,Ambient Pick,6.78,553,1376,1
2026-02-05,OP-008,Ambient Pick,7.35,323,1029,2
2026-02-05,OP-009,Ambient Pick,3.42,212,395,0
2026-02-05,OP-009,Chilled Pick,4.13,228,481,0
2026-02-05,OP-010,Bulk,7.7,309,710,0
2026-02-05,OP-012,Ambient Pick,8.12,647,1499,1
2026-02-05,OP-013,Ambient Pick,7.02,471,895,2
2026-02-05,OP-014,Bulk,1.21,54,96,0
2026-02-05,OP-014,Ambient Pick,5.27,374,721,0
2026-02-05,OP-015,Returns,7.61,204,569,0
2026-02-05,OP-017,Ambient Pick,7.08,540,1317,0
2026-02-05,OP-018,Returns,7.15,271,905,1
2026-02-05,OP-019,Ambient Pick,2.19,169,428,1
2026-02-05,OP-019,Chilled Pick,5.33,293,716,2
2026-02-05,OP-020,Ambient Pick,6.26,579,1472,2
2026-02-05,OP-021,Bulk,6.98,315,912,1
2026-02-05,OP-023,Chilled Pick,7.89,533,1493,4
2026-02-05,OP-024,Chilled Pick,1.89,97,296,1
2026-02-05,OP-024,Bulk,4.88,186,457,0
2026-02-05,OP-025,Ambient Pick,7.65,620,1319,2
2026-02-05,OP-026,Ambient Pick,8.13,671,1672,2
2026-02-05,OP-027,Ambient Pick,5.51,406,880,1
2026-02-05,OP-027,Chilled Pick,2.62,143,390,1
2026-02-05,OP-028,Bulk,7.78,342,848,1
2026-02-05,OP-029,Ambient Pick,7.87,613,1635,3
2026-02-05,OP-030,Ambient Pick,4.24,213,704,2
2026-02-05,OP-030,Chilled Pick,4.26,139,305,1
2026-02-05,OP-031,Bulk,8.05,338,982,1
2026-02-05,OP-032,Chilled Pick,7.84,605,1858,0
2026-02-05,OP-033,Ambient Pick,7.66,564,928,0
2026-02-05,OP-034,Ambient Pick,2.22,159,363,0
2026-02-05,OP-034,Chilled Pick,6.21,344,1107,0
2026-02-05,OP-036,Ambient Pick,7.51,757,1552,2
2026-02-05,OP-037,Ambient Pick,8.05,624,1588,2
2026-02-05,OP-038,Ambient Pick,7.45,466,1462,5
2026-02-05,OP-041,Bulk,9.14,314,789,1
2026-02-05,OP-044,Chilled Pick,7.42,293,609,1
2026-02-05,OP-048,Ambient Pick,7.42,491,1105,2
2026-02-06,OP-001,Ambient Pick,8.3,803,1696,4
2026-02-06,OP-002,Ambient Pick,7.13,543,1318,3
2026-02-06,OP-003,Ambient Pick,8.62,705,1361,4
2026-02-06,OP-004,Ambient Pick,6.99,505,1571,1
2026-02-06,OP-005,Chilled Pick,5.12,330,727,4
2026-02-06,OP-005,Ambient Pick,2.7,202,542,0
2026-02-06,OP-007,Ambient Pick,6.15,479,1429,2
2026-02-06,OP-008,Chilled Pick,7.38,253,698,5
2026-02-06,OP-009,Bulk,4.89,163,315,0
2026-02-06,OP-009,Ambient Pick,2.52,154,484,1
2026-02-06,OP-010,Ambient Pick,7.36,544,1344,3
2026-02-06,OP-012,Ambient Pick,7.57,741,2232,5
2026-02-06,OP-013,Chilled Pick,2.14,132,343,0
2026-02-06,OP-013,Bulk,5.04,196,657,0
2026-02-06,OP-014,Chilled Pick,8.02,469,756,0
2026-02-06,OP-015,Bulk,8.18,251,743,0
2026-02-06,OP-017,Ambient Pick,7.32,572,1525,1
2026-02-06,OP-018,Ambient Pick,6.97,592,1308,0
2026-02-06,OP-019,Chilled Pick,7.57,477,1414,1
2026-02-06,OP-020,Bulk,7.19,338,607,1
2026-02-06,OP-021,Chilled Pick,5.91,338,1061,3
2026-02-06,OP-021,Ambient Pick,2.73,237,422,0
2026-02-06,OP-022,Chilled Pick,7.06,403,1285,2
2026-02-06,OP-023,Ambient Pick,8.11,672,1242,0
2026-02-06,OP-024,Ambient Pick,7.1,454,1173,1
2026-02-06,OP-025,Returns,0.7,25,51,0
2026-02-06,OP-025,Ambient Pick,6.85,640,1325,4
2026-02-06,OP-026,Bulk,7.69,390,1128,0
2026-02-06,OP-027,Chilled Pick,6.65,418,1357,2
2026-02-06,OP-029,Bulk,9.0,381,770,0
2026-02-06,OP-031,Ambient Pick,5.98,421,1401,0
2026-02-06,OP-032,Ambient Pick,7.72,644,1684,4
2026-02-06,OP-033,Ambient Pick,7.28,621,1425,4
2026-02-06,OP-034,Ambient Pick,7.56,522,969,0
2026-02-06,OP-035,Ambient Pick,6.84,565,1519,4
2026-02-06,OP-037,Ambient Pick,7.33,575,1021,3
2026-02-06,OP-038,Bulk,7.64,282,474,0
2026-02-06,OP-040,Ambient Pick,7.53,721,2342,5
2026-02-06,OP-041,Chilled Pick,8.21,402,902,3
2026-02-06,OP-042,Bulk,6.35,287,527,1
2026-02-06,OP-044,Bulk,8.27,265,464,0
2026-02-06,OP-046,Bulk,7.67,316,833,2
2026-02-06,OP-048,Bulk,1.65,69,168,0
2026-02-06,OP-048,Ambient Pick,5.64,388,903,2
2026-02-07,OP-001,Bulk,8.17,352,1140,1
2026-02-07,OP-002,Ambient Pick,7.3,531,1204,3
2026-02-07,OP-003,Bulk,1.38,60,201,0
2026-02-07,OP-003,Returns,6.34,238,590,2
2026-02-07,OP-004,Ambient Pick,8.74,705,1488,3
2026-02-07,OP-005,Ambient Pick,6.81,572,961,6
2026-02-07,OP-007,Chilled Pick,7.9,564,1087,5
2026-02-07,OP-008,Ambient Pick,1.08,44,81,1
2026-02-07,OP-008,Returns,5.64,116,263,2
2026-02-07,OP-009,Chilled Pick,3.96,213,595,2
2026-02-07,OP-009,Ambient Pick,3.65,243,606,1
2026-02-07,OP-010,Ambient Pick,2.02,141,379,0
2026-02-07,OP-010,Bulk,5.54,242,710,0
2026-02-07,OP-012,Ambient Pick,7.56,559,1594,2
2026-02-07,OP-013,Chilled Pick,7.58,377,734,0
2026-02-07,OP-014,Chilled Pick,7.12,397,1308,0
2026-02-07,OP-015,Ambient Pick,7.26,467,1248,1
2026-02-07,OP-017,Chilled Pick,7.16,433,1273,1
2026-02-07,OP-018,Bulk,7.29,322,673,0
2026-02-07,OP-019,Chilled Pick,1.54,94,294,0
2026-02-07,OP-019,Returns,6.01,188,581,2
2026-02-07,OP-020,Ambient Pick,7.84,546,1666,3
2026-02-07,OP-021,Chilled Pick,7.67,518,1609,1
2026-02-07,OP-024,Chilled Pick,7.97,490,1048,5
2026-02-07,OP-025,Chilled Pick,6.92,454,1050,2
2026-02-07,OP-026,Ambient Pick,7.07,599,1724,1
2026-02-07,OP-027,Ambient Pick,8.41,554,1394,1
2026-02-07,OP-028,Chilled Pick,3.94,246,568,2
2026-02-07,OP-028,Ambient Pick,3.82,288,968,1
2026-02-07,OP-029,Ambient Pick,7.75,582,1505,4
2026-02-07,OP-030,Chilled Pick,7.34,287,622,8
2026-02-07,OP-031,Ambient Pick,2.01,126,330,0
2026-02-07,OP-031,Chilled Pick,5.42,289,825,0
2026-02-07,OP-032,Chilled Pick,6.84,531,1161,4
2026-02-07,OP-033,Ambient Pick,2.26,177,311,2
2026-02-07,OP-033,Chilled Pick,6.04,432,1376,2
2026-02-07,OP-034,Chilled Pick,4.84,293,474,1
2026-02-07,OP-034,Bulk,2.71,129,295,0
2026-02-07,OP-035,Chilled Pick,7.82,490,1122,4
2026-02-07,OP-036,Ambient Pick,7.17,763,1577,7
2026-02-07,OP-037,Bulk,8.03,370,805,1
2026-02-07,OP-038,Bulk,7.34,255,847,0
2026-02-07,OP-040,Bulk,7.83,415,790,6
2026-02-07,OP-042,Returns,7.74,290,793,2
2026-02-07,OP-044,Bulk,6.99,204,498,1
2026-02-07,OP-046,Ambient Pick,7.61,553,1569,2
2026-02-07,OP-048,Bulk,7.47,279,623,3
2026-02-09,OP-001,Ambient Pick,7.33,580,1421,1
2026-02-09,OP-002,Ambient Pick,6.9,670,2225,2
2026-02-09,OP-003,Ambient Pick,7.21,700,1383,9
2026-02-09,OP-004,Ambient Pick,6.05,503,1009,0
2026-02-09,OP-005,Bulk,8.31,429,1148,2
2026-02-09,OP-007,Ambient Pick,7.27,603,1598,2
2026-02-09,OP-008,Bulk,3.47,100,211,0
2026-02-09,OP-008,Ambient Pick,5.01,278,611,1
2026-02-09,OP-010,Chilled Pick,8.65,676,1968,8
2026-02-09,OP-012,Ambient Pick,7.64,829,1809,5
2026-02-09,OP-013,Chilled Pick,7.24,493,832,1
2026-02-09,OP-014,Chilled Pick,7.66,575,1586,3
2026-02-09,OP-015,Chilled Pick,8.37,469,1253,2
2026-02-09,OP-017,Ambient Pick,7.78,696,1393,5
2026-02-09,OP-018,Returns,3.58,171,404,0
2026-02-09,OP-018,Bulk,4.72,293,476,3
2026-02-09,OP-021,Bulk,7.74,449,875,2
2026-02-09,OP-022,Ambient Pick,5.0,455,1062,5
2026-02-09,OP-022,Bulk,2.26,91,154,0
2026-02-09,OP-023,Returns,8.04,372,1034,4
2026-02-09,OP-024,Ambient Pick,8.75,680,2103,3
2026-02-09,OP-026,Ambient Pick,6.54,602,1552,3
2026-02-09,OP-027,Ambient Pick,7.04,686,1945,1
2026-02-09,OP-028,Ambient Pick,7.38,602,1139,1
2026-02-09,OP-029,Chilled Pick,8.67,653,1178,4
2026-02-09,OP-030,Ambient Pick,8.24,534,1291,2
2026-02-09,OP-031,Chilled Pick,7.8,520,1581,4
2026-02-09,OP-032,Ambient Pick,6.69,725,2112,4
2026-02-09,OP-033,Chilled Pick,8.0,624,1901,2
2026-02-09,OP-034,Returns,8.34,362,632,4
2026-02-09,OP-035,Ambient Pick,6.32,548,1664,3
2026-02-09,OP-035,Chilled Pick,1.06,74,228,0
2026-02-09,OP-036,Ambient Pick,2.92,358,672,1
2026-02-09,OP-036,Returns,5.12,255,834,2
2026-02-09,OP-037,Ambient Pick,6.5,596,1983,3
2026-02-09,OP-037,Bulk,1.32,66,112,0
2026-02-09,OP-038,Ambient Pick,8.09,583,1115,4
2026-02-09,OP-040,Bulk,6.53,456,1507,2
2026-02-09,OP-040,Ambient Pick,0.8,89,197,0
2026-02-09,OP-041,Returns,7.6,214,428,0
2026-02-09,OP-042,Bulk,7.63,389,1000,3
2026-02-09,OP-044,Returns,7.77,187,542,2
2026-02-09,OP-046,Ambient Pick,7.22,651,1092,6
2026-02-09,OP-048,Ambient Pick,5.28,484,994,6
2026-02-09,OP-048,Bulk,2.94,146,331,4
2026-02-10,OP-001,Bulk,8.03,335,1122,1
2026-02-10,OP-002,Returns,6.21,244,393,0
2026-02-10,OP-002,Chilled Pick,1.2,66,172,0
2026-02-10,OP-003,Bulk,7.4,302,908,0
2026-02-10,OP-005,Returns,8.33,323,1090,0
2026-02-10,OP-007,Ambient Pick,7.46,655,1964,2
2026-02-10,OP-009,Bulk,5.61,199,417,0
2026-02-10,OP-009,Ambient Pick,2.56,172,467,0
2026-02-10,OP-010,Ambient Pick,7.9,586,1964,1
2026-02-10,OP-012,Ambient Pick,3.43,263,748,2
2026-02-10,OP-012,Returns,3.79,154,322,1
2026-02-10,OP-013,Ambient Pick,6.8,523,1330,3
2026-02-10,OP-014,Ambient Pick,1.37,114,378,1
2026-02-10,OP-014,Chilled Pick,6.17,328,636,1
2026-02-10,OP-015,Ambient Pick,7.62,411,754,1
2026-02-10,OP-017,Returns,6.8,230,375,2
2026-02-10,OP-018,Chilled Pick,7.84,499,1475,2
2026-02-10,OP-019,Chilled Pick,0.67,44,132,0
2026-02-10,OP-019,Bulk,7.63,304,519,0
2026-02-10,OP-020,Ambient Pick,7.4,599,1210,1
2026-02-10,OP-021,Chilled Pick,7.03,452,954,2
2026-02-10,OP-022,Ambient Pick,7.56,496,1110,3
2026-02-10,OP-023,Chilled Pick,7.91,564,1334,5
2026-02-10,OP-024,Bulk,7.67,265,872,1
2026-02-10,OP-025,Chilled Pick,6.97,438,822,1
2026-02-10,OP-026,Chilled Pick,7.62,486,817,1
2026-02-10,OP-027,Chilled Pick,2.17,139,469,2
2026-02-10,OP-027,Bulk,5.33,229,665,0
2026-02-10,OP-028,Bulk,9.14,360,1042,0
2026-02-10,OP-029,Ambient Pick,8.04,555,1837,2
2026-02-10,OP-030,Ambient Pick,7.58,368,771,4
2026-02-10,OP-031,Bulk,5.86,265,651,1
2026-02-10,OP-031,Chilled Pick,2.19,136,220,1
2026-02-10,OP-032,Chilled Pick,3.49,271,883,2
2026-02-10,OP-032,Ambient Pick,3.21,247,628,0
2026-02-10,OP-033,Ambient Pick,7.63,690,1441,1
2026-02-10,OP-034,Ambient Pick,2.82,221,484,2
2026-02-10,OP-034,Chilled Pick,5.41,299,705,1
2026-02-10,OP-035,Ambient Pick,7.77,533,1180,3
2026-02-10,OP-036,Ambient Pick,8.35,813,2664,4
2026-02-10,OP-037,Returns,1.92,68,170,3
2026-02-10,OP-037,Bulk,7.17,328,879,2
2026-02-10,OP-038,Bulk,7.55,250,701,1
2026-02-10,OP-040,Bulk,7.54,457,1220,4
2026-02-10,OP-042,Returns,4.14,148,338,2
2026-02-10,OP-042,Ambient Pick,4.33,405,1340,2
2026-02-10,OP-044,Bulk,6.53,190,349,2
2026-02-10,OP-046,Ambient Pick,7.25,535,1367,3
2026-02-10,OP-048,Bulk,7.78,336,1117,0
2026-02-11,OP-002,Bulk,7.17,331,880,1
2026-02-11,OP-003,Bulk,7.66,324,748,1
2026-02-11,OP-004,Bulk,7.39,321,614,0
2026-02-11,OP-007,Ambient Pick,6.97,589,1120,4
2026-02-11,OP-008,Chilled Pick,7.75,265,770,3
2026-02-11,OP-010,Ambient Pick,6.88,570,1152,2
2026-02-11,OP-012,Ambient Pick,7.11,659,2176,1
2026-02-11,OP-014,Ambient Pick,7.37,542,1004,0
2026-02-11,OP-015,Ambient Pick,7.57,442,1099,0
2026-02-11,OP-017,Ambient Pick,4.55,361,615,2
2026-02-11,OP-017,Bulk,2.82,127,270,0
2026-02-11,OP-019,Returns,7.4,228,602,2
2026-02-11,OP-020,Bulk,8.23,340,757,0
2026-02-11,OP-021,Ambient Pick,6.51,548,952,1
2026-02-11,OP-021,Chilled Pick,0.78,50,153,0
2026-02-11,OP-023,Ambient Pick,8.0,621,1459,4
2026-02-11,OP-026,Bulk,7.68,419,1021,1
2026-02-11,OP-027,Chilled Pick,8.15,496,869,0
2026-02-11,OP-028,Chilled Pick,8.41,511,970,2
2026-02-11,OP-029,Ambient Pick,7.12,471,1539,1
2026-02-11,OP-030,Ambient Pick,3.66,181,582,3
2026-02-11,OP-030,Bulk,3.17,100,283,1
2026-02-11,OP-031,Ambient Pick,7.61,523,1023,6
2026-02-11,OP-032,Chilled Pick,6.92,511,987,3
2026-02-11,OP-033,Ambient Pick,7.51,608,1393,3
2026-02-11,OP-036,Chilled Pick,6.73,457,918,2
2026-02-11,OP-037,Ambient Pick,8.07,632,1374,1
2026-02-11,OP-038,Ambient Pick,7.89,524,1143,5
2026-02-11,OP-040,Returns,8.29,359,1190,9
2026-02-11,OP-042,Chilled Pick,7.09,436,1270,6
2026-02-11,OP-044,Returns,3.12,66,153,0
2026-02-11,OP-044,Bulk,3.31,105,248,0
2026-02-11,OP-046,Ambient Pick,7.62,526,1536,5
2026-02-11,OP-048,Ambient Pick,7.6,491,1530,3
2026-02-12,OP-001,Bulk,6.6,315,1003,2
2026-02-12,OP-002,Chilled Pick,2.52,164,446,2
2026-02-12,OP-002,Bulk,4.97,235,391,2
2026-02-12,OP-003,Ambient Pick,7.85,582,1445,3
2026-02-12,OP-004,Ambient Pick,8.23,572,1491,0
2026-02-12,OP-005,Returns,7.99,267,895,4
2026-02-12,OP-007,Ambient Pick,7.55,674,2271,3
2026-02-12,OP-009,Chilled Pick,8.08,384,810,0
2026-02-12,OP-010,Ambient Pick,6.64,517,1543,2
2026-02-12,OP-013,Chilled Pick,7.76,530,1055,3
2026-02-12,OP-014,Chilled Pick,7.58,388,719,1
2026-02-12,OP-015,Ambient Pick,7.62,461,953,1
2026-02-12,OP-017,Ambient Pick,5.74,470,1038,3
2026-02-12,OP-017,Bulk,1.28,55,103,0
2026-02-12,OP-018,Bulk,6.28,277,836,0
2026-02-12,OP-018,Returns,1.46,53,139,0
2026-02-12,OP-019,Bulk,7.7,310,952,0
2026-02-12,OP-020,Ambient Pick,7.45,505,1223,5
2026-02-12,OP-022,Chilled Pick,6.53,287,578,3
2026-02-12,OP-022,Bulk,0.52,17,56,0
2026-02-12,OP-025,Ambient Pick,6.95,561,1177,4
2026-02-12,OP-026,Ambient Pick,8.19,655,1239,2
2026-02-12,OP-027,Bulk,7.98,341,989,1
2026-02-12,OP-028,Ambient Pick,7.11,521,1485,2
2026-02-12,OP-030,Ambient Pick,8.03,455,770,6
2026-02-12,OP-031,Ambient Pick,7.72,506,1171,3
2026-02-12,OP-032,Ambient Pick,5.18,495,965,1
2026-02-12,OP-032,Bulk,3.15,169,362,1
2026-02-12,OP-034,Chilled Pick,8.17,501,1513,4
2026-02-12,OP-035,Ambient Pick,7.2,586,1824,3
2026-02-12,OP-037,Ambient Pick,6.42,521,1000,4
2026-02-12,OP-038,Chilled Pick,7.66,364,1156,3
2026-02-12,OP-040,Ambient Pick,8.13,807,1518,6
2026-02-12,OP-041,Ambient Pick,8.45,584,1037,3
2026-02-12,OP-042,Ambient Pick,7.3,525,1446,1
2026-02-12,OP-044,Chilled Pick,7.42,298,644,4
2026-02-12,OP-046,Bulk,8.98,320,1071,1
2026-02-12,OP-048,Bulk,7.88,287,900,1
2026-02-13,OP-001,Chilled Pick,8.2,473,1225,5
2026-02-13,OP-002,Ambient Pick,8.18,598,1488,2
2026-02-13,OP-003,Ambient Pick,6.66,513,1735,0
2026-02-13,OP-005,Bulk,8.04,335,874,0
2026-02-13,OP-007,Chilled Pick,6.85,501,1398,0
2026-02-13,OP-008,Chilled Pick,7.9,266,486,3
2026-02-13,OP-009,Ambient Pick,7.45,492,1102,1
2026-02-13,OP-012,Ambient Pick,7.01,594,1772,1
2026-02-13,OP-015,Ambient Pick,0.96,54,99,0
2026-02-13,OP-015,Chilled Pick,5.98,251,562,1
2026-02-13,OP-018,Returns,7.83,308,1011,0
2026-02-13,OP-019,Bulk,8.13,360,762,1
2026-02-13,OP-020,Bulk,8.57,392,1085,3
2026-02-13,OP-021,Bulk,7.74,353,571,1
2026-02-13,OP-022,Ambient Pick,8.58,567,1485,5
2026-02-13,OP-023,Chilled Pick,4.21,269,806,1
2026-02-13,OP-023,Bulk,2.58,124,202,0
2026-02-13,OP-024,Ambient Pick,7.96,489,782,4
2026-02-13,OP-025,Ambient Pick,5.69,484,839,1
2026-02-13,OP-025,Bulk,2.5,108,180,1
2026-02-13,OP-026,Returns,2.52,91,207,2
2026-02-13,OP-026,Chilled Pick,4.29,306,673,1
2026-02-13,OP-027,Chilled Pick,5.87,346,762,1
2026-02-13,OP-027,Ambient Pick,2.33,170,441,0
2026-02-13,OP-028,Chilled Pick,6.09,349,1141,2
2026-02-13,OP-028,Ambient Pick,0.77,54,147,3
2026-02-13,OP-029,Ambient Pick,7.4,527,1630,2
2026-02-13,OP-030,Bulk,7.81,253,700,1
2026-02-13,OP-031,Ambient Pick,8.88,718,1733,3
2026-02-13,OP-032,Bulk,7.76,364,962,0
2026-02-13,OP-034,Chilled Pick,6.01,300,795,1
2026-02-13,OP-034,Bulk,1.07,41,124,0
2026-02-13,OP-035,Ambient Pick,7.65,551,1187,0
2026-02-13,OP-036,Bulk,7.01,387,660,0
2026-02-13,OP-037,Chilled Pick,6.46,421,757,3
2026-02-13,OP-037,Ambient Pick,1.02,79,214,1
2026-02-13,OP-038,Ambient Pick,7.5,396,1186,2
2026-02-13,OP-040,Bulk,6.85,342,1124,3
2026-02-13,OP-041,Ambient Pick,7.4,491,841,1
2026-02-13,OP-042,Ambient Pick,5.74,427,753,4
2026-02-13,OP-042,Chilled Pick,1.43,76,135,0
2026-02-13,OP-044,Ambient Pick,8.18,427,897,1
2026-02-13,OP-046,Ambient Pick,7.95,484,1365,4
2026-02-13,OP-048,Bulk,8.35,331,859,0
2026-02-14,OP-001,Ambient Pick,8.45,651,1630,3
2026-02-14,OP-002,Ambient Pick,8.12,701,1503,0
2026-02-14,OP-003,Ambient Pick,8.73,661,1891,3
2026-02-14,OP-004,Ambient Pick,8.0,604,1769,1
2026-02-14,OP-005,Ambient Pick,7.25,540,1030,5
2026-02-14,OP-007,Bulk,7.94,386,981,1
2026-02-14,OP-008,Bulk,7.27,181,416,1
2026-02-14,OP-009,Bulk,7.77,287,658,0
2026-02-14,OP-010,Ambient Pick,1.47,111,359,1
2026-02-14,OP-010,Chilled Pick,5.55,324,987,0
2026-02-14,OP-012,Ambient Pick,8.01,711,2365,5
2026-02-14,OP-013,Ambient Pick,7.78,639,1631,2
2026-02-14,OP-014,Bulk,7.46,344,587,4
2026-02-14,OP-015,Chilled Pick,7.2,332,1051,0
2026-02-14,OP-017,Ambient Pick,7.31,674,1097,2
2026-02-14,OP-018,Ambient Pick,4.11,293,684,0
2026-02-14,OP-018,Chilled Pick,2.86,207,589,0
2026-02-14,OP-021,Chilled Pick,6.99,443,1387,1
2026-02-14,OP-022,Ambient Pick,7.93,527,1110,2
2026-02-14,OP-023,Ambient Pick,7.23,552,1825,0
2026-02-14,OP-025,Chilled Pick,8.24,606,1776,4
2026-02-14,OP-026,Bulk,1.55,78,169,0
2026-02-14,OP-026,Returns,5.87,235,494,1
2026-02-14,OP-027,Chilled Pick,8.17,458,1366,2
2026-02-14,OP-029,Ambient Pick,7.71,565,1259,2
2026-02-14,OP-030,Bulk,7.5,209,341,2
2026-02-14,OP-031,Chilled Pick,7.75,459,1171,6
2026-02-14,OP-032,Ambient Pick,6.71,562,930,2
2026-02-14,OP-033,Ambient Pick,8.46,698,1367,2
2026-02-14,OP-035,Ambient Pick,8.01,626,1712,2
2026-02-14,OP-036,Bulk,7.9,430,1175,2
2026-02-14,OP-037,Ambient Pick,4.9,364,932,0
2026-02-14,OP-037,Chilled Pick,3.51,213,665,1
2026-02-14,OP-038,Ambient Pick,1.07,64,140,0
2026-02-14,OP-038,Bulk,6.26,248,456,1
2026-02-14,OP-040,Returns,6.6,271,594,4
2026-02-14,OP-041,Ambient Pick,8.22,521,1467,3
2026-02-14,OP-042,Bulk,7.94,323,873,1
2026-02-14,OP-044,Bulk,8.1,228,558,0
2026-02-14,OP-046,Ambient Pick,6.15,445,1016,0
2026-02-14,OP-048,Ambient Pick,7.64,506,1455,6
2026-02-16,OP-001,Returns,8.9,360,913,1
2026-02-16,OP-002,Chilled Pick,5.95,408,1108,0
2026-02-16,OP-003,Ambient Pick,7.77,735,2296,5
2026-02-16,OP-004,Chilled Pick,7.94,591,1693,2
2026-02-16,OP-005,Chilled Pick,7.35,613,1306,4
2026-02-16,OP-005,Bulk,1.02,59,175,0
2026-02-16,OP-007,Ambient Pick,7.57,686,2154,3
2026-02-16,OP-009,Chilled Pick,8.77,556,1754,0
2026-02-16,OP-013,Returns,7.15,292,483,0
2026-02-16,OP-014,Ambient Pick,7.71,665,1264,1
2026-02-16,OP-015,Ambient Pick,6.61,432,1276,1
2026-02-16,OP-015,Chilled Pick,1.04,57,108,0
2026-02-16,OP-017,Ambient Pick,7.33,705,1168,5
2026-02-16,OP-019,Chilled Pick,7.88,487,1293,1
2026-02-16,OP-020,Chilled Pick,7.15,484,824,3
2026-02-16,OP-021,Ambient Pick,8.73,851,2446,1
2026-02-16,OP-023,Ambient Pick,6.84,571,1632,2
2026-02-16,OP-024,Chilled Pick,1.81,102,196,1
2026-02-16,OP-024,Returns,5.41,176,292,1
2026-02-16,OP-027,Chilled Pick,7.94,542,1383,5
2026-02-16,OP-028,Chilled Pick,7.6,517,1227,4
2026-02-16,OP-029,Ambient Pick,8.7,693,1296,5
2026-02-16,OP-030,Ambient Pick,7.76,470,1036,4
2026-02-16,OP-030,Bulk,0.75,26,66,0
2026-02-16,OP-031,Chilled Pick,7.87,444,1179,2
2026-02-16,OP-032,Returns,8.8,430,1288,4
2026-02-16,OP-033,Ambient Pick,7.78,827,2361,6
2026-02-16,OP-034,Ambient Pick,4.74,393,1025,4
2026-02-16,OP-034,Chilled Pick,2.72,188,572,0
2026-02-16,OP-035,Chilled Pick,9.1,646,1757,7
2026-02-16,OP-036,Chilled Pick,7.36,694,2180,7
2026-02-16,OP-037,Chilled Pick,7.11,503,1312,2
2026-02-16,OP-038,Bulk,3.79,173,379,0
2026-02-16,OP-038,Ambient Pick,4.29,294,758,5
2026-02-16,OP-040,Chilled Pick,7.42,648,1039,6
2026-02-16,OP-041,Ambient Pick,4.59,354,690,0
2026-02-16,OP-041,Returns,3.04,98,295,0
2026-02-16,OP-042,Returns,3.14,115,361,0
2026-02-16,OP-042,Bulk,5.27,317,769,3
2026-02-16,OP-044,Ambient Pick,7.99,490,848,1
2026-02-16,OP-046,Chilled Pick,7.22,483,973,4
2026-02-16,OP-047,Chilled Pick,7.62,295,927,5
2026-02-17,OP-001,Chilled Pick,7.73,480,892,0
2026-02-17,OP-002,Ambient Pick,6.9,441,1317,3
2026-02-17,OP-003,Ambient Pick,3.32,265,541,1
2026-02-17,OP-003,Bulk,4.58,201,523,1
2026-02-17,OP-004,Chilled Pick,6.86,388,958,2
2026-02-17,OP-005,Chilled Pick,7.1,506,1247,1
2026-02-17,OP-007,Chilled Pick,7.32,511,1107,4
2026-02-17,OP-008,Bulk,7.29,209,502,1
2026-02-17,OP-009,Ambient Pick,7.05,440,1125,0
2026-02-17,OP-010,Ambient Pick,7.73,663,1732,4
2026-02-17,OP-012,Ambient Pick,7.91,624,1318,2
2026-02-17,OP-013,Ambient Pick,7.24,512,1439,0
2026-02-17,OP-014,Ambient Pick,8.3,575,1094,1
2026-02-17,OP-015,Chilled Pick,7.75,353,743,2
2026-02-17,OP-017,Returns,2.29,80,180,1
2026-02-17,OP-017,Ambient Pick,4.49,365,640,0
2026-02-17,OP-018,Ambient Pick,7.56,616,1829,2
2026-02-17,OP-019,Returns,2.24,68,120,0
2026-02-17,OP-019,Chilled Pick,5.09,279,694,1
2026-02-17,OP-021,Chilled Pick,7.34,500,1585,2
2026-02-17,OP-022,Returns,8.49,251,785,2
2026-02-17,OP-023,Chilled Pick,7.29,449,1264,2
2026-02-17,OP-024,Ambient Pick,6.8,453,1532,1
2026-02-17,OP-025,Ambient Pick,4.73,357,951,2
2026-02-17,OP-025,Chilled Pick,2.95,196,395,1
2026-02-17,OP-028,Returns,7.08,219,485,1
2026-02-17,OP-029,Ambient Pick,7.23,468,1370,3
2026-02-17,OP-030,Chilled Pick,7.52,330,1069,2
2026-02-17,OP-032,Ambient Pick,7.45,688,1119,5
2026-02-17,OP-033,Ambient Pick,7.98,704,1724,7
2026-02-17,OP-034,Returns,7.09,263,689,2
2026-02-17,OP-035,Returns,6.98,220,731,2
2026-02-17,OP-036,Ambient Pick,7.49,679,1758,5
2026-02-17,OP-037,Chilled Pick,7.26,482,1346,4
2026-02-17,OP-038,Bulk,7.62,283,648,4
2026-02-17,OP-041,Ambient Pick,6.4,384,1038,2
2026-02-17,OP-042,Chilled Pick,8.52,594,1703,9
2026-02-17,OP-046,Ambient Pick,8.19,484,996,6
2026-02-17,OP-048,Ambient Pick,8.51,585,997,5
2026-02-18,OP-001,Ambient Pick,7.68,632,1038,2
2026-02-18,OP-002,Returns,6.98,262,667,1
2026-02-18,OP-003,Chilled Pick,8.27,501,1663,3
2026-02-18,OP-004,Ambient Pick,7.65,576,941,1
2026-02-18,OP-007,Chilled Pick,7.6,527,1065,1
2026-02-18,OP-008,Ambient Pick,2.76,132,216,0
2026-02-18,OP-008,Chilled Pick,4.33,158,521,0
2026-02-18,OP-009,Returns,5.04,154,330,0
2026-02-18,OP-009,Ambient Pick,2.22,140,261,0
2026-02-18,OP-010,Bulk,4.65,223,729,0
2026-02-18,OP-010,Ambient Pick,2.29,198,554,0
2026-02-18,OP-012,Chilled Pick,7.65,473,1205,1
2026-02-18,OP-013,Chilled Pick,7.71,406,697,0
2026-02-18,OP-015,Ambient Pick,8.03,382,907,1
2026-02-18,OP-018,Chilled Pick,0.83,55,143,0
2026-02-18,OP-018,Ambient Pick,6.44,514,1013,0
2026-02-18,OP-020,Bulk,2.75,129,334,0
2026-02-18,OP-020,Chilled Pick,5.31,322,665,1
2026-02-18,OP-021,Ambient Pick,2.3,194,317,1
2026-02-18,OP-021,Chilled Pick,5.83,343,702,1
2026-02-18,OP-022,Ambient Pick,6.83,494,826,2
2026-02-18,OP-023,Ambient Pick,7.46,592,1294,0
2026-02-18,OP-024,Chilled Pick,2.69,143,465,0
2026-02-18,OP-024,Bulk,5.14,218,569,0
2026-02-18,OP-026,Ambient Pick,8.3,721,1595,1
2026-02-18,OP-027,Ambient Pick,6.61,493,1273,1
2026-02-18,OP-028,Ambient Pick,7.36,537,1142,3
2026-02-18,OP-029,Bulk,7.57,330,589,1
2026-02-18,OP-030,Chilled Pick,8.41,328,825,0
2026-02-18,OP-031,Chilled Pick,7.51,438,866,1
2026-02-18,OP-032,Returns,7.48,315,804,0
2026-02-18,OP-033,Ambient Pick,2.57,215,612,0
2026-02-18,OP-033,Bulk,4.48,216,556,1
2026-02-18,OP-034,Ambient Pick,6.96,571,1932,2
2026-02-18,OP-035,Ambient Pick,6.84,510,1135,2
2026-02-18,OP-036,Ambient Pick,1.24,126,271,2
2026-02-18,OP-036,Bulk,5.29,277,483,0
2026-02-18,OP-038,Chilled Pick,6.23,298,743,3
2026-02-18,OP-038,Ambient Pick,1.61,95,317,0
2026-02-18,OP-040,Bulk,6.62,364,708,3
2026-02-18,OP-042,Chilled Pick,7.96,482,847,6
2026-02-18,OP-043,Ambient Pick,7.16,266,735,4
2026-02-18,OP-044,Bulk,5.84,149,395,0
2026-02-18,OP-044,Ambient Pick,1.61,79,249,0
2026-02-18,OP-046,Ambient Pick,5.08,350,827,3
2026-02-18,OP-046,Chilled Pick,3.12,183,520,2
2026-02-18,OP-047,Ambient Pick,7.72,325,685,4
2026-02-18,OP-048,Ambient Pick,6.59,481,1042,1
2026-02-19,OP-001,Bulk,7.44,319,609,2
2026-02-19,OP-002,Ambient Pick,5.8,409,1284,1
2026-02-19,OP-003,Chilled Pick,7.07,389,1002,0
2026-02-19,OP-004,Chilled Pick,8.01,467,1147,0
2026-02-19,OP-005,Bulk,6.88,357,624,0
2026-02-19,OP-005,Ambient Pick,0.69,58,150,0
2026-02-19,OP-008,Returns,0.66,13,28,0
2026-02-19,OP-008,Ambient Pick,5.48,296,686,4
2026-02-19,OP-010,Ambient Pick,7.55,607,2036,1
2026-02-19,OP-013,Bulk,6.43,264,513,0
2026-02-19,OP-014,Bulk,7.45,336,957,0
2026-02-19,OP-015,Bulk,7.54,242,501,2
2026-02-19,OP-017,Chilled Pick,6.49,403,1023,0
2026-02-19,OP-018,Chilled Pick,6.25,413,845,0
2026-02-19,OP-018,Ambient Pick,0.96,79,168,0
2026-02-19,OP-019,Bulk,6.98,292,592,0
2026-02-19,OP-020,Returns,7.71,262,546,0
2026-02-19,OP-023,Bulk,8.28,369,769,1
2026-02-19,OP-024,Ambient Pick,7.1,516,1363,2
2026-02-19,OP-025,Ambient Pick,7.87,642,1437,4
2026-02-19,OP-026,Ambient Pick,6.8,560,1369,3
2026-02-19,OP-027,Ambient Pick,4.8,314,1019,0
2026-02-19,OP-027,Bulk,3.57,144,425,1
2026-02-19,OP-029,Ambient Pick,7.05,577,1372,1
2026-02-19,OP-030,Ambient Pick,7.32,418,996,3
2026-02-19,OP-031,Bulk,7.91,313,988,2
2026-02-19,OP-032,Chilled Pick,1.45,95,230,1
2026-02-19,OP-032,Ambient Pick,5.9,574,1258,1
2026-02-19,OP-033,Ambient Pick,5.45,423,1151,2
2026-02-19,OP-033,Bulk,2.17,117,246,1
2026-02-19,OP-034,Chilled Pick,6.57,357,810,0
2026-02-19,OP-035,Ambient Pick,6.5,551,1760,1
2026-02-19,OP-040,Ambient Pick,6.49,636,2069,3
2026-02-19,OP-042,Ambient Pick,7.84,589,946,3
2026-02-19,OP-043,Chilled Pick,7.67,212,699,5
2026-02-19,OP-044,Ambient Pick,8.68,462,803,2
2026-02-19,OP-046,Bulk,5.43,199,665,0
2026-02-19,OP-046,Chilled Pick,1.58,80,233,0
2026-02-19,OP-047,Bulk,6.61,167,514,2
2026-02-19,OP-048,Chilled Pick,7.16,341,624,2
2026-02-20,OP-001,Ambient Pick,8.22,663,1827,4
2026-02-20,OP-002,Chilled Pick,3.94,267,823,2
2026-02-20,OP-002,Bulk,2.85,125,358,0
2026-02-20,OP-003,Ambient Pick,7.69,522,1626,1
2026-02-20,OP-004,Bulk,7.52,308,987,0
2026-02-20,OP-005,Bulk,6.9,322,738,0
2026-02-20,OP-008,Chilled Pick,7.14,266,526,4
2026-02-20,OP-009,Chilled Pick,7.46,381,739,4
2026-02-20,OP-012,Ambient Pick,8.09,660,1229,2
2026-02-20,OP-013,Ambient Pick,7.28,596,1569,2
2026-02-20,OP-014,Bulk,5.98,247,404,1
2026-02-20,OP-014,Chilled Pick,2.33,124,350,0
2026-02-20,OP-015,Ambient Pick,7.8,426,1234,1
2026-02-20,OP-019,Returns,9.22,305,783,0
2026-02-20,OP-020,Chilled Pick,7.34,469,882,0
2026-02-20,OP-021,Chilled Pick,7.6,564,1294,7
2026-02-20,OP-022,Ambient Pick,7.62,474,960,0
2026-02-20,OP-024,Ambient Pick,7.87,470,1157,2
2026-02-20,OP-025,Returns,7.28,267,742,0
2026-02-20,OP-027,Ambient Pick,7.67,554,1112,2
2026-02-20,OP-028,Bulk,8.32,306,649,0
2026-02-20,OP-029,Chilled Pick,8.25,511,1490,4
2026-02-20,OP-030,Bulk,7.36,241,594,2
2026-02-20,OP-030,Ambient Pick,1.01,56,163,0
2026-02-20,OP-031,Bulk,7.41,294,690,2
2026-02-20,OP-032,Ambient Pick,4.27,396,1282,0
2026-02-20,OP-032,Bulk,3.28,163,520,1
2026-02-20,OP-033,Ambient Pick,7.21,533,1253,0
2026-02-20,OP-034,Bulk,6.76,293,912,2
2026-02-20,OP-035,Bulk,8.78,381,1008,3
2026-02-20,OP-036,Chilled Pick,8.78,662,1511,5
2026-02-20,OP-037,Chilled Pick,7.37,423,953,2
2026-02-20,OP-040,Ambient Pick,8.02,765,1660,8
2026-02-20,OP-042,Chilled Pick,7.13,421,974,3
2026-02-20,OP-044,Ambient Pick,2.98,157,364,3
2026-02-20,OP-044,Chilled Pick,5.45,223,515,0
2026-02-20,OP-046,Ambient Pick,7.71,464,1540,1
2026-02-20,OP-047,Ambient Pick,9.03,373,611,7
2026-02-20,OP-048,Ambient Pick,5.53,385,1299,1
2026-02-20,OP-048,Bulk,1.34,48,78,0
2026-02-21,OP-001,Ambient Pick,7.01,525,954,6
2026-02-21,OP-001,Chilled Pick,0.86,59,125,0
2026-02-21,OP-002,Ambient Pick,7.08,524,1773,3
2026-02-21,OP-003,Chilled Pick,3.94,267,883,2
2026-02-21,OP-003,Bulk,3.09,136,324,1
2026-02-21,OP-004,Ambient Pick,8.05,573,1098,0
2026-02-21,OP-005,Ambient Pick,7.75,662,1850,6
2026-02-21,OP-007,Ambient Pick,6.92,571,1162,3
2026-02-21,OP-008,Ambient Pick,8.66,423,776,4
2026-02-21,OP-009,Chilled Pick,0.87,45,131,1
2026-02-21,OP-009,Ambient Pick,6.85,485,1240,1
2026-02-21,OP-010,Chilled Pick,4.89,341,926,4
2026-02-21,OP-010,Bulk,1.18,57,145,0
2026-02-21,OP-014,Ambient Pick,7.87,629,1659,3
2026-02-21,OP-015,Returns,6.74,161,385,0
2026-02-21,OP-017,Ambient Pick,7.49,590,1229,1
2026-02-21,OP-018,Ambient Pick,7.48,545,1445,0
2026-02-21,OP-019,Chilled Pick,6.39,362,798,3
2026-02-21,OP-019,Ambient Pick,0.8,55,172,0
2026-02-21,OP-020,Chilled Pick,7.74,408,679,2
2026-02-21,OP-021,Bulk,4.88,253,725,0
2026-02-21,OP-021,Ambient Pick,1.85,140,245,0
2026-02-21,OP-022,Chilled Pick,6.51,334,585,3
2026-02-21,OP-022,Ambient Pick,2.82,179,399,0
2026-02-21,OP-023,Bulk,7.21,348,750,0
2026-02-21,OP-024,Chilled Pick,7.03,415,1393,9
2026-02-21,OP-026,Returns,7.83,327,945,2
2026-02-21,OP-027,Bulk,8.34,337,1142,0
2026-02-21,OP-028,Ambient Pick,7.92,578,942,3
2026-02-21,OP-030,Ambient Pick,6.76,408,686,2
2026-02-21,OP-032,Bulk,8.17,379,1177,0
2026-02-21,OP-033,Ambient Pick,7.4,651,1896,3
2026-02-21,OP-034,Bulk,6.63,301,702,2
2026-02-21,OP-034,Chilled Pick,0.68,45,131,2
2026-02-21,OP-035,Bulk,9.12,453,1206,1
2026-02-21,OP-036,Chilled Pick,7.41,602,1175,2
2026-02-21,OP-037,Ambient Pick,3.13,218,674,1
2026-02-21,OP-037,Returns,4.45,162,380,0
2026-02-21,OP-038,Ambient Pick,1.97,118,359,1
2026-02-21,OP-038,Bulk,5.81,197,448,1
2026-02-21,OP-040,Bulk,6.35,327,920,2
2026-02-21,OP-040,Returns,0.95,41,82,0
2026-02-21,OP-042,Bulk,8.17,342,716,1
2026-02-21,OP-043,Ambient Pick,6.34,213,417,4
2026-02-21,OP-044,Ambient Pick,2.97,152,284,0
2026-02-21,OP-044,Bulk,4.42,134,431,0
2026-02-21,OP-046,Bulk,7.82,329,588,3
2026-02-21,OP-047,Ambient Pick,7.4,334,614,6
2026-02-21,OP-048,Chilled Pick,7.52,403,994,4
2026-02-23,OP-001,Bulk,6.87,348,685,3
2026-02-23,OP-002,Ambient Pick,4.2,390,915,2
2026-02-23,OP-002,Bulk,3.81,175,311,1
2026-02-23,OP-003,Ambient Pick,6.74,613,2057,2
2026-02-23,OP-004,Ambient Pick,8.84,797,2547,1
2026-02-23,OP-005,Ambient Pick,7.94,710,1946,5
2026-02-23,OP-007,Ambient Pick,6.76,804,2377,6
2026-02-23,OP-007,Chilled Pick,1.22,90,197,0
2026-02-23,OP-009,Ambient Pick,4.52,322,829,1
2026-02-23,OP-009,Bulk,2.83,113,360,1
2026-02-23,OP-010,Returns,7.68,312,977,0
2026-02-23,OP-012,Bulk,7.55,448,1331,1
2026-02-23,OP-013,Bulk,8.31,402,1331,2
2026-02-23,OP-014,Chilled Pick,7.6,508,1338,2
2026-02-23,OP-017,Chilled Pick,8.25,625,2043,3
2026-02-23,OP-018,Ambient Pick,6.88,679,1125,1
2026-02-23,OP-019,Chilled Pick,8.54,608,1188,5
2026-02-23,OP-020,Ambient Pick,7.17,643,1959,3
2026-02-23,OP-022,Bulk,7.32,318,928,3
2026-02-23,OP-023,Bulk,3.15,188,572,1
2026-02-23,OP-023,Returns,5.13,218,370,2
2026-02-23,OP-024,Bulk,7.37,338,754,4
2026-02-23,OP-025,Ambient Pick,6.71,688,2193,6
2026-02-23,OP-026,Ambient Pick,7.12,667,1707,3
2026-02-23,OP-027,Ambient Pick,7.74,697,2018,3
2026-02-23,OP-028,Chilled Pick,3.17,220,607,3
2026-02-23,OP-028,Returns,4.14,164,536,1
2026-02-23,OP-030,Chilled Pick,8.39,467,1049,3
2026-02-23,OP-031,Returns,7.58,284,918,2
2026-02-23,OP-032,Ambient Pick,6.34,708,2394,1
2026-02-23,OP-032,Bulk,0.59,37,95,0
2026-02-23,OP-033,Bulk,6.96,423,1023,3
2026-02-23,OP-034,Chilled Pick,7.32,500,906,3
2026-02-23,OP-035,Chilled Pick,7.29,554,1275,7
2026-02-23,OP-036,Ambient Pick,6.67,733,1767,4
2026-02-23,OP-037,Ambient Pick,8.36,885,2060,6
2026-02-23,OP-038,Chilled Pick,7.13,393,776,4
2026-02-23,OP-040,Ambient Pick,0.94,100,253,2
2026-02-23,OP-040,Returns,5.76,281,853,4
2026-02-23,OP-041,Ambient Pick,8.11,620,1167,1
2026-02-23,OP-042,Ambient Pick,8.38,804,1449,5
2026-02-23,OP-043,Chilled Pick,7.48,248,811,4
2026-02-23,OP-046,Bulk,8.16,363,866,1
2026-02-23,OP-047,Ambient Pick,9.01,481,857,5
2026-02-23,OP-048,Ambient Pick,0.6,51,125,1
2026-02-23,OP-048,Bulk,7.5,367,730,3
2026-02-24,OP-001,Ambient Pick,7.74,562,1347,4
2026-02-24,OP-002,Returns,7.94,258,666,3
2026-02-24,OP-003,Ambient Pick,7.49,634,1199,2
2026-02-24,OP-004,Bulk,7.13,285,951,0
2026-02-24,OP-005,Returns,7.89,252,708,4
2026-02-24,OP-007,Chilled Pick,7.97,565,1585,2
2026-02-24,OP-008,Ambient Pick,4.69,240,533,2
2026-02-24,OP-008,Returns,2.18,45,143,1
2026-02-24,OP-009,Ambient Pick,2.93,218,595,3
2026-02-24,OP-009,Chilled Pick,4.1,231,429,0
2026-02-24,OP-012,Bulk,7.52,383,1083,0
2026-02-24,OP-013,Chilled Pick,9.14,612,2061,2
2026-02-24,OP-015,Bulk,7.83,236,709,0
2026-02-24,OP-017,Chilled Pick,7.61,419,884,1
2026-02-24,OP-018,Ambient Pick,8.4,703,2300,2
2026-02-24,OP-019,Bulk,1.03,42,108,0
2026-02-24,OP-019,Returns,7.69,245,636,1
2026-02-24,OP-020,Ambient Pick,7.9,610,1334,1
2026-02-24,OP-021,Bulk,5.43,257,828,0
2026-02-24,OP-021,Ambient Pick,1.5,117,196,0
2026-02-24,OP-023,Chilled Pick,7.73,556,1867,5
2026-02-24,OP-024,Ambient Pick,7.91,526,1473,5
2026-02-24,OP-025,Returns,2.77,100,206,0
2026-02-24,OP-025,Chilled Pick,5.18,339,771,0
2026-02-24,OP-026,Ambient Pick,6.99,617,1748,4
2026-02-24,OP-027,Chilled Pick,7.11,370,970,2
2026-02-24,OP-028,Ambient Pick,8.18,645,1841,7
2026-02-24,OP-029,Bulk,7.6,326,658,1
2026-02-24,OP-030,Ambient Pick,7.7,474,1425,3
2026-02-24,OP-031,Bulk,8.0,333,1123,2
2026-02-24,OP-032,Ambient Pick,7.67,727,1436,4
2026-02-24,OP-033,Chilled Pick,7.4,487,1220,1
2026-02-24,OP-034,Chilled Pick,8.68,555,1483,1
2026-02-24,OP-035,Chilled Pick,9.0,520,869,4
2026-02-24,OP-036,Bulk,8.13,473,899,2
2026-02-24,OP-037,Chilled Pick,6.22,364,1054,1
2026-02-24,OP-038,Ambient Pick,8.01,494,871,3
2026-02-24,OP-041,Ambient Pick,7.89,602,1480,6
2026-02-24,OP-042,Ambient Pick,3.68,285,653,1
2026-02-24,OP-042,Bulk,2.83,109,328,0
2026-02-24,OP-043,Bulk,1.05,21,38,0
2026-02-24,OP-043,Ambient Pick,6.79,260,440,5
2026-02-24,OP-044,Bulk,6.48,172,293,0
2026-02-24,OP-046,Bulk,3.43,131,282,2
2026-02-24,OP-046,Chilled Pick,4.27,205,679,0
2026-02-24,OP-047,Bulk,8.03,213,618,4
2026-02-25,OP-001,Chilled Pick,2.66,173,572,1
2026-02-25,OP-001,Ambient Pick,4.63,366,900,2
2026-02-25,OP-002,Ambient Pick,7.47,586,1529,2
2026-02-25,OP-003,Chilled Pick,6.36,399,1005,0
2026-02-25,OP-004,Ambient Pick,8.13,622,1069,2
2026-02-25,OP-005,Ambient Pick,7.24,545,911,1
2026-02-25,OP-007,Ambient Pick,7.47,703,1380,1
2026-02-25,OP-008,Ambient Pick,8.18,371,602,1
2026-02-25,OP-009,Ambient Pick,8.19,518,1517,3
2026-02-25,OP-012,Bulk,7.89,319,510,1
2026-02-25,OP-013,Ambient Pick,8.18,568,1596,2
2026-02-25,OP-014,Bulk,6.73,298,951,3
2026-02-25,OP-015,Ambient Pick,7.3,388,864,1
2026-02-25,OP-018,Chilled Pick,8.18,560,1365,3
2026-02-25,OP-019,Ambient Pick,7.37,556,1102,2
2026-02-25,OP-020,Ambient Pick,7.86,572,1575,3
2026-02-25,OP-021,Ambient Pick,7.89,641,1575,1
2026-02-25,OP-021,Returns,0.5,19,58,0
2026-02-25,OP-022,Ambient Pick,6.67,472,792,3
2026-02-25,OP-023,Ambient Pick,8.35,630,1846,0
2026-02-25,OP-024,Chilled Pick,7.62,401,693,2
2026-02-25,OP-025,Ambient Pick,3.92,335,998,0
2026-02-25,OP-025,Bulk,2.53,123,258,1
2026-02-25,OP-026,Ambient Pick,7.97,703,1994,1
2026-02-25,OP-028,Ambient Pick,6.29,460,857,3
2026-02-25,OP-029,Bulk,5.67,234,383,1
2026-02-25,OP-029,Chilled Pick,3.21,216,583,2
2026-02-25,OP-030,Chilled Pick,1.34,55,160,1
2026-02-25,OP-030,Bulk,5.59,191,318,2
2026-02-25,OP-032,Chilled Pick,8.16,618,1079,5
2026-02-25,OP-033,Ambient Pick,6.41,556,924,4
2026-02-25,OP-034,Bulk,7.75,313,1059,0
2026-02-25,OP-036,Chilled Pick,6.81,517,1400,1
2026-02-25,OP-037,Chilled Pick,6.95,468,771,2
2026-02-25,OP-037,Returns,0.61,21,52,2
2026-02-25,OP-038,Bulk,3.53,122,333,0
2026-02-25,OP-038,Chilled Pick,4.29,222,533,1
2026-02-25,OP-040,Chilled Pick,7.52,520,1390,6
2026-02-25,OP-041,Chilled Pick,7.13,401,826,2
2026-02-25,OP-042,Chilled Pick,4.53,290,930,3
2026-02-25,OP-042,Bulk,2.67,122,334,1
2026-02-25,OP-043,Ambient Pick,8.12,330,994,8
2026-02-25,OP-044,Ambient Pick,7.75,405,1102,1
2026-02-25,OP-046,Ambient Pick,7.17,507,1157,7
2026-02-25,OP-047,Ambient Pick,7.55,346,779,8
2026-02-25,OP-048,Bulk,7.6,270,611,1
2026-02-26,OP-001,Ambient Pick,8.22,658,1288,2
2026-02-26,OP-002,Chilled Pick,6.95,479,1301,4
2026-02-26,OP-003,Ambient Pick,6.12,489,851,1
2026-02-26,OP-003,Chilled Pick,1.63,105,308,0
2026-02-26,OP-004,Chilled Pick,7.34,387,736,2
2026-02-26,OP-005,Ambient Pick,7.76,695,2113,5
2026-02-26,OP-007,Ambient Pick,3.93,348,587,0
2026-02-26,OP-007,Chilled Pick,4.29,333,664,3
2026-02-26,OP-008,Ambient Pick,1.6,76,213,0
2026-02-26,OP-008,Bulk,5.03,146,373,0
2026-02-26,OP-009,Chilled Pick,2.52,129,256,1
2026-02-26,OP-009,Ambient Pick,4.76,290,837,2
2026-02-26,OP-010,Ambient Pick,7.91,610,1768,4
2026-02-26,OP-012,Chilled Pick,7.23,461,1112,4
2026-02-26,OP-013,Returns,2.47,92,213,0
2026-02-26,OP-013,Ambient Pick,4.59,366,628,1
2026-02-26,OP-014,Ambient Pick,4.4,318,996,1
2026-02-26,OP-014,Returns,3.83,137,429,0
2026-02-26,OP-015,Ambient Pick,7.12,354,941,2
2026-02-26,OP-017,Ambient Pick,7.52,533,1024,2
2026-02-26,OP-018,Bulk,7.66,354,666,1
2026-02-26,OP-019,Returns,6.69,207,638,0
2026-02-26,OP-020,Ambient Pick,7.95,519,1142,4
2026-02-26,OP-021,Ambient Pick,8.16,651,1270,3
2026-02-26,OP-022,Ambient Pick,4.05,277,456,2
2026-02-26,OP-022,Bulk,5.08,178,472,0
2026-02-26,OP-023,Returns,7.25,284,544,0
2026-02-26,OP-024,Chilled Pick,7.2,412,760,5
2026-02-26,OP-025,Chilled Pick,7.3,445,1018,7
2026-02-26,OP-026,Ambient Pick,8.57,710,1691,3
2026-02-26,OP-027,Chilled Pick,7.09,409,1294,2
2026-02-26,OP-028,Ambient Pick,7.24,553,1067,3
2026-02-26,OP-029,Ambient Pick,5.64,443,761,3
2026-02-26,OP-029,Bulk,3.0,124,410,0
2026-02-26,OP-030,Ambient Pick,6.66,421,867,2
2026-02-26,OP-031,Ambient Pick,7.53,519,1187,2
2026-02-26,OP-032,Returns,1.79,77,154,0
2026-02-26,OP-032,Chilled Pick,5.92,468,909,0
2026-02-26,OP-033,Chilled Pick,2.56,183,344,1
2026-02-26,OP-033,Bulk,4.2,204,490,0
2026-02-26,OP-034,Ambient Pick,7.32,559,897,4
2026-02-26,OP-035,Ambient Pick,8.34,590,1170,4
2026-02-26,OP-037,Ambient Pick,7.37,599,1649,3
2026-02-26,OP-040,Chilled Pick,7.86,592,1145,2
2026-02-26,OP-041,Bulk,7.78,286,719,1
2026-02-26,OP-044,Ambient Pick,9.05,443,917,3
2026-02-26,OP-046,Chilled Pick,4.43,232,530,4
2026-02-26,OP-046,Ambient Pick,3.09,227,673,2
2026-02-26,OP-047,Ambient Pick,6.92,318,732,6
2026-02-26,OP-047,Chilled Pick,1.88,70,119,2
2026-02-26,OP-048,Ambient Pick,7.74,587,1430,3
2026-02-27,OP-001,Ambient Pick,7.51,576,1904,4
2026-02-27,OP-002,Chilled Pick,1.36,95,178,0
2026-02-27,OP-002,Ambient Pick,4.77,349,1120,1
2026-02-27,OP-003,Chilled Pick,2.6,149,256,0
2026-02-27,OP-003,Ambient Pick,4.85,378,1155,1
2026-02-27,OP-007,Ambient Pick,7.44,632,2004,4
2026-02-27,OP-008,Ambient Pick,6.95,361,1150,4
2026-02-27,OP-008,Chilled Pick,1.01,41,80,0
2026-02-27,OP-009,Bulk,6.85,271,827,0
2026-02-27,OP-010,Returns,6.7,258,836,1
2026-02-27,OP-012,Ambient Pick,6.44,519,845,2
2026-02-27,OP-012,Chilled Pick,1.35,95,250,1
2026-02-27,OP-013,Ambient Pick,7.45,553,978,2
2026-02-27,OP-014,Ambient Pick,7.79,583,1517,2
2026-02-27,OP-015,Chilled Pick,7.54,323,986,2
2026-02-27,OP-017,Ambient Pick,3.64,305,640,2
2026-02-27,OP-017,Bulk,4.09,169,327,0
2026-02-27,OP-018,Chilled Pick,3.13,217,693,1
2026-02-27,OP-018,Ambient Pick,4.39,399,817,0
2026-02-27,OP-019,Ambient Pick,6.45,433,994,2
2026-02-27,OP-020,Chilled Pick,7.65,406,728,2
2026-02-27,OP-021,Bulk,3.94,201,383,1
2026-02-27,OP-021,Ambient Pick,3.36,301,490,2
2026-02-27,OP-022,Ambient Pick,7.23,395,1301,0
2026-02-27,OP-023,Ambient Pick,7.43,523,1636,2
2026-02-27,OP-024,Chilled Pick,8.07,486,1247,4
2026-02-27,OP-025,Ambient Pick,6.95,488,1592,0
2026-02-27,OP-026,Ambient Pick,7.43,549,1246,2
2026-02-27,OP-027,Ambient Pick,7.02,473,1277,2
2026-02-27,OP-028,Chilled Pick,7.47,434,1220,1
2026-02-27,OP-029,Ambient Pick,6.58,485,1300,2
2026-02-27,OP-030,Ambient Pick,7.86,499,1327,5
2026-02-27,OP-031,Bulk,7.89,358,669,1
2026-02-27,OP-032,Ambient Pick,0.72,62,167,0
2026-02-27,OP-032,Returns,6.51,285,616,4
2026-02-27,OP-034,Ambient Pick,8.02,619,1803,2
2026-02-27,OP-035,Bulk,7.54,333,1108,1
2026-02-27,OP-036,Chilled Pick,4.18,323,845,0
2026-02-27,OP-036,Ambient Pick,3.21,287,714,2
2026-02-27,OP-037,Ambient Pick,7.06,556,1158,2
2026-02-27,OP-038,Ambient Pick,7.51,496,854,6
2026-02-27,OP-040,Returns,8.45,362,797,5
2026-02-27,OP-041,Ambient Pick,7.54,504,1306,3
2026-02-27,OP-042,Ambient Pick,7.07,544,1552,5
2026-02-27,OP-043,Ambient Pick,7.29,268,858,0
2026-02-27,OP-046,Chilled Pick,3.93,212,688,1
2026-02-27,OP-046,Bulk,3.25,124,290,2
2026-02-28,OP-001,Ambient Pick,7.77,693,1493,8
2026-02-28,OP-002,Chilled Pick,6.16,373,882,0
2026-02-28,OP-002,Returns,1.54,59,94,1
2026-02-28,OP-003,Ambient Pick,1.82,142,240,0
2026-02-28,OP-003,Bulk,5.0,197,646,0
2026-02-28,OP-004,Bulk,7.98,297,536,2
2026-02-28,OP-005,Ambient Pick,7.66,638,1910,0
2026-02-28,OP-007,Returns,8.17,328,557,2
2026-02-28,OP-008,Ambient Pick,7.14,428,1292,6
2026-02-28,OP-009,Ambient Pick,7.35,526,1713,0
2026-02-28,OP-010,Chilled Pick,8.04,475,1467,3
2026-02-28,OP-012,Chilled Pick,3.54,256,639,2
2026-02-28,OP-012,Bulk,4.45,202,417,0
2026-02-28,OP-013,Ambient Pick,0.65,57,124,0
2026-02-28,OP-013,Chilled Pick,6.13,333,564,2
2026-02-28,OP-014,Ambient Pick,7.26,599,1198,1
2026-02-28,OP-015,Chilled Pick,7.62,335,610,2
2026-02-28,OP-017,Chilled Pick,1.96,120,258,0
2026-02-28,OP-017,Ambient Pick,5.75,385,793,0
2026-02-28,OP-018,Chilled Pick,6.36,418,1372,1
2026-02-28,OP-019,Chilled Pick,8.03,492,863,1
2026-02-28,OP-022,Ambient Pick,7.23,476,976,3
2026-02-28,OP-023,Bulk,7.34,336,592,2
2026-02-28,OP-025,Bulk,1.18,52,139,0
2026-02-28,OP-025,Chilled Pick,6.16,417,936,3
2026-02-28,OP-026,Ambient Pick,5.7,536,1330,0
2026-02-28,OP-027,Ambient Pick,0.56,42,92,0
2026-02-28,OP-027,Chilled Pick,7.21,434,799,1
2026-02-28,OP-028,Ambient Pick,7.9,641,1637,4
2026-02-28,OP-029,Ambient Pick,7.35,558,1537,3
2026-02-28,OP-031,Ambient Pick,7.55,550,1276,0
2026-02-28,OP-032,Chilled Pick,8.07,585,1984,3
2026-02-28,OP-033,Ambient Pick,7.3,563,1806,2
2026-02-28,OP-035,Chilled Pick,7.58,455,1325,5
2026-02-28,OP-036,Bulk,7.87,421,1101,0
2026-02-28,OP-037,Returns,7.31,250,645,3
2026-02-28,OP-038,Ambient Pick,6.87,413,893,2
2026-02-28,OP-040,Ambient Pick,7.83,698,1506,6
2026-02-28,OP-041,Ambient Pick,8.22,519,1530,2
2026-02-28,OP-042,Returns,4.81,181,589,2
2026-02-28,OP-042,Chilled Pick,2.56,181,375,3
2026-02-28,OP-043,Bulk,0.83,17,28,0
2026-02-28,OP-043,Chilled Pick,6.52,187,566,4
2026-02-28,OP-044,Ambient Pick,6.55,342,577,0
2026-02-28,OP-046,Bulk,1.24,51,143,0
2026-02-28,OP-046,Ambient Pick,6.2,420,828,1
2026-02-28,OP-047,Bulk,7.6,193,358,2
2026-02-28,OP-048,Returns,3.01,86,216,3
2026-02-28,OP-048,Ambient Pick,4.99,318,641,4
2026-03-02,OP-001,Chilled Pick,6.8,540,1819,4
2026-03-02,OP-001,Ambient Pick,1.66,158,516,0
2026-03-02,OP-002,Ambient Pick,7.43,629,1038,1
2026-03-02,OP-003,Ambient Pick,7.54,656,1747,4
2026-03-02,OP-004,Ambient Pick,7.95,731,2238,3
2026-03-02,OP-005,Bulk,2.67,145,299,1
2026-03-02,OP-005,Chilled Pick,4.52,352,1003,3
2026-03-02,OP-007,Ambient Pick,7.25,700,1209,0
2026-03-02,OP-008,Returns,7.13,172,456,1
2026-03-02,OP-009,Bulk,4.55,199,355,1
2026-03-02,OP-009,Chilled Pick,3.04,173,469,0
2026-03-02,OP-010,Ambient Pick,8.36,837,2574,1
2026-03-02,OP-012,Bulk,7.21,414,1024,1
2026-03-02,OP-013,Chilled Pick,8.01,573,1267,2
2026-03-02,OP-014,Chilled Pick,1.12,81,196,0
2026-03-02,OP-014,Ambient Pick,6.24,494,988,1
2026-03-02,OP-015,Returns,7.24,207,606,0
2026-03-02,OP-017,Returns,9.32,414,1039,5
2026-03-02,OP-018,Chilled Pick,9.22,605,1309,0
2026-03-02,OP-019,Ambient Pick,8.4,749,1999,3
2026-03-02,OP-022,Returns,8.09,274,873,0
2026-03-02,OP-023,Ambient Pick,7.43,751,2253,2
2026-03-02,OP-024,Bulk,1.31,53,159,0
2026-03-02,OP-024,Ambient Pick,6.0,461,1550,5
2026-03-02,OP-025,Ambient Pick,7.5,759,2198,4
2026-03-02,OP-026,Ambient Pick,7.13,779,1567,3
2026-03-02,OP-027,Chilled Pick,8.54,597,1858,4
2026-03-02,OP-028,Bulk,0.62,33,109,1
2026-03-02,OP-028,Ambient Pick,7.57,622,1173,1
2026-03-02,OP-029,Ambient Pick,8.61,672,1570,1
2026-03-02,OP-030,Ambient Pick,7.44,525,1199,4
2026-03-02,OP-032,Ambient Pick,7.87,700,1468,1
2026-03-02,OP-033,Bulk,7.28,452,999,3
2026-03-02,OP-034,Ambient Pick,5.64,493,1483,1
2026-03-02,OP-034,Chilled Pick,1.6,118,369,0
2026-03-02,OP-036,Chilled Pick,8.17,676,1520,2
2026-03-02,OP-037,Bulk,2.32,128,405,1
2026-03-02,OP-037,Chilled Pick,6.13,454,1029,2
2026-03-02,OP-038,Ambient Pick,8.61,647,1125,8
2026-03-02,OP-040,Ambient Pick,8.35,953,3082,12
2026-03-02,OP-041,Ambient Pick,6.71,469,1253,1
2026-03-02,OP-041,Bulk,1.68,59,98,0
2026-03-02,OP-042,Ambient Pick,1.52,146,253,0
2026-03-02,OP-042,Bulk,5.78,289,563,1
2026-03-02,OP-044,Ambient Pick,7.22,471,1529,3
2026-03-02,OP-046,Returns,7.85,223,365,1
2026-03-02,OP-047,Ambient Pick,5.74,312,564,3
2026-03-02,OP-047,Chilled Pick,1.83,79,251,3
2026-03-03,OP-001,Chilled Pick,8.7,527,861,3
2026-03-03,OP-002,Ambient Pick,7.2,541,1746,0
2026-03-03,OP-003,Chilled Pick,7.06,449,1382,0
2026-03-03,OP-004,Bulk,8.25,378,727,0
2026-03-03,OP-005,Ambient Pick,7.46,587,1868,2
2026-03-03,OP-008,Chilled Pick,7.33,320,998,4
2026-03-03,OP-009,Bulk,6.91,254,774,0
2026-03-03,OP-010,Chilled Pick,7.88,564,1376,3
2026-03-03,OP-012,Chilled Pick,7.42,572,1016,2
2026-03-03,OP-013,Ambient Pick,1.54,128,413,0
2026-03-03,OP-013,Chilled Pick,4.72,279,757,0
2026-03-03,OP-014,Chilled Pick,6.91,390,1181,3
2026-03-03,OP-014,Bulk,1.05,42,86,0
2026-03-03,OP-017,Bulk,4.82,226,747,2
2026-03-03,OP-017,Ambient Pick,2.75,209,677,0
2026-03-03,OP-018,Bulk,7.56,337,860,0
2026-03-03,OP-020,Bulk,7.75,338,561,2
2026-03-03,OP-021,Ambient Pick,7.21,612,1875,3
2026-03-03,OP-022,Chilled Pick,2.75,143,306,1
2026-03-03,OP-022,Ambient Pick,4.85,313,979,1
2026-03-03,OP-023,Returns,7.0,269,831,2
2026-03-03,OP-024,Ambient Pick,7.61,541,1253,3
2026-03-03,OP-025,Bulk,7.22,349,632,0
2026-03-03,OP-026,Ambient Pick,7.02,617,1602,3
2026-03-03,OP-027,Ambient Pick,8.27,651,1718,1
2026-03-03,OP-028,Ambient Pick,8.52,628,1215,5
2026-03-03,OP-029,Ambient Pick,5.83,406,893,0
2026-03-03,OP-029,Bulk,2.41,89,218,0
2026-03-03,OP-030,Ambient Pick,6.91,401,699,1
2026-03-03,OP-030,Bulk,1.33,48,99,0
2026-03-03,OP-031,Ambient Pick,7.0,467,1219,3
2026-03-03,OP-032,Ambient Pick,7.26,638,1791,1
2026-03-03,OP-033,Ambient Pick,7.43,681,1401,1
2026-03-03,OP-033,Bulk,0.87,37,60,1
2026-03-03,OP-035,Returns,7.92,264,874,2
2026-03-03,OP-036,Chilled Pick,6.88,528,1562,0
2026-03-03,OP-038,Chilled Pick,7.89,402,1305,3
2026-03-03,OP-040,Ambient Pick,7.71,691,1115,7
2026-03-03,OP-041,Chilled Pick,3.79,161,349,1
2026-03-03,OP-041,Bulk,4.74,145,317,1
2026-03-03,OP-042,Ambient Pick,2.86,247,792,2
2026-03-03,OP-042,Returns,4.71,165,275,0
2026-03-03,OP-043,Bulk,7.21,156,371,0
2026-03-03,OP-044,Ambient Pick,1.92,110,313,0
2026-03-03,OP-044,Chilled Pick,5.89,232,458,1
2026-03-03,OP-046,Ambient Pick,4.64,331,761,0
2026-03-03,OP-046,Bulk,3.1,109,330,0
2026-03-03,OP-047,Bulk,7.27,200,480,1
2026-03-04,OP-001,Ambient Pick,8.04,572,1510,1
2026-03-04,OP-002,Ambient Pick,6.82,581,1561,1
2026-03-04,OP-003,Chilled Pick,7.63,457,1498,1
2026-03-04,OP-004,Ambient Pick,7.02,514,878,2
2026-03-04,OP-005,Chilled Pick,6.9,479,1518,3
2026-03-04,OP-007,Chilled Pick,7.35,481,1149,1
2026-03-04,OP-008,Ambient Pick,7.87,417,1316,3
2026-03-04,OP-009,Ambient Pick,1.16,77,241,1
2026-03-04,OP-009,Chilled Pick,6.13,300,974,2
2026-03-04,OP-012,Ambient Pick,7.69,726,2049,4
2026-03-04,OP-013,Ambient Pick,6.5,479,857,2
2026-03-04,OP-014,Ambient Pick,2.12,141,308,1
2026-03-04,OP-014,Returns,5.46,205,540,1
2026-03-04,OP-015,Bulk,7.7,277,639,0
2026-03-04,OP-017,Chilled Pick,6.93,444,802,3
2026-03-04,OP-018,Bulk,8.12,314,572,0
2026-03-04,OP-019,Bulk,8.51,360,846,0
2026-03-04,OP-020,Returns,7.65,231,687,3
2026-03-04,OP-021,Returns,7.36,297,548,2
2026-03-04,OP-022,Ambient Pick,6.62,403,672,0
2026-03-04,OP-022,Bulk,1.47,56,145,0
2026-03-04,OP-024,Ambient Pick,3.0,190,587,0
2026-03-04,OP-024,Chilled Pick,5.5,325,866,5
2026-03-04,OP-025,Ambient Pick,7.02,528,1383,1
2026-03-04,OP-027,Ambient Pick,8.0,565,1577,2
2026-03-04,OP-028,Chilled Pick,7.39,451,1480,1
2026-03-04,OP-029,Chilled Pick,8.06,452,913,0
2026-03-04,OP-030,Chilled Pick,8.35,363,703,3
2026-03-04,OP-031,Ambient Pick,7.33,615,1049,5
2026-03-04,OP-032,Chilled Pick,7.34,515,1631,3
2026-03-04,OP-033,Ambient Pick,7.23,583,1062,3
2026-03-04,OP-034,Ambient Pick,8.55,613,1242,2
2026-03-04,OP-035,Ambient Pick,7.81,635,1659,3
2026-03-04,OP-036,Chilled Pick,7.74,568,914,1
2026-03-04,OP-037,Returns,7.94,276,808,1
2026-03-04,OP-038,Ambient Pick,7.39,518,1327,0
2026-03-04,OP-040,Ambient Pick,7.68,770,2574,13
2026-03-04,OP-041,Returns,4.62,131,375,0
2026-03-04,OP-041,Chilled Pick,2.31,127,299,0
2026-03-04,OP-042,Ambient Pick,6.88,477,1538,3
2026-03-04,OP-043,Ambient Pick,1.35,47,115,2
2026-03-04,OP-043,Bulk,6.24,138,274,1
2026-03-04,OP-044,Ambient Pick,7.81,398,884,3
2026-03-04,OP-046,Chilled Pick,7.18,419,834,6
2026-03-04,OP-047,Ambient Pick,7.48,319,980,2
2026-03-04,OP-048,Returns,6.58,209,617,4
2026-03-04,OP-048,Ambient Pick,0.77,53,114,1
2026-03-05,OP-001,Bulk,7.41,363,1013,2
2026-03-05,OP-003,Ambient Pick,6.1,415,948,2
2026-03-05,OP-003,Chilled Pick,1.89,120,264,1
2026-03-05,OP-004,Ambient Pick,6.92,539,1151,1
2026-03-05,OP-005,Chilled Pick,6.42,417,865,2
2026-03-05,OP-007,Bulk,7.41,349,1064,1
2026-03-05,OP-008,Ambient Pick,8.09,421,777,3
2026-03-05,OP-009,Bulk,5.3,178,515,0
2026-03-05,OP-009,Returns,1.16,33,101,1
2026-03-05,OP-010,Chilled Pick,6.81,361,655,0
2026-03-05,OP-012,Ambient Pick,7.81,623,1105,0
2026-03-05,OP-013,Chilled Pick,5.4,335,758,1
2026-03-05,OP-013,Ambient Pick,2.55,191,522,1
2026-03-05,OP-014,Ambient Pick,8.52,552,1425,6
2026-03-05,OP-015,Ambient Pick,7.83,452,1258,2
2026-03-05,OP-017,Chilled Pick,7.19,426,1249,1
2026-03-05,OP-018,Returns,3.0,94,295,0
2026-03-05,OP-018,Ambient Pick,3.76,316,771,0
2026-03-05,OP-019,Chilled Pick,5.09,299,608,1
2026-03-05,OP-019,Ambient Pick,2.73,164,407,0
2026-03-05,OP-020,Ambient Pick,7.61,595,1530,2
2026-03-05,OP-021,Chilled Pick,7.32,514,1658,2
2026-03-05,OP-022,Bulk,7.61,305,868,1
2026-03-05,OP-023,Ambient Pick,8.81,761,2461,3
2026-03-05,OP-024,Chilled Pick,7.29,374,792,1
2026-03-05,OP-025,Bulk,1.68,80,203,0
2026-03-05,OP-025,Returns,4.97,168,366,3
2026-03-05,OP-026,Ambient Pick,7.25,631,1207,1
2026-03-05,OP-027,Chilled Pick,6.75,394,1330,1
2026-03-05,OP-028,Chilled Pick,7.47,434,1286,2
2026-03-05,OP-029,Ambient Pick,7.15,498,860,0
2026-03-05,OP-030,Ambient Pick,3.64,206,612,1
2026-03-05,OP-030,Bulk,4.74,169,547,0
2026-03-05,OP-031,Ambient Pick,6.64,451,1092,4
2026-03-05,OP-033,Bulk,6.78,337,1082,1
2026-03-05,OP-034,Ambient Pick,6.97,537,1306,0
2026-03-05,OP-035,Ambient Pick,7.39,581,1601,4
2026-03-05,OP-036,Ambient Pick,7.34,672,1080,3
2026-03-05,OP-037,Chilled Pick,5.81,333,918,2
2026-03-05,OP-037,Ambient Pick,2.87,197,577,0
2026-03-05,OP-040,Ambient Pick,7.28,695,2049,4
2026-03-05,OP-041,Ambient Pick,8.27,525,1581,1
2026-03-05,OP-042,Ambient Pick,6.7,515,1601,8
2026-03-05,OP-043,Chilled Pick,6.63,201,631,5
2026-03-05,OP-044,Chilled Pick,2.44,94,312,0
2026-03-05,OP-044,Returns,5.73,126,315,0
2026-03-05,OP-046,Ambient Pick,8.14,512,990,3
2026-03-05,OP-047,Ambient Pick,0.7,30,84,1
2026-03-05,OP-047,Chilled Pick,6.56,238,806,3
2026-03-05,OP-048,Bulk,2.86,128,349,0
2026-03-05,OP-048,Returns,4.0,118,303,2
2026-03-06,OP-001,Ambient Pick,8.08,659,1609,4
2026-03-06,OP-002,Ambient Pick,7.47,576,1826,3
2026-03-06,OP-003,Returns,7.54,263,619,2
2026-03-06,OP-004,Ambient Pick,0.79,58,147,0
2026-03-06,OP-004,Returns,6.72,230,559,1
2026-03-06,OP-005,Ambient Pick,7.9,702,1737,0
2026-03-06,OP-007,Returns,1.87,71,150,0
2026-03-06,OP-007,Ambient Pick,5.89,499,1193,1
2026-03-06,OP-008,Chilled Pick,6.65,282,727,0
2026-03-06,OP-008,Ambient Pick,0.58,29,89,0
2026-03-06,OP-009,Returns,8.11,242,454,0
2026-03-06,OP-010,Returns,7.91,294,873,0
2026-03-06,OP-012,Bulk,6.92,340,661,0
2026-03-06,OP-013,Ambient Pick,2.31,173,445,1
2026-03-06,OP-013,Bulk,4.66,187,371,1
2026-03-06,OP-014,Returns,8.59,268,453,0
2026-03-06,OP-017,Bulk,6.8,329,605,0
2026-03-06,OP-019,Ambient Pick,5.11,388,1256,1
2026-03-06,OP-019,Chilled Pick,0.9,50,105,0
2026-03-06,OP-020,Ambient Pick,7.21,554,933,4
2026-03-06,OP-021,Chilled Pick,1.63,101,311,1
2026-03-06,OP-021,Ambient Pick,6.68,545,1113,1
2026-03-06,OP-023,Ambient Pick,7.96,632,1846,0
2026-03-06,OP-024,Ambient Pick,7.38,501,1483,0
2026-03-06,OP-025,Bulk,2.37,112,234,1
2026-03-06,OP-025,Ambient Pick,5.13,385,666,2
2026-03-06,OP-027,Ambient Pick,3.82,297,839,2
2026-03-06,OP-027,Bulk,3.87,160,261,0
2026-03-06,OP-028,Ambient Pick,7.61,553,1356,1
2026-03-06,OP-029,Chilled Pick,4.67,313,682,2
2026-03-06,OP-029,Ambient Pick,3.07,196,391,2
2026-03-06,OP-030,Ambient Pick,8.24,502,1706,2
2026-03-06,OP-031,Ambient Pick,2.41,181,490,0
2026-03-06,OP-031,Bulk,6.56,244,773,0
2026-03-06,OP-032,Ambient Pick,7.35,762,1360,6
2026-03-06,OP-033,Returns,7.67,275,561,2
2026-03-06,OP-034,Bulk,7.69,330,585,1
2026-03-06,OP-035,Returns,7.85,265,693,2
2026-03-06,OP-037,Bulk,5.73,218,513,0
2026-03-06,OP-037,Ambient Pick,2.06,147,257,0
2026-03-06,OP-038,Ambient Pick,7.36,452,1230,1
2026-03-06,OP-040,Ambient Pick,8.27,831,1940,6
2026-03-06,OP-041,Chilled Pick,6.87,306,898,6
2026-03-06,OP-042,Ambient Pick,5.73,477,898,1
2026-03-06,OP-042,Bulk,0.8,37,90,0
2026-03-06,OP-044,Chilled Pick,2.08,97,247,0
2026-03-06,OP-044,Ambient Pick,5.55,305,747,1
2026-03-06,OP-046,Ambient Pick,8.64,591,1389,3
2026-03-06,OP-047,Chilled Pick,7.09,262,868,1
2026-03-06,OP-048,Ambient Pick,8.12,528,1673,4
2026-03-07,OP-002,Ambient Pick,7.05,564,1415,1
2026-03-07,OP-004,Chilled Pick,7.92,465,962,1
2026-03-07,OP-005,Chilled Pick,5.24,348,786,2
2026-03-07,OP-005,Ambient Pick,2.23,172,378,1
2026-03-07,OP-007,Ambient Pick,6.76,494,1047,0
2026-03-07,OP-008,Chilled Pick,3.73,148,488,2
2026-03-07,OP-008,Bulk,3.27,91,246,1
2026-03-07,OP-009,Ambient Pick,7.94,506,1400,0
2026-03-07,OP-010,Ambient Pick,6.94,519,1310,1
2026-03-07,OP-011,Ambient Pick,8.26,411,991,5
2026-03-07,OP-012,Bulk,5.19,267,766,1
2026-03-07,OP-012,Ambient Pick,2.7,257,753,1
2026-03-07,OP-013,Ambient Pick,5.04,408,815,1
2026-03-07,OP-013,Chilled Pick,2.11,121,336,0
2026-03-07,OP-014,Returns,6.96,211,408,2
2026-03-07,OP-017,Ambient Pick,7.17,557,933,4
2026-03-07,OP-018,Chilled Pick,6.87,426,835,0
2026-03-07,OP-020,Chilled Pick,7.19,404,940,2
2026-03-07,OP-021,Chilled Pick,7.87,568,1035,11
2026-03-07,OP-022,Returns,7.58,223,537,2
2026-03-07,OP-023,Ambient Pick,8.09,568,1463,0
2026-03-07,OP-024,Ambient Pick,6.99,478,1334,2
2026-03-07,OP-025,Ambient Pick,8.3,684,1310,1
2026-03-07,OP-027,Bulk,8.69,383,1165,0
2026-03-07,OP-028,Ambient Pick,5.42,426,1325,2
2026-03-07,OP-028,Chilled Pick,1.83,94,252,0
2026-03-07,OP-029,Bulk,8.76,370,1107,1
2026-03-07,OP-030,Returns,2.1,57,189,0
2026-03-07,OP-030,Bulk,5.94,215,623,1
2026-03-07,OP-031,Bulk,0.57,23,48,0
2026-03-07,OP-031,Returns,6.64,235,621,0
2026-03-07,OP-032,Ambient Pick,7.32,669,1188,1
2026-03-07,OP-032,Bulk,1.34,65,119,0
2026-03-07,OP-033,Chilled Pick,7.07,493,1457,4
2026-03-07,OP-033,Ambient Pick,0.7,53,167,1
2026-03-07,OP-034,Ambient Pick,1.86,153,365,1
2026-03-07,OP-034,Chilled Pick,5.63,311,867,0
2026-03-07,OP-035,Bulk,8.85,371,1015,1
2026-03-07,OP-036,Ambient Pick,7.88,851,1675,4
2026-03-07,OP-037,Bulk,7.41,324,931,0
2026-03-07,OP-038,Chilled Pick,7.29,385,668,2
2026-03-07,OP-041,Bulk,6.64,235,536,2
2026-03-07,OP-043,Chilled Pick,7.76,281,777,3
2026-03-07,OP-046,Bulk,6.25,237,776,1
2026-03-07,OP-046,Ambient Pick,1.87,119,289,2
2026-03-07,OP-048,Ambient Pick,8.07,586,1695,1
2026-03-09,OP-001,Bulk,7.65,386,737,3
2026-03-09,OP-002,Ambient Pick,2.91,289,772,1
2026-03-09,OP-002,Chilled Pick,4.87,337,1102,1
2026-03-09,OP-003,Chilled Pick,8.61,637,1446,4
2026-03-09,OP-004,Ambient Pick,5.57,564,1589,1
2026-03-09,OP-004,Chilled Pick,1.83,127,246,1
2026-03-09,OP-005,Bulk,7.54,422,941,2
2026-03-09,OP-007,Bulk,8.84,468,777,2
2026-03-09,OP-008,Ambient Pick,7.78,462,1106,7
2026-03-09,OP-009,Chilled Pick,7.54,447,1266,2
2026-03-09,OP-010,Chilled Pick,8.1,551,993,2
2026-03-09,OP-011,Returns,8.58,230,641,2
2026-03-09,OP-012,Bulk,1.19,62,195,0
2026-03-09,OP-012,Returns,5.87,271,591,1
2026-03-09,OP-013,Ambient Pick,8.02,717,1874,5
2026-03-09,OP-014,Ambient Pick,7.86,673,1681,2
2026-03-09,OP-017,Chilled Pick,7.84,535,1466,3
2026-03-09,OP-018,Chilled Pick,2.95,252,608,0
2026-03-09,OP-018,Ambient Pick,5.22,445,1148,0
2026-03-09,OP-019,Chilled Pick,5.51,375,1120,2
2026-03-09,OP-019,Ambient Pick,2.02,170,324,0
2026-03-09,OP-020,Ambient Pick,7.13,620,1269,5
2026-03-09,OP-022,Bulk,8.34,347,1103,2
2026-03-09,OP-023,Ambient Pick,7.62,794,2628,5
2026-03-09,OP-024,Chilled Pick,7.74,495,1475,1
2026-03-09,OP-025,Ambient Pick,4.41,414,976,3
2026-03-09,OP-025,Returns,2.2,89,248,0
2026-03-09,OP-026,Bulk,2.19,130,440,1
2026-03-09,OP-026,Ambient Pick,5.33,523,1564,2
2026-03-09,OP-027,Ambient Pick,8.09,672,2233,1
2026-03-09,OP-028,Chilled Pick,8.77,633,2058,2
2026-03-09,OP-030,Ambient Pick,7.39,568,1807,2
2026-03-09,OP-031,Chilled Pick,6.66,502,1193,4
2026-03-09,OP-032,Ambient Pick,6.66,732,1860,1
2026-03-09,OP-033,Bulk,7.3,380,808,0
2026-03-09,OP-034,Ambient Pick,4.1,389,980,0
2026-03-09,OP-034,Bulk,4.0,201,558,0
2026-03-09,OP-035,Returns,7.88,305,594,3
2026-03-09,OP-036,Chilled Pick,9.18,766,1279,3
2026-03-09,OP-038,Bulk,8.69,331,555,0
2026-03-09,OP-040,Ambient Pick,7.15,855,2491,12
2026-03-09,OP-041,Ambient Pick,7.32,580,1863,7
2026-03-09,OP-043,Ambient Pick,1.14,53,110,1
2026-03-09,OP-043,Returns,7.36,172,523,5
2026-03-09,OP-044,Bulk,7.4,257,436,1
2026-03-09,OP-046,Bulk,2.3,107,189,0
2026-03-09,OP-046,Ambient Pick,5.28,441,827,1
2026-03-09,OP-047,Ambient Pick,7.57,478,1097,12
2026-03-09,OP-048,Returns,7.07,266,638,4
2026-03-10,OP-001,Ambient Pick,7.65,570,1434,2
2026-03-10,OP-002,Bulk,8.09,342,596,1
2026-03-10,OP-003,Chilled Pick,8.52,520,912,2
2026-03-10,OP-005,Chilled Pick,3.75,220,499,2
2026-03-10,OP-005,Bulk,2.57,109,309,0
2026-03-10,OP-008,Ambient Pick,6.76,431,705,6
2026-03-10,OP-009,Ambient Pick,6.38,437,1376,1
2026-03-10,OP-010,Chilled Pick,7.56,534,1312,2
2026-03-10,OP-011,Ambient Pick,8.27,429,1264,3
2026-03-10,OP-013,Bulk,8.83,386,1131,2
2026-03-10,OP-017,Chilled Pick,2.65,184,336,0
2026-03-10,OP-017,Ambient Pick,5.11,351,1007,1
2026-03-10,OP-018,Ambient Pick,6.72,577,1118,1
2026-03-10,OP-018,Bulk,1.18,51,171,0
2026-03-10,OP-019,Returns,8.17,289,703,1
2026-03-10,OP-020,Ambient Pick,5.54,399,1051,0
2026-03-10,OP-020,Bulk,3.31,149,474,1
2026-03-10,OP-021,Ambient Pick,7.72,635,1874,0
2026-03-10,OP-022,Ambient Pick,8.1,523,1361,1
2026-03-10,OP-023,Ambient Pick,7.59,662,1478,2
2026-03-10,OP-024,Chilled Pick,2.08,112,304,2
2026-03-10,OP-024,Bulk,5.53,204,459,0
2026-03-10,OP-025,Chilled Pick,7.33,492,855,3
2026-03-10,OP-026,Ambient Pick,6.49,478,1148,2
2026-03-10,OP-027,Ambient Pick,7.71,550,1513,1
2026-03-10,OP-028,Ambient Pick,4.65,369,812,0
2026-03-10,OP-028,Chilled Pick,2.99,181,322,0
2026-03-10,OP-029,Ambient Pick,7.08,490,959,2
2026-03-10,OP-030,Bulk,7.01,260,736,0
2026-03-10,OP-031,Chilled Pick,8.25,479,1620,3
2026-03-10,OP-032,Ambient Pick,8.34,672,2268,3
2026-03-10,OP-033,Ambient Pick,7.37,623,1688,3
2026-03-10,OP-034,Ambient Pick,4.27,297,495,2
2026-03-10,OP-034,Bulk,3.44,146,261,0
2026-03-10,OP-035,Ambient Pick,7.47,581,1448,8
2026-03-10,OP-036,Chilled Pick,8.18,603,1402,6
2026-03-10,OP-038,Ambient Pick,7.72,504,962,6
2026-03-10,OP-039,Ambient Pick,1.83,64,214,0
2026-03-10,OP-039,Chilled Pick,5.52,163,506,4
2026-03-10,OP-040,Ambient Pick,0.94,94,151,2
2026-03-10,OP-040,Chilled Pick,7.08,509,1396,4
2026-03-10,OP-041,Chilled Pick,0.96,46,153,0
2026-03-10,OP-041,Ambient Pick,5.53,377,851,1
2026-03-10,OP-043,Bulk,2.78,66,135,0
2026-03-10,OP-043,Ambient Pick,5.99,247,593,1
2026-03-10,OP-044,Bulk,6.18,193,430,1
2026-03-10,OP-046,Ambient Pick,4.57,325,684,3
2026-03-10,OP-046,Bulk,2.04,66,137,1
2026-03-10,OP-047,Returns,7.84,162,322,4
2026-03-10,OP-048,Ambient Pick,8.47,593,1697,4
2026-03-11,OP-001,Chilled Pick,3.97,253,523,2
2026-03-11,OP-001,Bulk,4.31,187,453,0
2026-03-11,OP-002,Chilled Pick,3.29,188,482,0
2026-03-11,OP-002,Ambient Pick,4.75,325,983,2
2026-03-11,OP-003,Ambient Pick,2.68,188,550,0
2026-03-11,OP-003,Bulk,5.86,235,427,1
2026-03-11,OP-005,Ambient Pick,6.35,522,1528,2
2026-03-11,OP-005,Chilled Pick,1.4,98,233,1
2026-03-11,OP-007,Ambient Pick,8.24,758,1439,0
2026-03-11,OP-008,Bulk,5.15,142,320,4
2026-03-11,OP-008,Chilled Pick,2.43,112,269,0
2026-03-11,OP-010,Bulk,7.05,338,990,1
2026-03-11,OP-011,Ambient Pick,4.8,251,721,0
2026-03-11,OP-011,Returns,2.49,59,133,0
2026-03-11,OP-014,Chilled Pick,7.33,450,816,1
2026-03-11,OP-015,Bulk,0.74,25,45,0
2026-03-11,OP-015,Ambient Pick,7.05,370,878,1
2026-03-11,OP-017,Bulk,6.85,300,666,1
2026-03-11,OP-018,Ambient Pick,6.89,485,1059,2
2026-03-11,OP-019,Chilled Pick,7.31,436,956,3
2026-03-11,OP-020,Bulk,5.31,193,337,2
2026-03-11,OP-020,Ambient Pick,2.27,158,279,1
2026-03-11,OP-021,Chilled Pick,3.04,197,558,1
2026-03-11,OP-021,Bulk,4.82,223,376,0
2026-03-11,OP-022,Ambient Pick,3.47,226,665,3
2026-03-11,OP-022,Bulk,3.39,96,288,1
2026-03-11,OP-023,Bulk,7.82,349,841,0
2026-03-11,OP-024,Ambient Pick,8.7,565,1749,1
2026-03-11,OP-025,Ambient Pick,7.72,699,2037,3
2026-03-11,OP-026,Chilled Pick,7.13,449,1197,2
2026-03-11,OP-027,Chilled Pick,6.45,358,977,2
2026-03-11,OP-027,Ambient Pick,2.15,162,495,0
2026-03-11,OP-028,Returns,7.61,279,476,3
2026-03-11,OP-029,Bulk,6.86,278,603,1
2026-03-11,OP-030,Bulk,6.75,253,490,2
2026-03-11,OP-030,Ambient Pick,1.54,104,261,0
2026-03-11,OP-032,Chilled Pick,7.19,577,1318,4
2026-03-11,OP-033,Bulk,6.63,343,1052,1
2026-03-11,OP-034,Chilled Pick,4.97,282,516,1
2026-03-11,OP-034,Returns,2.17,72,123,1
2026-03-11,OP-035,Ambient Pick,3.71,249,474,1
2026-03-11,OP-035,Chilled Pick,3.02,201,325,5
2026-03-11,OP-036,Ambient Pick,7.28,705,1681,5
2026-03-11,OP-040,Chilled Pick,4.94,381,1172,4
2026-03-11,OP-040,Ambient Pick,2.79,284,625,2
2026-03-11,OP-041,Ambient Pick,6.73,366,613,2
2026-03-11,OP-042,Bulk,6.9,298,513,0
2026-03-11,OP-044,Chilled Pick,8.21,369,972,2
2026-03-11,OP-046,Returns,7.14,244,695,0
2026-03-11,OP-047,Bulk,7.62,223,678,3
2026-03-12,OP-001,Bulk,2.68,123,256,0
2026-03-12,OP-001,Chilled Pick,4.79,352,661,4
2026-03-12,OP-003,Ambient Pick,0.77,75,132,1
2026-03-12,OP-003,Returns,6.2,206,403,5
2026-03-12,OP-004,Ambient Pick,7.96,623,1282,1
2026-03-12,OP-007,Returns,7.85,259,575,3
2026-03-12,OP-008,Returns,7.33,183,398,3
2026-03-12,OP-008,Bulk,0.68,24,67,0
2026-03-12,OP-009,Returns,7.94,244,810,0
2026-03-12,OP-010,Returns,8.51,292,490,2
2026-03-12,OP-011,Ambient Pick,5.58,304,1021,1
2026-03-12,OP-011,Chilled Pick,2.89,111,317,0
2026-03-12,OP-012,Returns,8.03,299,605,5
2026-03-12,OP-013,Bulk,7.57,318,552,0
2026-03-12,OP-014,Chilled Pick,8.16,501,820,0
2026-03-12,OP-017,Ambient Pick,7.37,581,1925,0
2026-03-12,OP-018,Chilled Pick,4.74,307,692,0
2026-03-12,OP-018,Ambient Pick,2.87,249,408,0
2026-03-12,OP-019,Chilled Pick,7.35,402,1247,0
2026-03-12,OP-020,Chilled Pick,2.32,126,219,4
2026-03-12,OP-020,Ambient Pick,6.22,476,1343,2
2026-03-12,OP-021,Ambient Pick,6.46,557,1055,0
2026-03-12,OP-022,Ambient Pick,8.25,510,895,2
2026-03-12,OP-023,Chilled Pick,8.49,524,1289,2
2026-03-12,OP-024,Returns,6.78,197,388,1
2026-03-12,OP-026,Ambient Pick,3.72,282,829,1
2026-03-12,OP-026,Chilled Pick,4.22,298,644,0
2026-03-12,OP-027,Chilled Pick,7.52,457,1041,0
2026-03-12,OP-028,Ambient Pick,5.18,390,1101,3
2026-03-12,OP-028,Chilled Pick,3.02,187,600,1
2026-03-12,OP-029,Ambient Pick,7.88,551,1675,2
2026-03-12,OP-030,Ambient Pick,7.8,497,1426,5
2026-03-12,OP-031,Chilled Pick,8.12,491,871,3
2026-03-12,OP-032,Chilled Pick,8.14,628,1996,0
2026-03-12,OP-033,Ambient Pick,8.2,637,2148,2
2026-03-12,OP-035,Ambient Pick,7.92,626,1555,5
2026-03-12,OP-036,Chilled Pick,7.48,485,859,0
2026-03-12,OP-037,Ambient Pick,6.88,543,1685,1
2026-03-12,OP-037,Chilled Pick,0.85,54,139,0
2026-03-12,OP-038,Ambient Pick,7.49,436,1345,7
2026-03-12,OP-040,Chilled Pick,6.99,593,1890,7
2026-03-12,OP-041,Ambient Pick,9.5,556,1680,3
2026-03-12,OP-042,Bulk,6.95,291,687,2
2026-03-12,OP-044,Chilled Pick,7.39,303,991,1
2026-03-12,OP-048,Ambient Pick,6.39,481,1405,6
2026-03-13,OP-001,Ambient Pick,4.12,277,549,2
2026-03-13,OP-001,Chilled Pick,2.97,200,655,1
2026-03-13,OP-002,Chilled Pick,0.61,37,116,0
2026-03-13,OP-002,Bulk,6.67,305,910,1
2026-03-13,OP-003,Ambient Pick,2.73,214,531,0
2026-03-13,OP-003,Bulk,3.48,163,513,0
2026-03-13,OP-004,Bulk,7.26,275,762,1
2026-03-13,OP-005,Ambient Pick,5.65,509,942,3
2026-03-13,OP-005,Bulk,2.96,147,281,1
2026-03-13,OP-008,Ambient Pick,8.07,439,1038,5
2026-03-13,OP-010,Ambient Pick,7.46,609,1961,4
2026-03-13,OP-011,Chilled Pick,7.84,285,615,2
2026-03-13,OP-012,Bulk,4.88,251,457,0
2026-03-13,OP-012,Ambient Pick,1.86,171,512,3
2026-03-13,OP-013,Chilled Pick,7.46,463,1341,1
2026-03-13,OP-014,Ambient Pick,6.85,464,1100,1
2026-03-13,OP-017,Chilled Pick,0.57,37,75,0
2026-03-13,OP-017,Ambient Pick,7.84,639,1543,0
2026-03-13,OP-019,Bulk,4.34,183,512,0
2026-03-13,OP-019,Ambient Pick,2.83,212,423,1
2026-03-13,OP-020,Chilled Pick,5.38,319,802,0
2026-03-13,OP-020,Bulk,1.35,61,142,0
2026-03-13,OP-021,Returns,7.62,275,892,1
2026-03-13,OP-022,Chilled Pick,2.43,125,360,1
2026-03-13,OP-022,Ambient Pick,5.48,338,648,4
2026-03-13,OP-023,Chilled Pick,7.96,514,1403,2
2026-03-13,OP-025,Bulk,7.99,371,1124,4
2026-03-13,OP-026,Ambient Pick,8.02,697,1132,1
2026-03-13,OP-027,Chilled Pick,6.72,428,1035,3
2026-03-13,OP-028,Chilled Pick,7.77,473,1138,0
2026-03-13,OP-029,Chilled Pick,2.74,138,244,1
2026-03-13,OP-029,Ambient Pick,3.58,234,489,0
2026-03-13,OP-030,Chilled Pick,6.62,355,741,2
2026-03-13,OP-031,Bulk,7.82,303,990,0
2026-03-13,OP-032,Bulk,7.04,369,628,0
2026-03-13,OP-034,Ambient Pick,8.35,614,1079,0
2026-03-13,OP-035,Returns,8.45,298,978,4
2026-03-13,OP-036,Ambient Pick,7.81,644,1585,4
2026-03-13,OP-037,Ambient Pick,2.29,168,281,0
2026-03-13,OP-037,Bulk,3.83,170,408,0
2026-03-13,OP-038,Chilled Pick,7.27,378,780,2
2026-03-13,OP-039,Ambient Pick,7.84,287,938,4
2026-03-13,OP-040,Ambient Pick,7.6,711,1239,5
2026-03-13,OP-042,Ambient Pick,7.4,605,1899,3
2026-03-13,OP-043,Returns,7.59,134,424,3
2026-03-13,OP-044,Bulk,8.08,237,491,1
2026-03-13,OP-046,Bulk,4.74,193,564,2
2026-03-13,OP-046,Ambient Pick,1.89,146,342,1
2026-03-13,OP-047,Chilled Pick,7.55,292,530,8
2026-03-13,OP-048,Chilled Pick,7.35,452,1453,6
2026-03-13,OP-048,Bulk,0.62,24,52,0
2026-03-14,OP-001,Ambient Pick,7.36,597,1897,1
2026-03-14,OP-002,Ambient Pick,7.83,657,2161,3
2026-03-14,OP-003,Chilled Pick,0.86,46,156,0
2026-03-14,OP-003,Ambient Pick,7.44,627,1594,3
2026-03-14,OP-004,Returns,5.66,190,419,0
2026-03-14,OP-004,Ambient Pick,2.21,157,502,1
2026-03-14,OP-005,Returns,9.01,330,586,3
2026-03-14,OP-007,Bulk,4.81,231,392,0
2026-03-14,OP-007,Ambient Pick,3.1,277,496,1
2026-03-14,OP-008,Returns,7.82,203,688,2
2026-03-14,OP-009,Bulk,6.14,221,534,1
2026-03-14,OP-009,Ambient Pick,1.57,95,275,0
2026-03-14,OP-010,Ambient Pick,7.2,625,2100,3
2026-03-14,OP-012,Ambient Pick,7.95,650,2047,3
2026-03-14,OP-014,Bulk,6.87,274,723,0
2026-03-14,OP-017,Bulk,9.12,426,1340,2
2026-03-14,OP-018,Ambient Pick,7.05,590,1321,2
2026-03-14,OP-019,Ambient Pick,7.13,583,1940,1
2026-03-14,OP-020,Bulk,6.8,308,536,1
2026-03-14,OP-021,Ambient Pick,7.84,653,1430,0
2026-03-14,OP-022,Ambient Pick,7.64,468,1393,1
2026-03-14,OP-023,Chilled Pick,8.21,509,1524,3
2026-03-14,OP-024,Ambient Pick,7.52,529,979,4
2026-03-14,OP-025,Chilled Pick,6.48,428,746,0
2026-03-14,OP-025,Returns,1.29,43,142,0
2026-03-14,OP-026,Ambient Pick,7.39,733,1392,4
2026-03-14,OP-027,Ambient Pick,6.73,519,1109,1
2026-03-14,OP-028,Returns,8.25,287,659,3
2026-03-14,OP-029,Chilled Pick,7.29,422,681,2
2026-03-14,OP-030,Bulk,7.42,270,863,1
2026-03-14,OP-031,Ambient Pick,7.96,552,1872,2
2026-03-14,OP-032,Ambient Pick,7.95,818,1796,4
2026-03-14,OP-033,Ambient Pick,7.14,668,1222,1
2026-03-14,OP-035,Bulk,2.82,122,328,0
2026-03-14,OP-035,Ambient Pick,5.52,453,1355,3
2026-03-14,OP-036,Chilled Pick,0.88,69,118,0
2026-03-14,OP-036,Ambient Pick,6.71,689,1168,2
2026-03-14,OP-037,Ambient Pick,7.58,566,1630,0
2026-03-14,OP-037,Chilled Pick,0.7,36,108,0
2026-03-14,OP-038,Bulk,6.55,214,414,0
2026-03-14,OP-039,Chilled Pick,6.6,183,309,4
2026-03-14,OP-040,Bulk,7.49,378,1220,3
2026-03-14,OP-041,Ambient Pick,7.47,438,739,3
2026-03-14,OP-042,Ambient Pick,1.92,155,341,0
2026-03-14,OP-042,Chilled Pick,5.7,393,925,6
2026-03-14,OP-043,Ambient Pick,6.87,295,674,5
2026-03-14,OP-044,Ambient Pick,7.47,369,1073,0
2026-03-14,OP-046,Ambient Pick,7.76,546,1440,5
2026-03-14,OP-047,Chilled Pick,4.49,202,631,3
2026-03-14,OP-047,Returns,4.13,92,190,4
2026-03-14,OP-048,Ambient Pick,6.9,611,1190,4
2026-03-16,OP-001,Bulk,7.32,393,888,1
2026-03-16,OP-002,Returns,6.78,276,512,1
2026-03-16,OP-003,Chilled Pick,6.99,516,1069,5
2026-03-16,OP-004,Ambient Pick,7.31,732,2438,1
2026-03-16,OP-005,Ambient Pick,7.67,765,2491,9
2026-03-16,OP-007,Bulk,6.36,379,893,3
2026-03-16,OP-008,Chilled Pick,2.54,124,267,0
2026-03-16,OP-008,Ambient Pick,5.54,397,1140,6
2026-03-16,OP-010,Ambient Pick,7.83,684,1530,1
2026-03-16,OP-011,Ambient Pick,6.28,392,909,7
2026-03-16,OP-012,Ambient Pick,8.15,808,1677,2
2026-03-16,OP-013,Chilled Pick,7.0,434,843,0
2026-03-16,OP-017,Ambient Pick,8.11,824,1925,6
2026-03-16,OP-018,Ambient Pick,7.9,705,2078,2
2026-03-16,OP-019,Bulk,6.81,347,643,0
2026-03-16,OP-020,Ambient Pick,8.82,771,1678,5
2026-03-16,OP-021,Bulk,7.75,450,1253,0
2026-03-16,OP-022,Chilled Pick,8.04,451,821,2
2026-03-16,OP-023,Bulk,4.8,251,666,2
2026-03-16,OP-023,Ambient Pick,2.46,244,425,0
2026-03-16,OP-024,Ambient Pick,8.06,688,2225,1
2026-03-16,OP-025,Ambient Pick,7.79,688,1588,4
2026-03-16,OP-026,Bulk,8.38,432,1460,0
2026-03-16,OP-027,Chilled Pick,8.44,505,973,2
2026-03-16,OP-028,Bulk,7.18,302,747,0
2026-03-16,OP-029,Ambient Pick,1.04,89,166,0
2026-03-16,OP-029,Bulk,6.92,289,658,1
2026-03-16,OP-030,Returns,6.78,247,835,3
2026-03-16,OP-031,Bulk,4.19,180,474,1
2026-03-16,OP-031,Chilled Pick,2.77,187,458,1
2026-03-16,OP-032,Ambient Pick,7.12,760,1739,2
2026-03-16,OP-033,Ambient Pick,9.05,920,1635,8
2026-03-16,OP-034,Chilled Pick,8.48,567,1245,3
2026-03-16,OP-035,Chilled Pick,7.96,665,2144,7
2026-03-16,OP-036,Ambient Pick,2.53,287,752,0
2026-03-16,OP-036,Chilled Pick,4.02,372,876,2
2026-03-16,OP-039,Returns,3.7,68,117,4
2026-03-16,OP-039,Bulk,4.05,95,153,0
2026-03-16,OP-041,Ambient Pick,7.72,561,1547,5
2026-03-16,OP-042,Ambient Pick,7.02,697,2123,4
2026-03-16,OP-043,Ambient Pick,8.22,412,864,11
2026-03-16,OP-044,Bulk,8.6,230,455,0
2026-03-16,OP-046,Bulk,7.89,367,780,1
2026-03-16,OP-047,Ambient Pick,7.94,450,1180,11
2026-03-16,OP-048,Chilled Pick,6.27,450,1006,7
2026-03-17,OP-001,Chilled Pick,7.63,449,1170,0
2026-03-17,OP-002,Chilled Pick,1.78,98,159,0
2026-03-17,OP-002,Bulk,5.47,259,552,1
2026-03-17,OP-003,Bulk,4.71,242,400,0
2026-03-17,OP-003,Ambient Pick,3.11,229,427,1
2026-03-17,OP-004,Ambient Pick,7.48,571,976,0
2026-03-17,OP-008,Bulk,8.31,260,609,2
2026-03-17,OP-009,Ambient Pick,5.42,363,1101,0
2026-03-17,OP-009,Bulk,1.55,55,92,0
2026-03-17,OP-010,Ambient Pick,8.35,625,1718,1
2026-03-17,OP-011,Ambient Pick,6.03,280,617,2
2026-03-17,OP-014,Chilled Pick,4.8,248,592,0
2026-03-17,OP-014,Ambient Pick,1.71,123,310,0
2026-03-17,OP-015,Ambient Pick,7.71,386,675,0
2026-03-17,OP-018,Ambient Pick,7.5,700,1877,2
2026-03-17,OP-019,Chilled Pick,7.24,408,1022,1
2026-03-17,OP-020,Chilled Pick,9.1,634,1140,5
2026-03-17,OP-022,Ambient Pick,8.38,548,1621,1
2026-03-17,OP-023,Returns,6.42,220,730,2
2026-03-17,OP-024,Chilled Pick,5.36,325,1087,2
2026-03-17,OP-024,Bulk,2.81,105,198,0
2026-03-17,OP-025,Ambient Pick,6.54,578,1517,3
2026-03-17,OP-026,Bulk,7.14,351,830,0
2026-03-17,OP-027,Chilled Pick,7.34,458,1181,1
2026-03-17,OP-028,Ambient Pick,9.29,711,1830,2
2026-03-17,OP-030,Bulk,8.02,302,851,0
2026-03-17,OP-031,Bulk,1.31,53,158,0
2026-03-17,OP-031,Ambient Pick,6.08,506,1097,5
2026-03-17,OP-032,Bulk,8.2,396,1097,0
2026-03-17,OP-033,Bulk,8.39,429,841,2
2026-03-17,OP-035,Chilled Pick,8.8,533,986,8
2026-03-17,OP-036,Chilled Pick,7.1,532,1492,6
2026-03-17,OP-036,Ambient Pick,1.81,142,289,2
2026-03-17,OP-038,Ambient Pick,7.65,499,1290,2
2026-03-17,OP-039,Ambient Pick,7.21,262,694,4
2026-03-17,OP-041,Ambient Pick,6.28,391,635,2
2026-03-17,OP-041,Bulk,1.09,40,73,0
2026-03-17,OP-042,Ambient Pick,6.38,569,1553,3
2026-03-17,OP-043,Chilled Pick,7.34,253,756,6
2026-03-17,OP-044,Bulk,6.93,197,321,1
2026-03-17,OP-046,Bulk,7.49,305,916,3
2026-03-17,OP-047,Ambient Pick,6.99,373,1183,3
2026-03-17,OP-048,Bulk,7.03,276,654,0
2026-03-18,OP-002,Ambient Pick,6.3,508,1118,0
2026-03-18,OP-003,Ambient Pick,4.24,346,843,2
2026-03-18,OP-003,Chilled Pick,3.7,251,734,1
2026-03-18,OP-004,Bulk,6.71,302,892,1
2026-03-18,OP-004,Ambient Pick,0.62,46,121,0
2026-03-18,OP-005,Ambient Pick,6.62,555,1079,5
2026-03-18,OP-007,Bulk,7.83,391,641,2
2026-03-18,OP-008,Chilled Pick,7.94,376,864,8
2026-03-18,OP-010,Bulk,7.92,359,1159,0
2026-03-18,OP-011,Returns,0.55,13,22,0
2026-03-18,OP-011,Chilled Pick,7.1,305,626,3
2026-03-18,OP-012,Bulk,4.18,235,397,1
2026-03-18,OP-012,Chilled Pick,3.86,273,459,1
2026-03-18,OP-013,Ambient Pick,8.61,741,2410,7
2026-03-18,OP-014,Ambient Pick,7.85,547,1489,1
2026-03-18,OP-015,Bulk,7.46,249,779,1
2026-03-18,OP-018,Chilled Pick,7.46,479,1551,0
2026-03-18,OP-019,Ambient Pick,6.17,455,1167,1
2026-03-18,OP-019,Chilled Pick,2.25,113,307,0
2026-03-18,OP-020,Ambient Pick,7.4,603,1569,4
2026-03-18,OP-021,Ambient Pick,8.11,799,1520,1
2026-03-18,OP-022,Ambient Pick,7.9,524,1776,1
2026-03-18,OP-024,Ambient Pick,7.16,465,1352,3
2026-03-18,OP-025,Ambient Pick,7.71,597,1394,3
2026-03-18,OP-026,Returns,8.36,309,591,2
2026-03-18,OP-027,Returns,7.23,217,452,1
2026-03-18,OP-029,Bulk,8.48,365,802,1
2026-03-18,OP-030,Ambient Pick,3.95,254,581,3
2026-03-18,OP-030,Bulk,2.73,109,214,1
2026-03-18,OP-031,Ambient Pick,2.1,155,348,0
2026-03-18,OP-031,Chilled Pick,5.41,311,560,1
2026-03-18,OP-034,Ambient Pick,8.28,581,1579,3
2026-03-18,OP-035,Bulk,7.36,328,585,6
2026-03-18,OP-036,Chilled Pick,6.45,447,1320,1
2026-03-18,OP-037,Chilled Pick,6.81,404,1247,1
2026-03-18,OP-038,Bulk,7.37,275,569,1
2026-03-18,OP-041,Chilled Pick,2.0,96,202,0
2026-03-18,OP-041,Bulk,5.23,189,577,2
2026-03-18,OP-042,Chilled Pick,7.02,411,961,0
2026-03-18,OP-043,Bulk,3.64,80,267,1
2026-03-18,OP-043,Chilled Pick,3.99,131,428,2
2026-03-18,OP-044,Returns,7.69,156,500,2
2026-03-18,OP-046,Chilled Pick,7.19,393,652,2
2026-03-18,OP-047,Bulk,8.92,284,518,2
2026-03-18,OP-048,Chilled Pick,6.86,407,1205,5
2026-03-19,OP-001,Bulk,6.75,273,649,3
2026-03-19,OP-002,Chilled Pick,1.3,88,225,1
2026-03-19,OP-002,Ambient Pick,6.29,515,1022,3
2026-03-19,OP-003,Chilled Pick,8.02,412,762,1
2026-03-19,OP-004,Bulk,7.55,351,897,0
2026-03-19,OP-005,Ambient Pick,7.56,617,2044,5
2026-03-19,OP-009,Ambient Pick,1.45,101,236,0
2026-03-19,OP-009,Chilled Pick,6.18,291,590,4
2026-03-19,OP-010,Chilled Pick,2.53,171,467,0
2026-03-19,OP-010,Ambient Pick,5.21,408,1115,1
2026-03-19,OP-011,Bulk,7.97,238,448,2
2026-03-19,OP-012,Ambient Pick,7.14,623,1460,2
2026-03-19,OP-013,Returns,6.48,212,371,3
2026-03-19,OP-013,Ambient Pick,2.21,179,304,0
2026-03-19,OP-014,Bulk,5.76,248,750,0
2026-03-19,OP-014,Ambient Pick,1.84,144,454,0
2026-03-19,OP-015,Chilled Pick,5.03,215,475,0
2026-03-19,OP-015,Bulk,3.06,94,200,0
2026-03-19,OP-017,Chilled Pick,7.46,467,1377,1
2026-03-19,OP-018,Bulk,6.93,341,896,2
2026-03-19,OP-018,Chilled Pick,0.74,50,122,0
2026-03-19,OP-019,Ambient Pick,7.81,590,1659,2
2026-03-19,OP-021,Ambient Pick,7.89,741,1445,3
2026-03-19,OP-022,Ambient Pick,6.61,432,1381,2
2026-03-19,OP-023,Chilled Pick,8.29,582,1113,4
2026-03-19,OP-024,Bulk,7.35,258,661,2
2026-03-19,OP-026,Ambient Pick,6.5,527,1118,2
2026-03-19,OP-027,Ambient Pick,8.29,619,1039,3
2026-03-19,OP-028,Ambient Pick,8.64,602,1078,3
2026-03-19,OP-029,Ambient Pick,6.89,527,1409,2
2026-03-19,OP-030,Chilled Pick,1.95,119,291,1
2026-03-19,OP-030,Bulk,5.53,196,583,0
2026-03-19,OP-031,Bulk,2.24,91,198,0
2026-03-19,OP-031,Ambient Pick,5.86,457,1292,0
2026-03-19,OP-032,Chilled Pick,8.62,544,1417,0
2026-03-19,OP-033,Bulk,8.27,369,714,4
2026-03-19,OP-034,Chilled Pick,7.57,437,760,2
2026-03-19,OP-035,Ambient Pick,7.25,519,1722,2
2026-03-19,OP-036,Chilled Pick,6.41,476,1296,0
2026-03-19,OP-037,Bulk,6.78,313,903,1
2026-03-19,OP-038,Bulk,6.53,246,591,4
2026-03-19,OP-038,Returns,0.95,26,55,0
2026-03-19,OP-040,Ambient Pick,7.57,840,2499,17
2026-03-19,OP-041,Bulk,7.11,275,678,0
2026-03-19,OP-042,Chilled Pick,8.07,428,1278,2
2026-03-19,OP-043,Chilled Pick,6.88,253,806,3
2026-03-19,OP-044,Ambient Pick,7.41,435,1328,2
2026-03-19,OP-046,Chilled Pick,7.38,439,1225,4
2026-03-19,OP-047,Ambient Pick,3.34,191,490,5
2026-03-19,OP-047,Bulk,4.82,139,279,2
2026-03-19,OP-048,Bulk,7.7,318,975,2
2026-03-20,OP-001,Ambient Pick,6.88,559,1239,2
2026-03-20,OP-001,Chilled Pick,0.59,40,117,0
2026-03-20,OP-002,Ambient Pick,6.61,509,1475,0
2026-03-20,OP-003,Ambient Pick,7.84,606,1811,4
2026-03-20,OP-004,Ambient Pick,7.56,543,906,2
2026-03-20,OP-008,Ambient Pick,7.96,502,1476,3
2026-03-20,OP-009,Chilled Pick,8.65,484,1347,1
2026-03-20,OP-011,Ambient Pick,5.67,280,899,3
2026-03-20,OP-011,Chilled Pick,2.03,87,221,1
2026-03-20,OP-012,Returns,1.96,75,182,0
2026-03-20,OP-012,Ambient Pick,5.75,446,1074,4
2026-03-20,OP-013,Chilled Pick,7.04,359,638,2
2026-03-20,OP-015,Chilled Pick,2.3,107,290,1
2026-03-20,OP-015,Ambient Pick,4.83,260,708,1
2026-03-20,OP-017,Chilled Pick,6.73,417,1180,4
2026-03-20,OP-018,Ambient Pick,8.77,729,1618,4
2026-03-20,OP-019,Bulk,8.03,360,786,1
2026-03-20,OP-020,Ambient Pick,3.72,250,682,1
2026-03-20,OP-020,Chilled Pick,4.45,258,478,1
2026-03-20,OP-021,Chilled Pick,7.59,521,952,1
2026-03-20,OP-022,Chilled Pick,6.47,285,629,0
2026-03-20,OP-022,Bulk,2.11,83,139,0
2026-03-20,OP-023,Ambient Pick,6.56,544,1555,3
2026-03-20,OP-024,Ambient Pick,6.83,463,991,0
2026-03-20,OP-025,Ambient Pick,8.18,678,2062,2
2026-03-20,OP-028,Returns,7.31,256,570,3
2026-03-20,OP-029,Ambient Pick,7.75,573,1211,2
2026-03-20,OP-030,Returns,8.24,257,765,3
2026-03-20,OP-030,Ambient Pick,0.78,53,131,0
2026-03-20,OP-031,Ambient Pick,7.47,478,1098,3
2026-03-20,OP-032,Ambient Pick,8.29,896,1993,2
2026-03-20,OP-033,Bulk,7.32,344,1024,1
2026-03-20,OP-034,Ambient Pick,7.89,645,1834,2
2026-03-20,OP-035,Ambient Pick,8.04,569,925,6
2026-03-20,OP-036,Returns,7.49,281,904,1
2026-03-20,OP-037,Chilled Pick,2.13,133,343,1
2026-03-20,OP-037,Bulk,6.1,297,959,0
2026-03-20,OP-038,Bulk,8.5,319,881,3
2026-03-20,OP-039,Chilled Pick,8.05,263,587,4
2026-03-20,OP-041,Ambient Pick,7.27,412,1029,1
2026-03-20,OP-042,Ambient Pick,8.9,807,2629,5
2026-03-20,OP-043,Bulk,7.88,194,579,3
2026-03-20,OP-044,Chilled Pick,8.27,351,691,1
2026-03-20,OP-046,Ambient Pick,2.62,189,330,0
2026-03-20,OP-046,Bulk,4.81,194,598,2
2026-03-20,OP-047,Ambient Pick,7.98,354,900,6
2026-03-20,OP-048,Chilled Pick,3.98,239,583,0
2026-03-20,OP-048,Ambient Pick,3.95,271,619,4
2026-03-21,OP-001,Returns,1.73,61,150,0
2026-03-21,OP-001,Chilled Pick,5.81,329,829,4
2026-03-21,OP-002,Ambient Pick,6.81,516,1109,2
2026-03-21,OP-004,Returns,6.87,222,674,1
2026-03-21,OP-005,Returns,8.11,294,825,2
2026-03-21,OP-008,Ambient Pick,7.47,465,979,1
2026-03-21,OP-010,Ambient Pick,7.82,490,823,1
2026-03-21,OP-011,Ambient Pick,6.52,370,707,3
2026-03-21,OP-012,Ambient Pick,7.91,725,1800,4
2026-03-21,OP-013,Ambient Pick,7.91,503,1366,1
2026-03-21,OP-014,Ambient Pick,8.49,648,1657,3
2026-03-21,OP-017,Ambient Pick,7.29,575,1704,2
2026-03-21,OP-018,Bulk,7.46,374,785,0
2026-03-21,OP-019,Bulk,7.81,339,1051,0
2026-03-21,OP-020,Chilled Pick,5.68,346,1167,2
2026-03-21,OP-020,Bulk,2.71,119,344,1
2026-03-21,OP-021,Chilled Pick,7.49,440,817,1
2026-03-21,OP-022,Ambient Pick,7.16,514,986,4
2026-03-21,OP-023,Ambient Pick,7.96,678,1964,3
2026-03-21,OP-024,Ambient Pick,8.36,592,1182,4
2026-03-21,OP-025,Ambient Pick,4.28,355,1174,0
2026-03-21,OP-025,Chilled Pick,3.85,249,767,1
2026-03-21,OP-026,Returns,7.79,292,957,0
2026-03-21,OP-026,Ambient Pick,0.65,55,136,1
2026-03-21,OP-027,Ambient Pick,8.44,579,1492,1
2026-03-21,OP-028,Bulk,7.96,360,1070,1
2026-03-21,OP-029,Chilled Pick,7.92,512,1050,2
2026-03-21,OP-030,Chilled Pick,6.99,428,1128,0
2026-03-21,OP-031,Bulk,2.53,102,268,0
2026-03-21,OP-031,Ambient Pick,5.02,363,1166,1
2026-03-21,OP-034,Bulk,7.83,310,546,0
2026-03-21,OP-035,Chilled Pick,7.99,470,884,7
2026-03-21,OP-036,Ambient Pick,2.79,253,559,0
2026-03-21,OP-036,Chilled Pick,5.44,421,824,3
2026-03-21,OP-037,Chilled Pick,6.94,431,980,1
2026-03-21,OP-038,Ambient Pick,7.26,370,1102,2
2026-03-21,OP-039,Chilled Pick,7.18,204,482,2
2026-03-21,OP-040,Ambient Pick,7.96,745,2173,6
2026-03-21,OP-041,Bulk,1.35,40,88,0
2026-03-21,OP-041,Chilled Pick,6.76,342,1057,1
2026-03-21,OP-042,Chilled Pick,6.56,427,1354,9
2026-03-21,OP-043,Ambient Pick,7.57,365,735,4
2026-03-21,OP-044,Bulk,7.41,214,622,0
2026-03-21,OP-044,Ambient Pick,0.62,32,79,0
2026-03-21,OP-046,Chilled Pick,7.3,379,648,4
2026-03-21,OP-047,Ambient Pick,7.71,385,1122,5
2026-03-21,OP-048,Ambient Pick,1.07,73,229,1
2026-03-21,OP-048,Bulk,6.11,258,519,2
2026-03-23,OP-001,Ambient Pick,6.4,592,1403,6
2026-03-23,OP-002,Chilled Pick,7.74,591,993,1
2026-03-23,OP-003,Ambient Pick,7.48,724,1274,3
2026-03-23,OP-004,Bulk,6.38,330,677,0
2026-03-23,OP-005,Chilled Pick,8.41,773,2036,8
2026-03-23,OP-007,Returns,6.17,300,579,1
2026-03-23,OP-008,Ambient Pick,7.55,523,1434,5
2026-03-23,OP-009,Ambient Pick,3.39,280,805,1
2026-03-23,OP-009,Chilled Pick,4.21,279,645,2
2026-03-23,OP-011,Returns,7.64,242,750,2
2026-03-23,OP-014,Ambient Pick,0.94,85,177,0
2026-03-23,OP-014,Chilled Pick,7.41,502,1674,3
2026-03-23,OP-015,Ambient Pick,7.62,505,1298,3
2026-03-23,OP-017,Bulk,5.74,289,598,1
2026-03-23,OP-017,Ambient Pick,1.49,138,280,0
2026-03-23,OP-018,Ambient Pick,1.25,128,224,0
2026-03-23,OP-018,Chilled Pick,6.75,542,1429,0
2026-03-23,OP-019,Chilled Pick,7.46,531,1586,3
2026-03-23,OP-020,Ambient Pick,4.65,386,639,2
2026-03-23,OP-020,Bulk,3.14,151,487,0
2026-03-23,OP-021,Ambient Pick,3.25,328,877,1
2026-03-23,OP-021,Returns,4.63,194,310,1
2026-03-23,OP-023,Ambient Pick,6.0,557,1525,2
2026-03-23,OP-023,Bulk,2.92,171,374,0
2026-03-23,OP-024,Bulk,7.91,391,902,1
2026-03-23,OP-025,Bulk,7.0,423,987,2
2026-03-23,OP-026,Ambient Pick,6.23,619,1503,5
2026-03-23,OP-027,Ambient Pick,6.12,553,1596,0
2026-03-23,OP-027,Bulk,0.85,38,87,0
2026-03-23,OP-029,Returns,8.06,302,882,4
2026-03-23,OP-030,Bulk,8.97,440,1069,1
2026-03-23,OP-031,Ambient Pick,3.12,288,683,3
2026-03-23,OP-031,Chilled Pick,3.5,253,813,0
2026-03-23,OP-032,Ambient Pick,6.18,653,1303,3
2026-03-23,OP-033,Returns,7.8,340,880,2
2026-03-23,OP-034,Bulk,7.9,367,771,0
2026-03-23,OP-035,Returns,7.44,295,495,4
2026-03-23,OP-036,Ambient Pick,6.49,662,1741,1
2026-03-23,OP-037,Ambient Pick,6.52,617,1890,7
2026-03-23,OP-038,Ambient Pick,4.38,327,598,2
2026-03-23,OP-038,Chilled Pick,2.67,152,407,3
2026-03-23,OP-039,Ambient Pick,8.46,391,1015,4
2026-03-23,OP-040,Bulk,1.62,90,279,1
2026-03-23,OP-040,Ambient Pick,5.94,612,1267,6
2026-03-23,OP-041,Ambient Pick,7.69,574,1127,4
2026-03-23,OP-042,Ambient Pick,7.47,672,1942,4
2026-03-23,OP-043,Bulk,7.3,192,463,6
2026-03-23,OP-044,Chilled Pick,2.3,107,277,0
2026-03-23,OP-044,Ambient Pick,5.23,308,1024,2
2026-03-23,OP-046,Chilled Pick,7.63,484,889,3
2026-03-23,OP-047,Chilled Pick,8.0,434,1127,10
2026-03-23,OP-048,Returns,7.03,249,747,6
2026-03-24,OP-002,Bulk,4.12,190,340,0
2026-03-24,OP-002,Ambient Pick,3.71,289,813,1
2026-03-24,OP-003,Returns,5.15,180,370,0
2026-03-24,OP-003,Bulk,1.99,76,190,0
2026-03-24,OP-004,Ambient Pick,7.55,590,1320,1
2026-03-24,OP-005,Chilled Pick,7.0,497,1367,2
2026-03-24,OP-005,Bulk,0.61,25,76,0
2026-03-24,OP-007,Bulk,6.5,372,849,1
2026-03-24,OP-008,Bulk,5.69,189,457,3
2026-03-24,OP-009,Ambient Pick,3.52,234,415,1
2026-03-24,OP-009,Returns,4.44,124,261,0
2026-03-24,OP-010,Chilled Pick,6.62,422,1253,3
2026-03-24,OP-011,Bulk,8.93,267,651,3
2026-03-24,OP-012,Chilled Pick,6.84,480,1447,4
2026-03-24,OP-013,Ambient Pick,2.53,190,463,0
2026-03-24,OP-013,Chilled Pick,5.41,283,699,2
2026-03-24,OP-015,Bulk,7.74,244,816,0
2026-03-24,OP-017,Bulk,7.78,349,605,2
2026-03-24,OP-018,Chilled Pick,7.75,503,1281,2
2026-03-24,OP-019,Ambient Pick,6.88,564,1862,3
2026-03-24,OP-020,Bulk,7.03,315,1050,0
2026-03-24,OP-020,Ambient Pick,0.85,59,199,0
2026-03-24,OP-021,Ambient Pick,7.76,612,1463,0
2026-03-24,OP-022,Chilled Pick,7.77,437,1440,4
2026-03-24,OP-023,Chilled Pick,6.96,486,805,2
2026-03-24,OP-024,Returns,8.29,220,678,1
2026-03-24,OP-026,Ambient Pick,7.11,553,1669,4
2026-03-24,OP-027,Chilled Pick,8.47,510,1536,1
2026-03-24,OP-028,Bulk,7.76,321,1024,0
2026-03-24,OP-029,Ambient Pick,7.38,529,1520,2
2026-03-24,OP-030,Ambient Pick,9.3,652,2073,6
2026-03-24,OP-031,Bulk,6.95,306,880,0
2026-03-24,OP-032,Ambient Pick,7.01,645,1961,1
2026-03-24,OP-033,Ambient Pick,6.55,617,1885,6
2026-03-24,OP-034,Bulk,8.46,388,1203,0
2026-03-24,OP-035,Chilled Pick,7.08,393,990,4
2026-03-24,OP-036,Ambient Pick,7.04,670,1349,1
2026-03-24,OP-037,Bulk,6.02,279,794,0
2026-03-24,OP-038,Bulk,7.98,269,432,3
2026-03-24,OP-039,Bulk,6.99,163,377,3
2026-03-24,OP-040,Ambient Pick,6.85,658,1088,7
2026-03-24,OP-041,Ambient Pick,6.77,431,719,1
2026-03-24,OP-042,Chilled Pick,8.01,545,1832,7
2026-03-24,OP-043,Ambient Pick,7.27,377,1094,6
2026-03-24,OP-044,Ambient Pick,6.72,333,849,3
2026-03-24,OP-046,Ambient Pick,8.2,541,1520,9
2026-03-24,OP-047,Chilled Pick,7.31,284,950,3
2026-03-24,OP-048,Returns,8.36,254,758,1
2026-03-25,OP-002,Ambient Pick,8.56,652,1288,2
2026-03-25,OP-003,Chilled Pick,2.06,123,249,0
2026-03-25,OP-003,Bulk,5.73,237,672,0
2026-03-25,OP-004,Ambient Pick,7.3,536,1195,1
2026-03-25,OP-005,Chilled Pick,7.94,554,1468,1
2026-03-25,OP-007,Returns,7.68,275,480,0
2026-03-25,OP-008,Bulk,7.85,281,475,2
2026-03-25,OP-008,Ambient Pick,0.5,32,96,0
2026-03-25,OP-009,Ambient Pick,7.61,539,1381,2
2026-03-25,OP-010,Chilled Pick,7.52,468,893,4
2026-03-25,OP-011,Returns,8.46,220,438,2
2026-03-25,OP-012,Ambient Pick,3.31,265,898,4
2026-03-25,OP-012,Bulk,4.12,186,359,0
2026-03-25,OP-013,Ambient Pick,7.73,521,1406,3
2026-03-25,OP-014,Chilled Pick,7.78,431,1074,1
2026-03-25,OP-015,Chilled Pick,2.11,88,214,1
2026-03-25,OP-015,Ambient Pick,6.19,376,1246,2
2026-03-25,OP-017,Ambient Pick,7.94,696,1452,4
2026-03-25,OP-018,Ambient Pick,7.81,667,1726,1
2026-03-25,OP-019,Chilled Pick,7.92,502,1146,0
2026-03-25,OP-021,Ambient Pick,7.21,656,1829,3
2026-03-25,OP-022,Chilled Pick,7.38,326,1003,0
2026-03-25,OP-024,Chilled Pick,8.29,379,717,5
2026-03-25,OP-025,Ambient Pick,7.3,623,1601,1
2026-03-25,OP-026,Returns,4.25,157,387,0
2026-03-25,OP-026,Ambient Pick,2.72,218,607,0
2026-03-25,OP-027,Ambient Pick,3.37,230,559,0
2026-03-25,OP-027,Chilled Pick,2.7,165,441,1
2026-03-25,OP-028,Ambient Pick,6.64,406,1326,7
2026-03-25,OP-029,Bulk,7.01,295,511,0
2026-03-25,OP-030,Ambient Pick,7.8,492,1162,1
2026-03-25,OP-031,Ambient Pick,8.14,592,1898,1
2026-03-25,OP-032,Chilled Pick,1.28,99,168,0
2026-03-25,OP-032,Bulk,7.06,358,1064,0
2026-03-25,OP-033,Bulk,2.92,137,365,0
2026-03-25,OP-033,Returns,5.5,224,502,1
2026-03-25,OP-034,Bulk,8.6,340,765,0
2026-03-25,OP-035,Ambient Pick,8.87,714,1920,4
2026-03-25,OP-036,Returns,7.64,333,537,2
2026-03-25,OP-037,Ambient Pick,7.29,587,964,2
2026-03-25,OP-038,Ambient Pick,1.86,139,224,4
2026-03-25,OP-038,Chilled Pick,5.48,296,662,0
2026-03-25,OP-040,Returns,7.64,339,854,4
2026-03-25,OP-041,Bulk,7.2,247,837,0
2026-03-25,OP-042,Chilled Pick,3.07,178,459,0
2026-03-25,OP-042,Ambient Pick,4.4,361,615,1
2026-03-25,OP-043,Chilled Pick,7.73,279,777,2
2026-03-25,OP-044,Chilled Pick,6.73,294,991,3
2026-03-25,OP-044,Returns,0.63,15,38,1
2026-03-25,OP-046,Ambient Pick,7.4,484,1334,2
2026-03-25,OP-048,Ambient Pick,7.53,593,1072,4
2026-03-26,OP-001,Chilled Pick,8.07,497,1642,1
2026-03-26,OP-002,Ambient Pick,7.4,554,981,0
2026-03-26,OP-003,Ambient Pick,7.63,609,1502,2
2026-03-26,OP-004,Chilled Pick,7.15,410,1160,2
2026-03-26,OP-005,Bulk,7.05,347,604,2
2026-03-26,OP-007,Ambient Pick,7.86,626,1757,1
2026-03-26,OP-008,Ambient Pick,1.91,103,208,0
2026-03-26,OP-008,Chilled Pick,4.9,230,607,3
2026-03-26,OP-009,Chilled Pick,7.5,397,1024,2
2026-03-26,OP-010,Ambient Pick,7.64,561,1497,4
2026-03-26,OP-011,Ambient Pick,6.86,373,639,3
2026-03-26,OP-012,Ambient Pick,7.32,601,1389,1
2026-03-26,OP-014,Ambient Pick,7.56,592,1314,2
2026-03-26,OP-015,Returns,6.81,173,401,2
2026-03-26,OP-017,Chilled Pick,7.72,434,1328,2
2026-03-26,OP-018,Ambient Pick,6.9,622,1237,2
2026-03-26,OP-019,Ambient Pick,4.64,332,1004,0
2026-03-26,OP-019,Returns,3.46,117,352,0
2026-03-26,OP-020,Ambient Pick,7.15,440,956,2
2026-03-26,OP-021,Chilled Pick,5.42,298,939,0
2026-03-26,OP-021,Bulk,1.57,70,116,0
2026-03-26,OP-023,Ambient Pick,8.5,724,2129,1
2026-03-26,OP-024,Ambient Pick,8.88,606,1584,3
2026-03-26,OP-025,Ambient Pick,7.49,691,1450,0
2026-03-26,OP-026,Ambient Pick,7.71,615,1904,0
2026-03-26,OP-027,Ambient Pick,1.0,78,218,2
2026-03-26,OP-027,Returns,6.76,241,703,0
2026-03-26,OP-028,Chilled Pick,6.97,477,1504,1
2026-03-26,OP-029,Bulk,1.45,63,166,0
2026-03-26,OP-029,Ambient Pick,4.8,387,1216,3
2026-03-26,OP-030,Ambient Pick,7.61,485,1232,2
2026-03-26,OP-031,Bulk,7.68,282,720,0
2026-03-26,OP-032,Ambient Pick,0.76,77,251,0
2026-03-26,OP-032,Bulk,7.38,361,668,0
2026-03-26,OP-033,Ambient Pick,7.52,645,1920,3
2026-03-26,OP-034,Returns,1.17,40,120,0
2026-03-26,OP-034,Chilled Pick,6.37,383,1251,2
2026-03-26,OP-035,Bulk,2.04,82,226,0
2026-03-26,OP-035,Ambient Pick,3.65,277,468,1
2026-03-26,OP-036,Chilled Pick,7.65,613,1090,3
2026-03-26,OP-037,Bulk,8.13,350,697,0
2026-03-26,OP-038,Bulk,7.96,300,948,4
2026-03-26,OP-039,Returns,7.44,135,374,2
2026-03-26,OP-040,Ambient Pick,6.9,646,1319,7
2026-03-26,OP-041,Ambient Pick,6.79,486,1472,1
2026-03-26,OP-041,Chilled Pick,1.5,73,223,0
2026-03-26,OP-042,Ambient Pick,7.57,622,1157,4
2026-03-26,OP-044,Ambient Pick,7.46,372,781,1
2026-03-26,OP-046,Ambient Pick,7.58,524,1648,2
2026-03-26,OP-047,Ambient Pick,7.78,455,1376,9
2026-03-26,OP-048,Ambient Pick,1.44,92,178,1
2026-03-26,OP-048,Chilled Pick,6.12,319,932,2
2026-03-27,OP-001,Bulk,8.25,397,672,1
2026-03-27,OP-002,Returns,6.0,222,744,2
2026-03-27,OP-002,Ambient Pick,1.47,124,279,1
2026-03-27,OP-003,Bulk,7.55,329,873,2
2026-03-27,OP-004,Bulk,6.87,286,692,1
2026-03-27,OP-005,Chilled Pick,7.15,467,1165,2
2026-03-27,OP-007,Chilled Pick,5.6,438,821,1
2026-03-27,OP-007,Ambient Pick,2.26,197,585,0
2026-03-27,OP-008,Chilled Pick,8.96,378,1062,1
2026-03-27,OP-009,Chilled Pick,2.73,137,363,3
2026-03-27,OP-009,Bulk,5.89,214,679,0
2026-03-27,OP-010,Returns,7.76,271,755,5
2026-03-27,OP-012,Ambient Pick,6.31,597,1343,3
2026-03-27,OP-013,Ambient Pick,8.59,640,2078,3
2026-03-27,OP-014,Bulk,3.71,142,231,0
2026-03-27,OP-014,Ambient Pick,2.88,213,383,3
2026-03-27,OP-015,Ambient Pick,7.25,464,1349,4
2026-03-27,OP-017,Chilled Pick,3.37,208,664,1
2026-03-27,OP-017,Bulk,4.08,189,474,0
2026-03-27,OP-018,Ambient Pick,6.77,561,1094,1
2026-03-27,OP-019,Returns,4.54,161,284,0
2026-03-27,OP-019,Ambient Pick,2.84,186,419,1
2026-03-27,OP-020,Chilled Pick,7.69,440,1449,1
2026-03-27,OP-021,Bulk,7.69,402,1366,1
2026-03-27,OP-022,Bulk,3.18,120,405,1
2026-03-27,OP-022,Ambient Pick,5.26,322,768,1
2026-03-27,OP-023,Ambient Pick,8.04,627,1588,0
2026-03-27,OP-024,Chilled Pick,7.75,430,875,5
2026-03-27,OP-026,Ambient Pick,6.23,553,1645,6
2026-03-27,OP-026,Bulk,1.55,66,188,0
2026-03-27,OP-027,Ambient Pick,6.87,501,1262,2
2026-03-27,OP-028,Chilled Pick,7.13,459,824,2
2026-03-27,OP-029,Bulk,6.9,296,780,1
2026-03-27,OP-031,Bulk,7.98,281,816,1
2026-03-27,OP-032,Ambient Pick,7.42,630,1914,0
2026-03-27,OP-033,Ambient Pick,8.45,754,1361,2
2026-03-27,OP-034,Bulk,2.46,101,214,0
2026-03-27,OP-034,Chilled Pick,5.06,311,822,4
2026-03-27,OP-035,Chilled Pick,6.77,442,1114,0
2026-03-27,OP-036,Chilled Pick,8.35,593,1504,2
2026-03-27,OP-037,Returns,7.35,264,488,2
2026-03-27,OP-038,Chilled Pick,7.55,425,1341,5
2026-03-27,OP-040,Chilled Pick,6.97,447,1383,5
2026-03-27,OP-041,Ambient Pick,6.56,400,1121,1
2026-03-27,OP-043,Returns,6.9,155,348,4
2026-03-27,OP-044,Chilled Pick,7.24,327,1021,3
2026-03-27,OP-046,Ambient Pick,6.4,448,1110,4
2026-03-27,OP-046,Chilled Pick,2.67,131,319,2
2026-03-28,OP-001,Ambient Pick,6.47,495,903,3
2026-03-28,OP-002,Chilled Pick,7.93,534,1332,4
2026-03-28,OP-003,Returns,6.4,215,700,0
2026-03-28,OP-004,Bulk,7.1,283,747,0
2026-03-28,OP-005,Bulk,1.0,41,115,0
2026-03-28,OP-005,Chilled Pick,6.73,443,711,2
2026-03-28,OP-007,Ambient Pick,7.26,630,1568,2
2026-03-28,OP-008,Returns,7.39,185,495,1
2026-03-28,OP-010,Ambient Pick,7.86,618,1028,2
2026-03-28,OP-011,Bulk,7.62,248,429,3
2026-03-28,OP-012,Chilled Pick,8.01,517,1111,3
2026-03-28,OP-014,Bulk,7.59,325,980,0
2026-03-28,OP-015,Chilled Pick,6.3,268,659,0
2026-03-28,OP-015,Ambient Pick,1.49,79,171,0
2026-03-28,OP-016,Returns,6.5,134,292,4
2026-03-28,OP-017,Chilled Pick,6.58,416,1197,3
2026-03-28,OP-018,Ambient Pick,6.86,566,1049,0
2026-03-28,OP-019,Chilled Pick,7.9,434,1401,0
2026-03-28,OP-020,Chilled Pick,7.06,457,1178,2
2026-03-28,OP-021,Ambient Pick,7.78,633,1261,2
2026-03-28,OP-022,Ambient Pick,7.75,493,1556,1
2026-03-28,OP-023,Ambient Pick,7.78,608,1423,2
2026-03-28,OP-024,Ambient Pick,6.23,388,1171,2
2026-03-28,OP-024,Bulk,1.55,62,99,0
2026-03-28,OP-026,Ambient Pick,8.06,658,1611,4
2026-03-28,OP-027,Returns,7.83,265,707,2
2026-03-28,OP-029,Ambient Pick,8.83,602,1531,4
2026-03-28,OP-031,Chilled Pick,7.22,437,1078,1
2026-03-28,OP-032,Chilled Pick,7.31,560,1412,1
2026-03-28,OP-033,Ambient Pick,2.44,215,626,1
2026-03-28,OP-033,Chilled Pick,5.4,342,1104,6
2026-03-28,OP-034,Chilled Pick,6.66,426,933,1
2026-03-28,OP-035,Ambient Pick,5.87,483,1343,5
2026-03-28,OP-035,Bulk,1.84,81,144,0
2026-03-28,OP-037,Ambient Pick,6.79,533,1167,2
2026-03-28,OP-038,Ambient Pick,8.46,579,1669,3
2026-03-28,OP-040,Ambient Pick,9.31,814,1729,8
2026-03-28,OP-041,Bulk,7.85,259,766,0
2026-03-28,OP-042,Returns,7.52,279,911,4
2026-03-28,OP-043,Bulk,6.89,195,495,2
2026-03-28,OP-044,Chilled Pick,7.62,308,882,1
2026-03-28,OP-046,Ambient Pick,7.5,451,893,3
2026-03-28,OP-047,Chilled Pick,5.33,234,441,4
2026-03-28,OP-047,Ambient Pick,1.66,91,283,1
2026-03-30,OP-001,Ambient Pick,8.56,736,2036,4
2026-03-30,OP-002,Ambient Pick,2.25,207,699,0
2026-03-30,OP-002,Chilled Pick,4.82,351,1063,0
2026-03-30,OP-003,Ambient Pick,6.23,538,1580,2
2026-03-30,OP-003,Returns,0.76,29,87,0
2026-03-30,OP-004,Ambient Pick,7.08,580,1026,1
2026-03-30,OP-004,Bulk,0.5,24,43,0
2026-03-30,OP-005,Returns,4.73,204,461,3
2026-03-30,OP-005,Chilled Pick,2.73,227,533,2
2026-03-30,OP-007,Chilled Pick,4.77,415,1359,2
2026-03-30,OP-007,Ambient Pick,2.74,291,648,3
2026-03-30,OP-008,Ambient Pick,7.67,559,1646,6
2026-03-30,OP-009,Bulk,7.59,339,935,0
2026-03-30,OP-011,Ambient Pick,8.28,532,1684,1
2026-03-30,OP-012,Ambient Pick,8.48,886,2161,10
2026-03-30,OP-013,Ambient Pick,7.63,635,2050,2
2026-03-30,OP-014,Ambient Pick,7.88,645,1180,1
2026-03-30,OP-015,Chilled Pick,6.96,390,1219,3
2026-03-30,OP-016,Ambient Pick,7.66,422,967,10
2026-03-30,OP-018,Ambient Pick,7.47,744,2104,2
2026-03-30,OP-020,Chilled Pick,7.46,577,1179,4
2026-03-30,OP-021,Ambient Pick,5.03,512,1552,4
2026-03-30,OP-021,Chilled Pick,4.25,288,946,0
2026-03-30,OP-022,Bulk,7.53,322,542,1
2026-03-30,OP-023,Chilled Pick,7.54,644,1492,3
2026-03-30,OP-024,Ambient Pick,6.1,478,1035,3
2026-03-30,OP-024,Chilled Pick,0.91,60,202,0
2026-03-30,OP-025,Chilled Pick,7.54,566,1642,5
2026-03-30,OP-027,Chilled Pick,7.2,445,1271,0
2026-03-30,OP-028,Ambient Pick,8.6,752,2379,1
2026-03-30,OP-029,Ambient Pick,8.52,721,2427,2
2026-03-30,OP-030,Chilled Pick,5.36,391,1041,4
2026-03-30,OP-030,Bulk,2.21,115,255,2
2026-03-30,OP-031,Chilled Pick,8.09,587,1876,2
2026-03-30,OP-032,Ambient Pick,3.0,332,617,0
2026-03-30,OP-032,Bulk,4.44,275,839,1
2026-03-30,OP-033,Ambient Pick,5.38,523,910,1
2026-03-30,OP-033,Chilled Pick,3.12,247,640,4
2026-03-30,OP-035,Returns,7.01,310,869,3
2026-03-30,OP-036,Ambient Pick,8.5,1017,2474,1
2026-03-30,OP-037,Ambient Pick,5.43,507,889,2
2026-03-30,OP-037,Bulk,1.75,91,269,1
2026-03-30,OP-038,Bulk,7.45,321,999,1
2026-03-30,OP-039,Chilled Pick,2.71,98,301,1
2026-03-30,OP-039,Ambient Pick,4.7,243,440,6
2026-03-30,OP-040,Ambient Pick,7.29,785,2655,11
2026-03-30,OP-042,Bulk,8.25,409,1103,0
2026-03-30,OP-043,Ambient Pick,7.93,390,1122,1
2026-03-30,OP-044,Chilled Pick,4.02,180,442,1
2026-03-30,OP-044,Returns,3.03,86,200,0
2026-03-30,OP-046,Bulk,7.2,342,933,4
2026-03-30,OP-047,Ambient Pick,4.56,307,957,9
2026-03-30,OP-047,Bulk,2.09,80,215,0
2026-03-30,OP-048,Ambient Pick,7.79,620,1732,13
2026-03-31,OP-001,Returns,5.91,215,699,0
2026-03-31,OP-001,Chilled Pick,1.34,84,201,1
2026-03-31,OP-002,Ambient Pick,7.6,567,1241,1
2026-03-31,OP-003,Ambient Pick,8.04,598,1970,4
2026-03-31,OP-004,Bulk,8.82,407,860,1
2026-03-31,OP-005,Returns,8.71,312,1025,2
2026-03-31,OP-007,Bulk,7.43,395,645,0
2026-03-31,OP-008,Chilled Pick,7.57,404,1340,2
2026-03-31,OP-009,Ambient Pick,8.25,574,1821,0
2026-03-31,OP-010,Chilled Pick,7.65,453,1416,0
2026-03-31,OP-011,Chilled Pick,7.76,384,1113,2
2026-03-31,OP-012,Chilled Pick,7.83,591,955,4
2026-03-31,OP-013,Returns,8.02,284,745,1
2026-03-31,OP-014,Chilled Pick,7.84,445,1132,2
2026-03-31,OP-015,Chilled Pick,7.88,364,593,1
2026-03-31,OP-016,Ambient Pick,7.18,320,1052,3
2026-03-31,OP-017,Ambient Pick,6.21,521,873,1
2026-03-31,OP-017,Bulk,1.34,59,138,0
2026-03-31,OP-018,Bulk,8.63,326,832,1
2026-03-31,OP-020,Bulk,7.59,287,871,0
2026-03-31,OP-021,Ambient Pick,7.83,685,1443,3
2026-03-31,OP-023,Returns,6.8,248,542,0
2026-03-31,OP-024,Ambient Pick,7.91,582,1177,8
2026-03-31,OP-025,Chilled Pick,7.87,487,1537,5
2026-03-31,OP-026,Bulk,8.0,396,737,1
2026-03-31,OP-027,Ambient Pick,8.0,519,944,0
2026-03-31,OP-028,Ambient Pick,6.3,514,1380,4
2026-03-31,OP-029,Ambient Pick,7.16,474,1222,3
2026-03-31,OP-030,Ambient Pick,7.43,588,1590,1
2026-03-31,OP-031,Returns,8.0,225,738,1
2026-03-31,OP-032,Ambient Pick,8.58,820,1810,4
2026-03-31,OP-033,Ambient Pick,7.45,728,1191,7
2026-03-31,OP-034,Ambient Pick,7.91,611,1657,1
2026-03-31,OP-035,Ambient Pick,7.26,533,1046,2
2026-03-31,OP-036,Ambient Pick,7.71,655,1217,4
2026-03-31,OP-037,Ambient Pick,7.72,642,1523,8
2026-03-31,OP-038,Chilled Pick,4.19,199,618,1
2026-03-31,OP-038,Ambient Pick,3.76,251,448,1
2026-03-31,OP-039,Ambient Pick,2.25,96,163,0
2026-03-31,OP-039,Bulk,5.26,137,339,1
2026-03-31,OP-040,Ambient Pick,7.29,665,1875,5
2026-03-31,OP-041,Ambient Pick,7.28,500,1109,3
2026-03-31,OP-042,Ambient Pick,8.1,543,878,4
2026-03-31,OP-043,Ambient Pick,2.82,145,347,1
2026-03-31,OP-043,Bulk,3.95,104,197,0
2026-03-31,OP-044,Bulk,8.51,238,441,2
2026-03-31,OP-047,Ambient Pick,8.57,592,960,8
2026-03-31,OP-048,Ambient Pick,7.83,567,1843,4
2026-04-01,OP-001,Bulk,6.97,275,784,0
2026-04-01,OP-003,Ambient Pick,7.44,562,1325,2
2026-04-01,OP-004,Chilled Pick,3.9,235,528,1
2026-04-01,OP-004,Ambient Pick,3.04,210,574,0
2026-04-01,OP-005,Returns,8.26,313,688,2
2026-04-01,OP-008,Ambient Pick,5.39,335,592,1
2026-04-01,OP-008,Returns,3.51,88,233,2
2026-04-01,OP-009,Ambient Pick,7.77,457,1443,2
2026-04-01,OP-010,Returns,7.91,286,672,1
2026-04-01,OP-011,Bulk,7.52,250,691,0
2026-04-01,OP-012,Bulk,2.01,115,354,0
2026-04-01,OP-012,Ambient Pick,5.48,512,1555,2
2026-04-01,OP-013,Ambient Pick,8.3,636,1369,0
2026-04-01,OP-014,Chilled Pick,8.42,489,982,0
2026-04-01,OP-015,Ambient Pick,7.26,391,813,0
2026-04-01,OP-016,Ambient Pick,7.15,352,660,2
2026-04-01,OP-017,Ambient Pick,5.62,453,916,1
2026-04-01,OP-017,Chilled Pick,1.54,94,158,0
2026-04-01,OP-019,Ambient Pick,8.11,628,1270,1
2026-04-01,OP-020,Chilled Pick,7.37,492,938,1
2026-04-01,OP-021,Ambient Pick,6.75,542,1832,1
2026-04-01,OP-023,Ambient Pick,7.48,585,1833,2
2026-04-01,OP-024,Ambient Pick,8.29,564,1715,5
2026-04-01,OP-026,Bulk,7.31,325,866,0
2026-04-01,OP-028,Ambient Pick,7.7,566,1880,4
2026-04-01,OP-029,Ambient Pick,7.98,636,1452,2
2026-04-01,OP-030,Returns,7.76,252,531,5
2026-04-01,OP-031,Ambient Pick,7.67,501,1222,4
2026-04-01,OP-033,Bulk,7.44,324,740,1
2026-04-01,OP-034,Bulk,6.79,308,914,0
2026-04-01,OP-035,Chilled Pick,7.03,441,1345,1
2026-04-01,OP-036,Ambient Pick,7.49,691,1678,1
2026-04-01,OP-037,Chilled Pick,7.53,472,759,3
2026-04-01,OP-038,Returns,7.61,218,484,1
2026-04-01,OP-039,Ambient Pick,2.12,92,194,3
2026-04-01,OP-039,Bulk,5.98,157,339,1
2026-04-01,OP-040,Bulk,8.7,486,880,2
2026-04-01,OP-041,Ambient Pick,6.47,365,726,0
2026-04-01,OP-042,Ambient Pick,9.32,799,1389,6
2026-04-01,OP-043,Chilled Pick,7.14,262,841,4
2026-04-01,OP-044,Chilled Pick,1.66,64,120,0
2026-04-01,OP-044,Bulk,6.99,191,612,1
2026-04-01,OP-046,Bulk,6.59,225,397,2
2026-04-01,OP-047,Ambient Pick,8.4,460,1225,2
2026-04-01,OP-048,Bulk,7.39,278,525,4
2026-04-02,OP-001,Bulk,7.43,303,978,0
2026-04-02,OP-002,Bulk,7.76,362,720,0
2026-04-02,OP-004,Returns,7.4,228,436,1
2026-04-02,OP-005,Ambient Pick,7.81,693,2069,6
2026-04-02,OP-008,Chilled Pick,7.8,359,1171,1
2026-04-02,OP-009,Ambient Pick,0.69,44,138,0
2026-04-02,OP-009,Bulk,7.32,254,555,1
2026-04-02,OP-010,Returns,9.03,320,519,2
2026-04-02,OP-011,Chilled Pick,7.75,353,888,2
2026-04-02,OP-013,Chilled Pick,7.63,476,1173,1
2026-04-02,OP-014,Returns,3.49,116,235,0
2026-04-02,OP-014,Bulk,3.72,151,271,1
2026-04-02,OP-015,Bulk,5.62,196,547,0
2026-04-02,OP-015,Ambient Pick,1.34,73,241,1
2026-04-02,OP-016,Returns,7.28,139,399,5
2026-04-02,OP-017,Ambient Pick,7.95,682,1519,2
2026-04-02,OP-018,Bulk,7.13,331,653,0
2026-04-02,OP-019,Ambient Pick,8.35,651,1311,1
2026-04-02,OP-020,Bulk,4.9,214,681,0
2026-04-02,OP-020,Ambient Pick,1.54,119,271,0
2026-04-02,OP-021,Bulk,6.24,325,895,1
2026-04-02,OP-023,Chilled Pick,6.05,408,1374,1
2026-04-02,OP-023,Ambient Pick,1.76,146,277,0
2026-04-02,OP-024,Ambient Pick,7.9,564,1115,1
2026-04-02,OP-025,Chilled Pick,1.0,63,181,1
2026-04-02,OP-025,Ambient Pick,7.21,706,2330,3
2026-04-02,OP-026,Bulk,1.67,86,197,0
2026-04-02,OP-026,Ambient Pick,5.73,455,1397,0
2026-04-02,OP-027,Bulk,3.07,127,347,0
2026-04-02,OP-027,Ambient Pick,3.44,206,492,0
2026-04-02,OP-028,Bulk,8.47,326,1029,0
2026-04-02,OP-029,Ambient Pick,7.4,540,935,2
2026-04-02,OP-030,Returns,7.48,269,838,5
2026-04-02,OP-031,Returns,5.74,197,411,1
2026-04-02,OP-031,Ambient Pick,1.84,126,359,0
2026-04-02,OP-032,Ambient Pick,6.51,586,1220,2
2026-04-02,OP-033,Bulk,2.82,130,315,1
2026-04-02,OP-033,Ambient Pick,4.75,337,958,1
2026-04-02,OP-034,Ambient Pick,7.01,530,1398,0
2026-04-02,OP-035,Ambient Pick,5.07,394,1069,4
2026-04-02,OP-035,Bulk,1.59,63,205,1
2026-04-02,OP-036,Bulk,8.22,427,1043,0
2026-04-02,OP-037,Ambient Pick,7.83,653,1959,3
2026-04-02,OP-040,Chilled Pick,1.2,83,134,2
2026-04-02,OP-040,Bulk,6.78,333,657,0
2026-04-02,OP-041,Bulk,7.02,225,682,1
2026-04-02,OP-042,Bulk,4.35,176,402,0
2026-04-02,OP-042,Returns,2.5,90,159,0
2026-04-02,OP-043,Bulk,7.91,201,572,2
2026-04-02,OP-044,Chilled Pick,7.56,310,945,1
2026-04-02,OP-044,Ambient Pick,0.78,40,124,0
2026-04-02,OP-046,Bulk,2.93,117,281,0
2026-04-02,OP-046,Returns,4.46,136,408,3
2026-04-02,OP-047,Ambient Pick,7.45,440,1062,6
2026-04-02,OP-048,Bulk,5.51,226,678,0
2026-04-02,OP-048,Ambient Pick,2.62,180,417,2
2026-04-03,OP-002,Chilled Pick,7.53,488,1325,1
2026-04-03,OP-003,Chilled Pick,5.35,318,960,2
2026-04-03,OP-003,Bulk,1.76,84,249,0
2026-04-03,OP-004,Bulk,3.29,138,278,0
2026-04-03,OP-004,Returns,5.12,172,294,1
2026-04-03,OP-007,Ambient Pick,6.78,647,1078,0
2026-04-03,OP-008,Ambient Pick,9.15,568,1480,4
2026-04-03,OP-009,Ambient Pick,8.13,514,1626,3
2026-04-03,OP-010,Returns,7.7,252,412,3
2026-04-03,OP-011,Ambient Pick,6.73,379,692,1
2026-04-03,OP-012,Bulk,2.42,119,208,0
2026-04-03,OP-012,Ambient Pick,4.28,399,1116,1
2026-04-03,OP-013,Chilled Pick,7.65,492,1657,1
2026-04-03,OP-014,Chilled Pick,8.97,481,1430,3
2026-04-03,OP-015,Chilled Pick,2.32,97,158,0
2026-04-03,OP-015,Bulk,4.58,154,311,1
2026-04-03,OP-016,Chilled Pick,7.54,243,640,1
2026-04-03,OP-017,Bulk,8.04,402,1355,1
2026-04-03,OP-018,Ambient Pick,8.31,724,2329,1
2026-04-03,OP-019,Returns,6.69,227,525,0
2026-04-03,OP-021,Bulk,2.3,112,235,1
2026-04-03,OP-021,Chilled Pick,5.07,307,627,2
2026-04-03,OP-022,Bulk,7.59,276,519,0
2026-04-03,OP-023,Ambient Pick,5.57,400,852,2
2026-04-03,OP-023,Returns,2.1,80,194,0
2026-04-03,OP-024,Chilled Pick,8.08,399,877,4
2026-04-03,OP-025,Returns,7.21,277,628,1
2026-04-03,OP-026,Chilled Pick,7.62,521,1488,3
2026-04-03,OP-027,Ambient Pick,5.84,455,1136,1
2026-04-03,OP-027,Chilled Pick,1.67,94,225,0
2026-04-03,OP-029,Ambient Pick,5.54,376,1042,1
2026-04-03,OP-029,Chilled Pick,1.66,97,320,1
2026-04-03,OP-030,Ambient Pick,7.07,468,797,4
2026-04-03,OP-031,Ambient Pick,0.76,55,107,0
2026-04-03,OP-031,Chilled Pick,6.21,369,896,4
2026-04-03,OP-033,Ambient Pick,9.25,812,2347,1
2026-04-03,OP-034,Ambient Pick,1.05,74,251,0
2026-04-03,OP-034,Chilled Pick,6.08,391,951,2
2026-04-03,OP-036,Bulk,7.84,445,1114,0
2026-04-03,OP-037,Chilled Pick,7.81,452,1170,1
2026-04-03,OP-038,Bulk,6.52,220,547,1
2026-04-03,OP-039,Returns,6.75,133,444,3
2026-04-03,OP-040,Ambient Pick,7.04,645,1903,4
2026-04-03,OP-041,Chilled Pick,7.87,411,911,6
2026-04-03,OP-042,Ambient Pick,2.27,182,314,1
2026-04-03,OP-042,Bulk,4.38,201,395,1
2026-04-03,OP-043,Ambient Pick,7.96,378,1135,0
2026-04-03,OP-044,Ambient Pick,7.77,375,906,5
2026-04-03,OP-046,Ambient Pick,2.18,150,350,1
2026-04-03,OP-046,Bulk,6.54,220,353,0
2026-04-03,OP-047,Ambient Pick,8.65,551,1345,11
2026-04-03,OP-048,Bulk,7.93,327,930,1
2026-04-04,OP-001,Chilled Pick,7.9,481,1360,4
2026-04-04,OP-002,Ambient Pick,7.07,547,1768,2
2026-04-04,OP-003,Chilled Pick,7.44,430,1257,3
2026-04-04,OP-004,Ambient Pick,8.24,616,1044,1
2026-04-04,OP-007,Ambient Pick,7.54,712,1966,3
2026-04-04,OP-009,Ambient Pick,5.47,333,1074,1
2026-04-04,OP-009,Chilled Pick,2.55,136,278,0
2026-04-04,OP-011,Bulk,7.98,348,930,5
2026-04-04,OP-012,Ambient Pick,6.98,631,2037,6
2026-04-04,OP-013,Chilled Pick,7.45,421,1399,1
2026-04-04,OP-014,Chilled Pick,7.68,488,1031,0
2026-04-04,OP-015,Returns,2.96,70,169,0
2026-04-04,OP-015,Ambient Pick,4.3,247,697,1
2026-04-04,OP-016,Bulk,7.95,214,510,2
2026-04-04,OP-017,Chilled Pick,8.93,602,986,1
2026-04-04,OP-018,Returns,6.36,216,487,1
2026-04-04,OP-019,Chilled Pick,2.39,119,241,0
2026-04-04,OP-019,Ambient Pick,4.58,342,931,1
2026-04-04,OP-020,Ambient Pick,7.35,524,1223,1
2026-04-04,OP-021,Chilled Pick,8.01,520,1053,1
2026-04-04,OP-022,Bulk,7.24,292,873,1
2026-04-04,OP-023,Bulk,7.24,348,977,1
2026-04-04,OP-025,Chilled Pick,7.58,492,1438,3
2026-04-04,OP-026,Ambient Pick,8.02,742,2190,2
2026-04-04,OP-027,Chilled Pick,7.79,423,1242,0
2026-04-04,OP-028,Ambient Pick,7.03,496,826,2
2026-04-04,OP-029,Ambient Pick,7.99,600,1059,4
2026-04-04,OP-030,Ambient Pick,7.28,491,965,2
2026-04-04,OP-031,Ambient Pick,7.11,527,1614,2
2026-04-04,OP-032,Chilled Pick,6.86,529,1509,5
2026-04-04,OP-033,Returns,7.82,354,1008,2
2026-04-04,OP-034,Ambient Pick,7.78,581,1197,2
2026-04-04,OP-035,Returns,1.01,33,77,0
2026-04-04,OP-035,Chilled Pick,7.01,440,1258,2
2026-04-04,OP-036,Chilled Pick,8.05,593,1160,4
2026-04-04,OP-037,Ambient Pick,7.65,558,1706,4
2026-04-04,OP-038,Chilled Pick,3.89,214,430,5
2026-04-04,OP-038,Bulk,3.19,117,289,2
2026-04-04,OP-039,Ambient Pick,7.32,280,476,4
2026-04-04,OP-040,Chilled Pick,7.72,455,1504,2
2026-04-04,OP-041,Ambient Pick,0.97,62,115,0
2026-04-04,OP-041,Chilled Pick,6.1,257,505,1
2026-04-04,OP-042,Bulk,7.47,298,883,1
2026-04-04,OP-046,Ambient Pick,8.54,558,1123,3
2026-04-04,OP-047,Ambient Pick,7.31,430,1122,4
2026-04-04,OP-048,Ambient Pick,7.61,553,1791,1
2026-04-06,OP-001,Chilled Pick,7.72,522,1113,7
2026-04-06,OP-002,Chilled Pick,8.18,633,1827,2
2026-04-06,OP-003,Ambient Pick,7.6,725,2177,3
2026-04-06,OP-004,Bulk,7.61,354,1142,0
2026-04-06,OP-007,Ambient Pick,8.01,846,2492,2
2026-04-06,OP-008,Ambient Pick,1.29,88,213,0
2026-04-06,OP-008,Returns,6.68,248,584,3
2026-04-06,OP-010,Bulk,7.41,369,599,0
2026-04-06,OP-011,Bulk,7.67,331,1008,4
2026-04-06,OP-012,Chilled Pick,7.9,683,2191,6
2026-04-06,OP-013,Ambient Pick,4.12,354,946,2
2026-04-06,OP-013,Bulk,4.16,203,479,0
2026-04-06,OP-014,Ambient Pick,7.33,631,1030,1
2026-04-06,OP-014,Chilled Pick,1.12,73,178,1
2026-04-06,OP-016,Bulk,8.27,251,501,0
2026-04-06,OP-017,Ambient Pick,7.87,675,1759,2
2026-04-06,OP-018,Chilled Pick,8.52,656,2028,1
2026-04-06,OP-019,Ambient Pick,8.43,655,1257,2
2026-04-06,OP-021,Chilled Pick,7.69,570,1205,1
2026-04-06,OP-022,Ambient Pick,8.38,654,1324,5
2026-04-06,OP-023,Ambient Pick,8.06,758,1609,2
2026-04-06,OP-024,Chilled Pick,8.43,489,1268,1
2026-04-06,OP-025,Bulk,8.16,420,1229,0
2026-04-06,OP-026,Ambient Pick,8.34,812,1383,2
2026-04-06,OP-027,Ambient Pick,5.13,393,1157,2
2026-04-06,OP-027,Bulk,1.57,75,247,0
2026-04-06,OP-028,Ambient Pick,6.43,610,1518,6
2026-04-06,OP-029,Bulk,1.8,95,297,0
2026-04-06,OP-029,Chilled Pick,5.67,392,785,1
2026-04-06,OP-030,Ambient Pick,7.74,582,1377,0
2026-04-06,OP-031,Ambient Pick,7.56,687,1782,4
2026-04-06,OP-032,Chilled Pick,7.6,665,1393,1
2026-04-06,OP-032,Ambient Pick,0.76,81,234,0
2026-04-06,OP-036,Chilled Pick,7.0,684,1725,8
2026-04-06,OP-037,Ambient Pick,5.27,495,1025,4
2026-04-06,OP-037,Bulk,1.91,98,172,1
2026-04-06,OP-038,Ambient Pick,9.1,641,1960,6
2026-04-06,OP-039,Ambient Pick,7.06,331,743,5
2026-04-06,OP-040,Ambient Pick,7.56,757,1895,7
2026-04-06,OP-041,Ambient Pick,7.65,589,1021,5
2026-04-06,OP-042,Ambient Pick,6.87,669,1136,3
2026-04-06,OP-043,Bulk,4.82,173,328,0
2026-04-06,OP-043,Chilled Pick,2.52,117,217,4
2026-04-06,OP-044,Bulk,6.99,260,782,0
2026-04-06,OP-047,Ambient Pick,5.09,327,802,9
2026-04-06,OP-047,Chilled Pick,2.72,172,524,2
2026-04-07,OP-001,Ambient Pick,3.84,289,866,1
2026-04-07,OP-001,Bulk,3.02,147,303,0
2026-04-07,OP-002,Chilled Pick,5.82,356,795,1
2026-04-07,OP-002,Ambient Pick,1.77,131,417,0
2026-04-07,OP-003,Returns,1.28,48,146,0
2026-04-07,OP-003,Ambient Pick,6.98,508,1143,0
2026-04-07,OP-004,Ambient Pick,8.36,602,1309,1
2026-04-07,OP-005,Ambient Pick,1.8,151,320,2
2026-04-07,OP-005,Chilled Pick,6.28,448,1309,0
2026-04-07,OP-008,Chilled Pick,4.22,232,596,3
2026-04-07,OP-008,Ambient Pick,2.78,156,317,2
2026-04-07,OP-009,Returns,7.41,220,651,1
2026-04-07,OP-010,Ambient Pick,7.73,628,1165,2
2026-04-07,OP-011,Chilled Pick,7.6,382,767,3
2026-04-07,OP-012,Ambient Pick,6.95,585,1505,3
2026-04-07,OP-013,Chilled Pick,7.79,452,1468,1
2026-04-07,OP-014,Ambient Pick,7.17,606,1510,2
2026-04-07,OP-015,Bulk,7.62,255,500,0
2026-04-07,OP-016,Chilled Pick,7.52,269,868,3
2026-04-07,OP-017,Ambient Pick,8.22,644,1894,4
2026-04-07,OP-018,Bulk,7.12,328,743,0
2026-04-07,OP-019,Ambient Pick,6.9,513,823,4
2026-04-07,OP-020,Bulk,7.06,307,822,1
2026-04-07,OP-021,Bulk,6.38,330,947,1
2026-04-07,OP-023,Chilled Pick,7.84,496,1504,1
2026-04-07,OP-024,Bulk,6.22,243,446,1
2026-04-07,OP-026,Ambient Pick,6.79,577,1662,1
2026-04-07,OP-027,Chilled Pick,7.88,468,1333,1
2026-04-07,OP-028,Returns,7.5,261,449,1
2026-04-07,OP-029,Chilled Pick,8.21,477,1052,0
2026-04-07,OP-030,Ambient Pick,7.27,530,937,6
2026-04-07,OP-031,Ambient Pick,7.61,558,1066,3
2026-04-07,OP-032,Ambient Pick,8.05,687,1103,2
2026-04-07,OP-033,Returns,7.19,271,782,1
2026-04-07,OP-035,Bulk,7.23,251,813,1
2026-04-07,OP-037,Returns,8.15,286,668,5
2026-04-07,OP-038,Bulk,7.92,271,912,1
2026-04-07,OP-039,Ambient Pick,6.85,310,629,3
2026-04-07,OP-040,Bulk,8.03,418,1144,0
2026-04-07,OP-041,Ambient Pick,7.62,405,714,1
2026-04-07,OP-042,Ambient Pick,7.76,677,1874,4
2026-04-07,OP-043,Bulk,8.0,244,643,5
2026-04-07,OP-044,Ambient Pick,7.2,366,1230,1
2026-04-07,OP-046,Bulk,2.76,109,308,0
2026-04-07,OP-046,Ambient Pick,5.28,370,873,3
2026-04-07,OP-047,Chilled Pick,4.65,195,622,1
2026-04-07,OP-047,Ambient Pick,2.12,128,384,0
2026-04-07,OP-048,Ambient Pick,4.43,301,836,1
2026-04-07,OP-048,Chilled Pick,2.8,131,443,1
2026-04-08,OP-001,Ambient Pick,6.57,539,1801,2
2026-04-08,OP-002,Ambient Pick,7.11,573,1137,2
2026-04-08,OP-004,Chilled Pick,5.37,324,900,1
2026-04-08,OP-004,Ambient Pick,1.98,132,341,0
2026-04-08,OP-007,Ambient Pick,6.66,619,1808,3
2026-04-08,OP-007,Chilled Pick,0.86,62,161,1
2026-04-08,OP-008,Ambient Pick,7.25,511,1324,1
2026-04-08,OP-009,Ambient Pick,1.08,80,137,0
2026-04-08,OP-009,Returns,6.12,191,488,1
2026-04-08,OP-010,Bulk,2.31,99,228,0
2026-04-08,OP-010,Chilled Pick,5.31,298,693,2
2026-04-08,OP-012,Ambient Pick,5.09,440,1066,0
2026-04-08,OP-012,Returns,1.46,55,158,0
2026-04-08,OP-014,Ambient Pick,7.77,568,1315,1
2026-04-08,OP-015,Ambient Pick,0.69,41,91,1
2026-04-08,OP-015,Bulk,6.38,202,434,0
2026-04-08,OP-016,Bulk,2.02,45,81,0
2026-04-08,OP-016,Ambient Pick,6.07,280,884,3
2026-04-08,OP-017,Chilled Pick,7.06,439,1290,1
2026-04-08,OP-018,Chilled Pick,7.77,434,1283,1
2026-04-08,OP-019,Ambient Pick,8.57,653,1062,1
2026-04-08,OP-020,Ambient Pick,7.8,607,1045,3
2026-04-08,OP-021,Ambient Pick,2.81,267,698,0
2026-04-08,OP-021,Bulk,4.12,214,360,0
2026-04-08,OP-022,Ambient Pick,5.64,393,686,3
2026-04-08,OP-023,Chilled Pick,5.15,343,1111,5
2026-04-08,OP-023,Ambient Pick,3.26,271,562,2
2026-04-08,OP-024,Chilled Pick,7.1,374,1135,1
2026-04-08,OP-025,Ambient Pick,7.29,638,1262,1
2026-04-08,OP-026,Bulk,7.81,390,1219,0
2026-04-08,OP-027,Ambient Pick,5.51,402,1121,2
2026-04-08,OP-027,Bulk,1.81,74,200,0
2026-04-08,OP-028,Bulk,6.97,283,654,0
2026-04-08,OP-029,Chilled Pick,6.99,404,661,1
2026-04-08,OP-030,Ambient Pick,8.46,712,1398,2
2026-04-08,OP-031,Bulk,7.32,292,555,0
2026-04-08,OP-032,Ambient Pick,0.96,103,335,0
2026-04-08,OP-032,Returns,6.44,276,816,1
2026-04-08,OP-033,Ambient Pick,1.04,95,199,0
2026-04-08,OP-033,Bulk,6.21,292,602,0
2026-04-08,OP-034,Ambient Pick,7.67,600,1124,2
2026-04-08,OP-035,Ambient Pick,7.62,542,1291,3
2026-04-08,OP-036,Chilled Pick,7.29,621,1534,5
2026-04-08,OP-038,Ambient Pick,8.39,521,1308,4
2026-04-08,OP-039,Ambient Pick,6.54,325,1077,5
2026-04-08,OP-039,Chilled Pick,0.59,23,75,1
2026-04-08,OP-040,Chilled Pick,6.62,458,926,3
2026-04-08,OP-040,Ambient Pick,0.8,77,232,0
2026-04-08,OP-041,Chilled Pick,7.38,399,1302,2
2026-04-08,OP-042,Ambient Pick,6.79,532,1548,3
2026-04-08,OP-043,Chilled Pick,5.37,211,649,3
2026-04-08,OP-043,Bulk,1.58,45,142,1
2026-04-08,OP-044,Chilled Pick,0.6,25,57,0
2026-04-08,OP-044,Bulk,6.46,187,518,0
2026-04-08,OP-046,Ambient Pick,7.22,497,966,1
2026-04-08,OP-047,Bulk,8.2,256,693,1
2026-04-08,OP-048,Bulk,8.01,303,514,3
2026-04-09,OP-001,Ambient Pick,7.78,607,1870,2
2026-04-09,OP-002,Bulk,6.05,289,665,2
2026-04-09,OP-002,Ambient Pick,0.81,70,142,0
2026-04-09,OP-003,Chilled Pick,8.25,547,1311,4
2026-04-09,OP-004,Ambient Pick,7.97,615,1165,1
2026-04-09,OP-005,Ambient Pick,7.08,558,1171,3
2026-04-09,OP-007,Chilled Pick,8.41,524,1394,4
2026-04-09,OP-008,Bulk,7.49,276,608,0
2026-04-09,OP-009,Bulk,7.79,278,854,1
2026-04-09,OP-010,Ambient Pick,8.73,686,2199,4
2026-04-09,OP-011,Returns,1.76,49,94,2
2026-04-09,OP-011,Ambient Pick,5.13,306,495,1
2026-04-09,OP-012,Bulk,8.1,341,1157,0
2026-04-09,OP-013,Returns,7.78,258,522,1
2026-04-09,OP-014,Chilled Pick,7.72,428,1330,2
2026-04-09,OP-016,Ambient Pick,7.21,347,748,2
2026-04-09,OP-017,Ambient Pick,5.63,495,1555,5
2026-04-09,OP-017,Bulk,1.84,82,226,1
2026-04-09,OP-018,Ambient Pick,2.52,206,433,1
2026-04-09,OP-018,Returns,5.24,183,517,0
2026-04-09,OP-019,Chilled Pick,7.95,436,749,4
2026-04-09,OP-020,Ambient Pick,6.1,501,1251,2
2026-04-09,OP-021,Bulk,7.33,338,919,0
2026-04-09,OP-022,Chilled Pick,8.71,427,1038,1
2026-04-09,OP-024,Returns,8.02,241,808,2
2026-04-09,OP-025,Returns,5.93,204,344,0
2026-04-09,OP-025,Ambient Pick,1.38,114,216,1
2026-04-09,OP-026,Returns,7.3,288,629,4
2026-04-09,OP-027,Chilled Pick,7.9,460,1446,1
2026-04-09,OP-028,Bulk,9.25,393,1303,2
2026-04-09,OP-029,Bulk,7.84,305,1003,0
2026-04-09,OP-030,Ambient Pick,7.51,536,1070,2
2026-04-09,OP-031,Bulk,7.48,296,945,3
2026-04-09,OP-032,Chilled Pick,3.74,272,601,0
2026-04-09,OP-032,Ambient Pick,3.82,329,682,0
2026-04-09,OP-033,Bulk,4.29,198,421,0
2026-04-09,OP-033,Ambient Pick,3.1,288,799,1
2026-04-09,OP-034,Ambient Pick,3.32,256,615,0
2026-04-09,OP-034,Bulk,4.52,183,404,1
2026-04-09,OP-035,Ambient Pick,8.04,581,1513,2
2026-04-09,OP-036,Chilled Pick,7.41,555,1804,1
2026-04-09,OP-037,Ambient Pick,7.81,641,1456,3
2026-04-09,OP-038,Bulk,7.38,264,458,1
2026-04-09,OP-039,Ambient Pick,7.91,311,635,2
2026-04-09,OP-041,Ambient Pick,5.28,305,853,1
2026-04-09,OP-041,Chilled Pick,2.6,124,354,0
2026-04-09,OP-042,Ambient Pick,7.29,651,1974,3
2026-04-09,OP-043,Returns,6.43,158,321,2
2026-04-09,OP-048,Ambient Pick,8.57,588,1908,6
2026-04-10,OP-001,Chilled Pick,6.82,443,1496,5
2026-04-10,OP-003,Ambient Pick,7.35,533,1520,1
2026-04-10,OP-004,Ambient Pick,7.6,589,1451,0
2026-04-10,OP-005,Ambient Pick,7.85,655,1560,4
2026-04-10,OP-007,Ambient Pick,3.71,324,814,1
2026-04-10,OP-007,Chilled Pick,5.27,348,1114,2
2026-04-10,OP-008,Ambient Pick,6.59,400,1159,3
2026-04-10,OP-008,Bulk,1.24,47,102,0
2026-04-10,OP-010,Ambient Pick,7.21,526,1472,2
2026-04-10,OP-011,Bulk,8.33,321,991,2
2026-04-10,OP-013,Ambient Pick,6.72,520,856,3
2026-04-10,OP-014,Ambient Pick,4.66,324,765,0
2026-04-10,OP-014,Bulk,3.33,128,349,1
2026-04-10,OP-015,Bulk,7.85,231,768,0
2026-04-10,OP-016,Bulk,3.23,91,287,0
2026-04-10,OP-016,Returns,4.3,86,166,1
2026-04-10,OP-017,Ambient Pick,5.97,466,1528,2
2026-04-10,OP-017,Chilled Pick,1.96,130,368,1
2026-04-10,OP-018,Bulk,7.42,328,845,2
2026-04-10,OP-020,Ambient Pick,3.54,290,717,2
2026-04-10,OP-020,Chilled Pick,4.37,261,883,1
2026-04-10,OP-021,Bulk,6.75,317,658,0
2026-04-10,OP-023,Chilled Pick,2.76,174,589,0
2026-04-10,OP-023,Ambient Pick,6.3,437,1261,1
2026-04-10,OP-025,Chilled Pick,6.78,425,721,4
2026-04-10,OP-026,Chilled Pick,8.93,546,1086,1
2026-04-10,OP-027,Returns,0.58,18,59,0
2026-04-10,OP-027,Ambient Pick,6.84,465,847,2
2026-04-10,OP-028,Chilled Pick,7.62,481,832,2
2026-04-10,OP-030,Bulk,0.97,42,93,0
2026-04-10,OP-030,Ambient Pick,6.92,498,900,2
2026-04-10,OP-031,Ambient Pick,0.58,40,79,0
2026-04-10,OP-031,Chilled Pick,8.05,467,888,4
2026-04-10,OP-032,Bulk,7.33,392,1275,0
2026-04-10,OP-033,Chilled Pick,7.97,438,1436,2
2026-04-10,OP-035,Ambient Pick,2.83,238,399,1
2026-04-10,OP-035,Chilled Pick,5.25,302,990,1
2026-04-10,OP-036,Bulk,4.72,212,373,0
2026-04-10,OP-036,Ambient Pick,2.19,227,537,1
2026-04-10,OP-037,Chilled Pick,4.99,281,849,1
2026-04-10,OP-037,Bulk,2.36,97,224,2
2026-04-10,OP-038,Ambient Pick,6.89,369,981,1
2026-04-10,OP-039,Ambient Pick,8.05,335,568,6
2026-04-10,OP-040,Ambient Pick,6.46,631,1341,6
2026-04-10,OP-040,Chilled Pick,1.55,110,351,1
2026-04-10,OP-041,Chilled Pick,8.23,397,1281,3
2026-04-10,OP-042,Ambient Pick,7.3,580,1247,8
2026-04-10,OP-043,Ambient Pick,6.39,325,550,3
2026-04-10,OP-043,Bulk,2.39,68,216,0
2026-04-10,OP-044,Ambient Pick,7.53,357,1031,1
2026-04-10,OP-046,Chilled Pick,8.7,503,1365,3
2026-04-10,OP-047,Chilled Pick,7.52,378,804,2
2026-04-10,OP-048,Chilled Pick,8.12,457,890,4
2026-04-11,OP-001,Bulk,7.89,404,1115,3
2026-04-11,OP-002,Bulk,2.18,91,256,0
2026-04-11,OP-002,Chilled Pick,5.54,341,1125,2
2026-04-11,OP-003,Chilled Pick,1.35,77,249,1
2026-04-11,OP-003,Ambient Pick,5.85,467,758,1
2026-04-11,OP-004,Ambient Pick,7.76,654,1200,1
2026-04-11,OP-005,Ambient Pick,7.58,627,1775,5
2026-04-11,OP-007,Bulk,7.69,360,732,2
2026-04-11,OP-008,Ambient Pick,1.21,84,153,2
2026-04-11,OP-008,Chilled Pick,6.28,313,794,1
2026-04-11,OP-009,Chilled Pick,7.96,445,1472,0
2026-04-11,OP-010,Returns,7.08,272,784,0
2026-04-11,OP-011,Ambient Pick,7.01,434,1469,5
2026-04-11,OP-012,Ambient Pick,8.22,689,1359,2
2026-04-11,OP-013,Bulk,8.08,332,942,0
2026-04-11,OP-014,Bulk,7.75,298,1012,1
2026-04-11,OP-015,Ambient Pick,9.09,482,1217,3
2026-04-11,OP-016,Ambient Pick,1.43,72,161,2
2026-04-11,OP-016,Bulk,5.98,173,358,4
2026-04-11,OP-017,Bulk,7.94,359,1130,1
2026-04-11,OP-018,Ambient Pick,8.08,669,2194,1
2026-04-11,OP-019,Chilled Pick,7.83,410,1236,1
2026-04-11,OP-020,Chilled Pick,8.05,487,883,4
2026-04-11,OP-021,Returns,7.96,308,874,3
2026-04-11,OP-022,Ambient Pick,7.48,458,992,3
2026-04-11,OP-024,Bulk,7.87,288,595,1
2026-04-11,OP-025,Ambient Pick,7.53,572,1459,1
2026-04-11,OP-026,Chilled Pick,8.3,565,1246,4
2026-04-11,OP-027,Ambient Pick,2.57,192,526,2
2026-04-11,OP-027,Chilled Pick,6.03,337,640,1
2026-04-11,OP-028,Chilled Pick,4.52,258,853,1
2026-04-11,OP-028,Ambient Pick,2.05,159,532,1
2026-04-11,OP-029,Ambient Pick,7.09,499,1171,1
2026-04-11,OP-029,Chilled Pick,0.51,27,52,1
2026-04-11,OP-030,Ambient Pick,7.54,578,1801,4
2026-04-11,OP-031,Ambient Pick,6.68,525,1615,3
2026-04-11,OP-031,Bulk,1.94,84,147,0
2026-04-11,OP-032,Chilled Pick,2.96,211,610,2
2026-04-11,OP-032,Ambient Pick,5.27,504,1029,0
2026-04-11,OP-033,Returns,5.47,213,429,1
2026-04-11,OP-033,Bulk,1.55,68,186,1
2026-04-11,OP-034,Ambient Pick,8.33,657,1291,3
2026-04-11,OP-035,Bulk,4.71,200,472,2
2026-04-11,OP-035,Ambient Pick,2.08,142,232,0
2026-04-11,OP-036,Chilled Pick,3.85,292,661,2
2026-04-11,OP-036,Bulk,4.85,243,606,0
2026-04-11,OP-037,Ambient Pick,6.08,479,953,1
2026-04-11,OP-037,Returns,1.3,44,113,0
2026-04-11,OP-038,Ambient Pick,6.87,414,1201,2
2026-04-11,OP-039,Ambient Pick,7.84,344,784,7
2026-04-11,OP-040,Ambient Pick,7.81,684,1319,6
2026-04-11,OP-041,Chilled Pick,7.7,351,1019,1
2026-04-11,OP-042,Returns,7.23,240,605,1
2026-04-11,OP-044,Bulk,8.27,244,641,0
2026-04-11,OP-046,Ambient Pick,7.82,545,1591,3
2026-04-11,OP-047,Ambient Pick,7.29,433,724,4
2026-04-11,OP-048,Ambient Pick,7.45,540,1175,6
2026-04-13,OP-001,Ambient Pick,2.87,227,615,2
2026-04-13,OP-001,Chilled Pick,5.29,350,913,2
2026-04-13,OP-003,Bulk,6.01,293,879,2
2026-04-13,OP-003,Chilled Pick,0.6,52,166,0
2026-04-13,OP-004,Bulk,7.3,424,851,0
2026-04-13,OP-005,Bulk,7.45,447,779,3
2026-04-13,OP-007,Chilled Pick,7.96,590,1028,1
2026-04-13,OP-008,Ambient Pick,8.21,541,1311,5
2026-04-13,OP-009,Ambient Pick,7.23,566,1143,1
2026-04-13,OP-011,Ambient Pick,7.37,572,1035,5
2026-04-13,OP-011,Chilled Pick,0.8,49,125,0
2026-04-13,OP-013,Chilled Pick,7.21,498,1371,0
2026-04-13,OP-014,Ambient Pick,7.18,606,1027,2
2026-04-13,OP-015,Ambient Pick,7.89,512,1358,0
2026-04-13,OP-016,Ambient Pick,7.93,460,1390,11
2026-04-13,OP-017,Returns,7.65,289,675,1
2026-04-13,OP-018,Bulk,2.17,135,289,2
2026-04-13,OP-018,Ambient Pick,5.1,438,1171,0
2026-04-13,OP-019,Chilled Pick,1.57,107,225,1
2026-04-13,OP-019,Bulk,5.83,270,452,0
2026-04-13,OP-020,Ambient Pick,8.8,811,1578,3
2026-04-13,OP-021,Bulk,7.36,397,1052,1
2026-04-13,OP-022,Ambient Pick,6.82,586,1927,3
2026-04-13,OP-023,Chilled Pick,7.88,630,1783,2
2026-04-13,OP-024,Ambient Pick,7.06,625,1288,10
2026-04-13,OP-025,Ambient Pick,7.87,816,1648,6
2026-04-13,OP-026,Ambient Pick,8.59,874,2190,1
2026-04-13,OP-027,Ambient Pick,7.73,721,2198,5
2026-04-13,OP-028,Bulk,3.92,201,568,2
2026-04-13,OP-028,Ambient Pick,3.8,324,578,0
2026-04-13,OP-030,Bulk,7.07,401,1328,0
2026-04-13,OP-030,Chilled Pick,1.08,73,120,0
2026-04-13,OP-031,Bulk,7.7,387,1207,4
2026-04-13,OP-032,Chilled Pick,7.87,690,2140,4
2026-04-13,OP-033,Returns,7.57,332,706,1
2026-04-13,OP-034,Bulk,2.63,126,282,0
2026-04-13,OP-034,Chilled Pick,4.61,321,1004,3
2026-04-13,OP-035,Ambient Pick,5.84,549,1589,6
2026-04-13,OP-035,Chilled Pick,1.85,114,321,0
2026-04-13,OP-036,Returns,9.05,465,963,5
2026-04-13,OP-037,Ambient Pick,8.35,803,1347,5
2026-04-13,OP-038,Ambient Pick,6.61,491,1541,2
2026-04-13,OP-039,Ambient Pick,6.99,420,1088,5
2026-04-13,OP-041,Bulk,6.63,270,734,0
2026-04-13,OP-042,Ambient Pick,7.19,668,1682,11
2026-04-13,OP-043,Bulk,6.49,213,606,1
2026-04-13,OP-043,Chilled Pick,1.17,52,114,0
2026-04-13,OP-044,Bulk,7.59,247,692,2
2026-04-13,OP-047,Ambient Pick,8.43,587,1225,5
2026-04-13,OP-048,Bulk,7.05,331,529,2
2026-04-14,OP-002,Returns,7.94,248,587,3
2026-04-14,OP-004,Ambient Pick,7.55,606,1948,1
2026-04-14,OP-005,Ambient Pick,8.04,667,1417,3
2026-04-14,OP-008,Chilled Pick,1.64,91,186,0
2026-04-14,OP-008,Ambient Pick,6.44,437,1050,3
2026-04-14,OP-009,Chilled Pick,6.55,312,1028,0
2026-04-14,OP-009,Ambient Pick,1.69,103,182,0
2026-04-14,OP-010,Bulk,7.32,336,854,1
2026-04-14,OP-012,Bulk,7.24,377,732,1
2026-04-14,OP-013,Ambient Pick,1.96,141,294,1
2026-04-14,OP-013,Chilled Pick,5.32,313,1001,0
2026-04-14,OP-014,Chilled Pick,7.95,483,1523,1
2026-04-14,OP-015,Ambient Pick,3.64,183,561,0
2026-04-14,OP-015,Chilled Pick,3.67,173,406,2
2026-04-14,OP-017,Bulk,7.35,333,625,2
2026-04-14,OP-018,Ambient Pick,7.21,666,1177,1
2026-04-14,OP-021,Ambient Pick,7.42,670,2123,1
2026-04-14,OP-022,Chilled Pick,7.54,409,834,1
2026-04-14,OP-023,Ambient Pick,8.22,642,1889,1
2026-04-14,OP-024,Chilled Pick,7.16,415,1178,4
2026-04-14,OP-025,Ambient Pick,4.28,355,705,2
2026-04-14,OP-025,Bulk,3.26,136,326,0
2026-04-14,OP-026,Ambient Pick,8.74,665,1066,4
2026-04-14,OP-027,Ambient Pick,8.15,677,2172,4
2026-04-14,OP-028,Chilled Pick,2.22,129,371,2
2026-04-14,OP-028,Bulk,4.28,198,556,0
2026-04-14,OP-029,Ambient Pick,8.01,621,1928,3
2026-04-14,OP-030,Ambient Pick,6.59,491,1508,3
2026-04-14,OP-031,Ambient Pick,4.93,362,1168,0
2026-04-14,OP-031,Bulk,1.57,72,241,0
2026-04-14,OP-032,Ambient Pick,7.91,721,1757,5
2026-04-14,OP-033,Ambient Pick,4.73,360,1084,2
2026-04-14,OP-033,Chilled Pick,2.79,180,519,1
2026-04-14,OP-034,Returns,7.0,254,800,2
2026-04-14,OP-035,Ambient Pick,7.11,510,1192,2
2026-04-14,OP-036,Chilled Pick,7.47,515,1310,2
2026-04-14,OP-037,Ambient Pick,2.91,238,547,4
2026-04-14,OP-037,Bulk,4.81,211,490,0
2026-04-14,OP-038,Returns,7.19,197,554,3
2026-04-14,OP-039,Ambient Pick,6.7,305,501,5
2026-04-14,OP-039,Chilled Pick,0.65,23,68,0
2026-04-14,OP-040,Chilled Pick,8.04,615,2014,11
2026-04-14,OP-041,Chilled Pick,7.81,381,1193,3
2026-04-14,OP-042,Ambient Pick,8.02,708,1321,8
2026-04-14,OP-043,Returns,7.44,178,321,0
2026-04-14,OP-044,Returns,7.92,203,654,2
2026-04-14,OP-046,Ambient Pick,7.75,499,1684,3
2026-04-14,OP-047,Returns,8.48,220,526,3
2026-04-14,OP-048,Ambient Pick,7.53,450,987,4
2026-04-15,OP-001,Chilled Pick,7.58,484,1249,1
2026-04-15,OP-004,Bulk,7.29,325,944,3
2026-04-15,OP-005,Chilled Pick,4.35,267,779,2
2026-04-15,OP-005,Ambient Pick,3.26,244,818,0
2026-04-15,OP-008,Bulk,9.4,384,810,1
2026-04-15,OP-009,Chilled Pick,3.86,213,636,1
2026-04-15,OP-009,Bulk,3.36,107,235,0
2026-04-15,OP-010,Bulk,7.14,301,782,0
2026-04-15,OP-012,Returns,6.5,249,718,3
2026-04-15,OP-014,Bulk,6.29,260,857,0
2026-04-15,OP-015,Chilled Pick,7.08,316,634,0
2026-04-15,OP-016,Chilled Pick,8.05,295,849,4
2026-04-15,OP-017,Bulk,7.91,342,808,1
2026-04-15,OP-018,Chilled Pick,7.35,450,746,0
2026-04-15,OP-019,Returns,7.34,232,519,1
2026-04-15,OP-022,Chilled Pick,6.99,344,870,4
2026-04-15,OP-023,Bulk,3.88,200,339,0
2026-04-15,OP-023,Chilled Pick,4.28,290,614,2
2026-04-15,OP-024,Ambient Pick,6.72,479,1379,3
2026-04-15,OP-025,Ambient Pick,6.74,525,1764,3
2026-04-15,OP-026,Ambient Pick,8.12,661,1129,1
2026-04-15,OP-027,Ambient Pick,6.93,511,1502,1
2026-04-15,OP-028,Ambient Pick,7.52,578,1529,3
2026-04-15,OP-029,Bulk,8.6,331,849,1
2026-04-15,OP-030,Returns,7.47,260,592,3
2026-04-15,OP-031,Ambient Pick,8.71,562,1357,6
2026-04-15,OP-032,Ambient Pick,1.41,123,203,0
2026-04-15,OP-032,Bulk,6.18,263,740,1
2026-04-15,OP-033,Bulk,6.89,362,651,1
2026-04-15,OP-034,Ambient Pick,6.92,563,1393,1
2026-04-15,OP-035,Returns,6.93,218,377,3
2026-04-15,OP-036,Ambient Pick,8.4,775,2477,3
2026-04-15,OP-038,Bulk,7.25,214,700,1
2026-04-15,OP-039,Ambient Pick,7.26,300,522,5
2026-04-15,OP-040,Returns,4.36,179,324,4
2026-04-15,OP-040,Chilled Pick,2.99,233,598,0
2026-04-15,OP-046,Chilled Pick,5.56,267,551,1
2026-04-15,OP-046,Ambient Pick,1.4,84,265,3
2026-04-15,OP-047,Ambient Pick,7.93,467,1524,7
2026-04-15,OP-048,Chilled Pick,6.62,407,1356,3
2026-04-16,OP-001,Chilled Pick,7.61,479,1454,2
2026-04-16,OP-002,Returns,6.89,240,772,2
2026-04-16,OP-003,Bulk,7.93,352,796,0
2026-04-16,OP-004,Ambient Pick,7.52,556,1211,1
2026-04-16,OP-005,Returns,7.68,250,540,1
2026-04-16,OP-007,Chilled Pick,8.1,590,1722,5
2026-04-16,OP-008,Ambient Pick,7.7,515,1423,6
2026-04-16,OP-009,Bulk,1.29,44,136,0
2026-04-16,OP-009,Returns,5.33,156,447,1
2026-04-16,OP-010,Bulk,7.46,337,972,0
2026-04-16,OP-011,Ambient Pick,8.09,464,1057,1
2026-04-16,OP-012,Chilled Pick,8.19,537,1274,4
2026-04-16,OP-015,Chilled Pick,8.21,370,678,1
2026-04-16,OP-016,Chilled Pick,7.24,290,496,4
2026-04-16,OP-017,Ambient Pick,6.44,531,1068,2
2026-04-16,OP-018,Bulk,8.58,386,903,1
2026-04-16,OP-019,Ambient Pick,8.41,590,1508,0
2026-04-16,OP-020,Bulk,7.38,306,790,3
2026-04-16,OP-021,Chilled Pick,8.09,584,978,0
2026-04-16,OP-022,Chilled Pick,7.23,375,623,1
2026-04-16,OP-023,Chilled Pick,6.86,459,1014,2
2026-04-16,OP-024,Ambient Pick,7.7,480,1346,5
2026-04-16,OP-025,Chilled Pick,7.2,493,1471,3
2026-04-16,OP-026,Bulk,6.56,313,523,0
2026-04-16,OP-027,Chilled Pick,7.65,467,1215,0
2026-04-16,OP-028,Chilled Pick,6.67,414,866,3
2026-04-16,OP-029,Bulk,7.42,295,701,0
2026-04-16,OP-030,Chilled Pick,8.86,569,1777,2
2026-04-16,OP-031,Ambient Pick,7.19,544,1628,2
2026-04-16,OP-032,Bulk,8.36,451,1455,1
2026-04-16,OP-033,Bulk,7.5,311,881,1
2026-04-16,OP-035,Ambient Pick,6.51,495,1655,5
2026-04-16,OP-036,Returns,7.3,334,549,0
2026-04-16,OP-037,Chilled Pick,7.78,474,1175,1
2026-04-16,OP-038,Ambient Pick,7.21,446,1248,5
2026-04-16,OP-039,Chilled Pick,8.51,328,861,6
2026-04-16,OP-040,Chilled Pick,4.43,289,576,5
2026-04-16,OP-040,Returns,3.24,138,359,2
2026-04-16,OP-041,Ambient Pick,6.66,407,1375,0
2026-04-16,OP-042,Ambient Pick,7.21,544,1020,4
2026-04-16,OP-043,Chilled Pick,7.88,340,962,1
2026-04-16,OP-044,Ambient Pick,8.14,385,1252,1
2026-04-16,OP-046,Ambient Pick,7.69,512,1422,1
2026-04-16,OP-047,Chilled Pick,4.44,233,527,6
2026-04-16,OP-047,Ambient Pick,3.11,197,348,0
2026-04-16,OP-048,Ambient Pick,3.2,237,590,2
2026-04-16,OP-048,Bulk,3.92,151,416,4
2026-04-17,OP-001,Chilled Pick,7.25,413,864,2
2026-04-17,OP-004,Ambient Pick,6.77,488,969,2
2026-04-17,OP-005,Ambient Pick,5.76,483,953,5
2026-04-17,OP-005,Returns,2.17,76,185,0
2026-04-17,OP-007,Ambient Pick,7.81,691,2260,4
2026-04-17,OP-008,Ambient Pick,7.53,529,1488,2
2026-04-17,OP-009,Bulk,4.81,158,396,0
2026-04-17,OP-009,Ambient Pick,2.74,174,294,2
2026-04-17,OP-010,Returns,8.83,314,604,0
2026-04-17,OP-011,Ambient Pick,7.47,418,956,2
2026-04-17,OP-014,Ambient Pick,7.45,478,1369,0
2026-04-17,OP-017,Bulk,7.56,302,897,1
2026-04-17,OP-019,Bulk,8.07,336,914,0
2026-04-17,OP-020,Ambient Pick,7.12,540,1760,4
2026-04-17,OP-021,Ambient Pick,1.4,120,384,0
2026-04-17,OP-021,Chilled Pick,5.48,391,627,0
2026-04-17,OP-022,Chilled Pick,7.46,385,629,5
2026-04-17,OP-023,Ambient Pick,7.64,539,939,2
2026-04-17,OP-024,Bulk,7.7,301,794,1
2026-04-17,OP-025,Ambient Pick,8.03,625,1169,4
2026-04-17,OP-026,Returns,2.24,93,296,0
2026-04-17,OP-026,Ambient Pick,4.2,358,683,1
2026-04-17,OP-027,Chilled Pick,7.78,444,1416,0
2026-04-17,OP-028,Ambient Pick,7.66,563,1764,0
2026-04-17,OP-029,Ambient Pick,6.26,460,1137,0
2026-04-17,OP-029,Bulk,2.23,83,153,0
2026-04-17,OP-030,Chilled Pick,7.2,392,1180,2
2026-04-17,OP-031,Ambient Pick,8.91,680,1462,5
2026-04-17,OP-032,Ambient Pick,6.96,709,2026,2
2026-04-17,OP-033,Bulk,7.18,318,924,1
2026-04-17,OP-034,Bulk,6.94,317,667,3
2026-04-17,OP-035,Bulk,7.25,261,788,2
2026-04-17,OP-036,Bulk,8.27,453,985,2
2026-04-17,OP-037,Returns,6.75,260,545,0
2026-04-17,OP-038,Ambient Pick,7.61,490,1006,4
2026-04-17,OP-040,Bulk,8.22,430,701,4
2026-04-17,OP-041,Returns,3.75,92,153,1
2026-04-17,OP-041,Ambient Pick,2.92,166,524,2
2026-04-17,OP-042,Bulk,7.87,384,1023,0
2026-04-17,OP-043,Chilled Pick,7.63,321,585,3
2026-04-17,OP-044,Chilled Pick,7.18,329,754,2
2026-04-17,OP-045,Chilled Pick,7.17,220,652,2
2026-04-17,OP-046,Chilled Pick,7.66,427,1244,2
2026-04-17,OP-047,Chilled Pick,6.76,302,544,2
2026-04-17,OP-048,Ambient Pick,7.47,579,1377,4
2026-04-18,OP-001,Ambient Pick,6.92,528,1033,1
2026-04-18,OP-002,Chilled Pick,7.68,470,1042,0
2026-04-18,OP-003,Ambient Pick,7.75,574,961,2
2026-04-18,OP-004,Ambient Pick,8.45,600,1691,0
2026-04-18,OP-005,Chilled Pick,6.84,443,744,4
2026-04-18,OP-007,Chilled Pick,7.34,499,1589,2
2026-04-18,OP-008,Chilled Pick,6.64,405,942,2
2026-04-18,OP-010,Chilled Pick,7.58,384,1108,1
2026-04-18,OP-011,Ambient Pick,7.4,516,826,4
2026-04-18,OP-012,Chilled Pick,7.76,467,1250,2
2026-04-18,OP-013,Chilled Pick,3.85,236,649,2
2026-04-18,OP-013,Bulk,4.72,240,485,0
2026-04-18,OP-014,Chilled Pick,7.35,442,1093,0
2026-04-18,OP-015,Ambient Pick,0.72,41,79,0
2026-04-18,OP-015,Bulk,6.48,213,554,0
2026-04-18,OP-017,Ambient Pick,1.9,141,428,2
2026-04-18,OP-017,Chilled Pick,5.77,334,780,1
2026-04-18,OP-018,Bulk,8.33,371,797,0
2026-04-18,OP-019,Chilled Pick,6.13,314,908,1
2026-04-18,OP-019,Ambient Pick,1.31,98,260,1
2026-04-18,OP-020,Bulk,6.75,293,990,2
2026-04-18,OP-021,Bulk,8.35,392,1291,2
2026-04-18,OP-022,Ambient Pick,7.05,462,1279,2
2026-04-18,OP-023,Chilled Pick,0.55,37,61,0
2026-04-18,OP-023,Bulk,7.03,292,925,2
2026-04-18,OP-024,Bulk,7.78,316,979,0
2026-04-18,OP-025,Ambient Pick,1.8,156,354,0
2026-04-18,OP-025,Chilled Pick,6.7,447,1316,1
2026-04-18,OP-026,Bulk,7.82,345,1067,0
2026-04-18,OP-027,Ambient Pick,7.12,496,1188,1
2026-04-18,OP-028,Ambient Pick,6.66,545,1003,2
2026-04-18,OP-029,Bulk,5.91,243,493,1
2026-04-18,OP-029,Returns,1.11,37,96,0
2026-04-18,OP-030,Ambient Pick,0.7,53,102,0
2026-04-18,OP-030,Bulk,6.76,312,516,0
2026-04-18,OP-031,Bulk,6.43,297,795,1
2026-04-18,OP-032,Chilled Pick,8.72,632,2041,2
2026-04-18,OP-033,Ambient Pick,7.78,688,1736,3
2026-04-18,OP-034,Ambient Pick,6.31,459,1327,5
2026-04-18,OP-035,Returns,8.42,263,840,1
2026-04-18,OP-036,Chilled Pick,4.18,341,595,3
2026-04-18,OP-036,Bulk,3.88,233,554,0
2026-04-18,OP-037,Ambient Pick,6.33,506,1091,3
2026-04-18,OP-038,Returns,7.31,229,769,2
2026-04-18,OP-039,Bulk,8.38,229,698,3
2026-04-18,OP-040,Ambient Pick,7.6,702,1964,6
2026-04-18,OP-042,Bulk,7.49,316,859,3
2026-04-18,OP-043,Chilled Pick,2.69,115,256,2
2026-04-18,OP-043,Ambient Pick,4.57,255,820,1
2026-04-18,OP-044,Bulk,7.61,225,575,0
2026-04-18,OP-045,Ambient Pick,6.57,260,786,0
2026-04-18,OP-046,Ambient Pick,7.14,411,896,3
2026-04-18,OP-047,Chilled Pick,4.7,232,467,4
2026-04-18,OP-047,Bulk,3.43,124,415,3
2026-04-18,OP-048,Ambient Pick,7.25,516,1169,9
2026-04-20,OP-001,Ambient Pick,8.33,756,2260,7
2026-04-20,OP-002,Bulk,8.03,357,1078,0
2026-04-20,OP-003,Bulk,6.54,307,792,2
2026-04-20,OP-003,Ambient Pick,0.59,50,129,0
2026-04-20,OP-004,Ambient Pick,6.15,581,1281,1
2026-04-20,OP-005,Bulk,1.05,59,183,0
2026-04-20,OP-005,Chilled Pick,6.31,423,1363,2
2026-04-20,OP-007,Ambient Pick,2.52,273,676,1
2026-04-20,OP-007,Bulk,4.33,272,541,3
2026-04-20,OP-008,Bulk,7.47,399,958,1
2026-04-20,OP-009,Ambient Pick,3.51,290,790,1
2026-04-20,OP-009,Bulk,4.55,228,662,0
2026-04-20,OP-011,Chilled Pick,3.53,241,743,5
2026-04-20,OP-011,Ambient Pick,4.03,323,948,3
2026-04-20,OP-012,Ambient Pick,2.07,200,658,0
2026-04-20,OP-012,Chilled Pick,5.45,384,941,2
2026-04-20,OP-013,Ambient Pick,7.86,694,2329,2
2026-04-20,OP-014,Chilled Pick,6.97,498,1160,0
2026-04-20,OP-015,Bulk,5.53,214,408,1
2026-04-20,OP-015,Ambient Pick,2.49,155,327,0
2026-04-20,OP-016,Chilled Pick,1.24,62,131,0
2026-04-20,OP-016,Bulk,5.65,209,658,2
2026-04-20,OP-017,Ambient Pick,1.78,173,342,0
2026-04-20,OP-017,Returns,7.32,335,1024,2
2026-04-20,OP-018,Ambient Pick,4.92,429,1012,0
2026-04-20,OP-018,Bulk,2.56,145,337,0
2026-04-20,OP-019,Chilled Pick,7.47,509,1386,4
2026-04-20,OP-021,Chilled Pick,6.8,553,1861,2
2026-04-20,OP-022,Bulk,8.05,325,1060,1
2026-04-20,OP-023,Bulk,3.36,217,383,0
2026-04-20,OP-023,Ambient Pick,3.72,304,989,3
2026-04-20,OP-024,Chilled Pick,8.07,516,1069,8
2026-04-20,OP-025,Returns,6.64,281,818,2
2026-04-20,OP-026,Chilled Pick,6.39,577,1212,3
2026-04-20,OP-028,Ambient Pick,7.04,599,1709,3
2026-04-20,OP-029,Chilled Pick,7.58,565,1884,1
2026-04-20,OP-030,Ambient Pick,7.34,683,2216,2
2026-04-20,OP-031,Ambient Pick,7.71,740,1841,5
2026-04-20,OP-033,Bulk,7.86,449,1360,1
2026-04-20,OP-034,Ambient Pick,7.4,660,1392,2
2026-04-20,OP-035,Ambient Pick,7.16,554,979,3
2026-04-20,OP-036,Bulk,6.79,475,1337,1
2026-04-20,OP-037,Bulk,4.36,250,637,0
2026-04-20,OP-037,Returns,3.3,146,235,4
2026-04-20,OP-038,Ambient Pick,8.11,596,1974,3
2026-04-20,OP-039,Ambient Pick,3.08,164,429,3
2026-04-20,OP-039,Returns,5.62,131,253,0
2026-04-20,OP-041,Bulk,7.34,290,927,3
2026-04-20,OP-042,Bulk,6.27,280,868,0
2026-04-20,OP-042,Ambient Pick,2.55,235,701,2
2026-04-20,OP-043,Chilled Pick,7.67,436,989,8
2026-04-20,OP-044,Ambient Pick,7.27,460,1040,3
2026-04-20,OP-045,Bulk,7.38,177,294,1
2026-04-20,OP-046,Chilled Pick,2.52,156,465,1
2026-04-20,OP-046,Ambient Pick,5.21,462,1357,3
2026-04-20,OP-047,Ambient Pick,6.11,417,1184,1
2026-04-20,OP-047,Returns,1.7,56,99,3
2026-04-20,OP-048,Ambient Pick,6.1,482,936,2
2026-04-20,OP-048,Bulk,1.42,65,203,0
2026-04-21,OP-001,Bulk,7.36,289,864,0
2026-04-21,OP-002,Chilled Pick,4.33,251,641,2
2026-04-21,OP-002,Bulk,2.62,115,372,0
2026-04-21,OP-003,Ambient Pick,7.9,523,1755,4
2026-04-21,OP-004,Ambient Pick,3.75,287,528,0
2026-04-21,OP-004,Chilled Pick,4.31,247,549,2
2026-04-21,OP-005,Ambient Pick,7.24,632,1648,1
2026-04-21,OP-007,Chilled Pick,4.98,363,908,0
2026-04-21,OP-007,Ambient Pick,2.77,240,545,0
2026-04-21,OP-008,Bulk,5.05,182,611,2
2026-04-21,OP-008,Ambient Pick,3.0,193,599,1
2026-04-21,OP-009,Chilled Pick,5.73,281,481,0
2026-04-21,OP-009,Ambient Pick,1.76,107,329,3
2026-04-21,OP-010,Ambient Pick,6.44,510,1268,4
2026-04-21,OP-011,Returns,6.88,224,757,2
2026-04-21,OP-012,Bulk,7.29,338,997,2
2026-04-21,OP-013,Bulk,2.29,100,186,0
2026-04-21,OP-013,Ambient Pick,5.23,384,916,1
2026-04-21,OP-014,Bulk,7.04,287,478,0
2026-04-21,OP-015,Chilled Pick,8.04,358,1106,0
2026-04-21,OP-016,Bulk,7.61,208,583,2
2026-04-21,OP-018,Ambient Pick,6.97,538,1601,0
2026-04-21,OP-019,Ambient Pick,1.7,118,342,1
2026-04-21,OP-019,Bulk,5.06,239,446,1
2026-04-21,OP-020,Ambient Pick,5.63,408,1271,0
2026-04-21,OP-020,Bulk,1.73,68,131,0
2026-04-21,OP-021,Ambient Pick,8.19,667,1770,2
2026-04-21,OP-022,Bulk,7.56,257,515,0
2026-04-21,OP-023,Returns,8.64,282,503,2
2026-04-21,OP-024,Bulk,7.25,330,593,0
2026-04-21,OP-025,Bulk,7.48,364,1055,0
2026-04-21,OP-026,Bulk,7.08,361,942,0
2026-04-21,OP-027,Ambient Pick,0.89,61,200,0
2026-04-21,OP-027,Chilled Pick,6.35,334,659,3
2026-04-21,OP-028,Chilled Pick,7.76,499,987,2
2026-04-21,OP-028,Ambient Pick,0.66,53,145,0
2026-04-21,OP-029,Ambient Pick,7.85,607,1226,2
2026-04-21,OP-030,Ambient Pick,7.43,627,1373,2
2026-04-21,OP-031,Returns,8.83,295,765,1
2026-04-21,OP-033,Ambient Pick,6.76,575,1379,0
2026-04-21,OP-034,Bulk,6.97,297,699,1
2026-04-21,OP-034,Ambient Pick,1.01,79,201,0
2026-04-21,OP-035,Chilled Pick,8.13,506,1690,0
2026-04-21,OP-036,Bulk,4.48,221,654,0
2026-04-21,OP-036,Ambient Pick,3.0,299,782,1
2026-04-21,OP-037,Returns,6.13,237,744,0
2026-04-21,OP-037,Bulk,1.12,48,144,0
2026-04-21,OP-039,Ambient Pick,0.58,27,83,0
2026-04-21,OP-039,Returns,8.01,185,414,2
2026-04-21,OP-040,Bulk,7.13,345,615,0
2026-04-21,OP-041,Ambient Pick,7.96,469,1359,2
2026-04-21,OP-042,Ambient Pick,6.81,546,1004,4
2026-04-21,OP-044,Bulk,7.45,224,521,0
2026-04-21,OP-045,Bulk,7.68,150,320,1
2026-04-21,OP-046,Ambient Pick,7.47,515,1269,3
2026-04-21,OP-046,Bulk,1.62,66,113,0
2026-04-21,OP-048,Ambient Pick,7.61,546,1480,4
2026-04-22,OP-001,Returns,7.11,214,519,3
2026-04-22,OP-002,Returns,6.42,210,412,1
2026-04-22,OP-002,Bulk,1.16,45,93,0
2026-04-22,OP-003,Chilled Pick,5.32,346,560,1
2026-04-22,OP-003,Bulk,2.61,113,244,1
2026-04-22,OP-004,Chilled Pick,7.52,536,1652,1
2026-04-22,OP-005,Ambient Pick,7.2,521,1471,3
2026-04-22,OP-007,Bulk,4.13,224,489,0
2026-04-22,OP-007,Chilled Pick,3.73,227,465,1
2026-04-22,OP-008,Bulk,8.66,363,717,2
2026-04-22,OP-009,Chilled Pick,7.81,421,1227,0
2026-04-22,OP-012,Ambient Pick,3.99,374,829,3
2026-04-22,OP-012,Chilled Pick,3.65,255,463,0
2026-04-22,OP-013,Bulk,1.29,55,178,0
2026-04-22,OP-013,Ambient Pick,6.31,531,1654,1
2026-04-22,OP-014,Bulk,8.87,377,671,0
2026-04-22,OP-015,Bulk,2.93,98,220,0
2026-04-22,OP-015,Ambient Pick,5.01,312,520,1
2026-04-22,OP-016,Ambient Pick,2.92,158,396,0
2026-04-22,OP-016,Chilled Pick,5.11,185,376,5
2026-04-22,OP-017,Ambient Pick,8.04,598,1958,4
2026-04-22,OP-018,Ambient Pick,7.45,643,2151,2
2026-04-22,OP-019,Chilled Pick,7.89,465,1513,2
2026-04-22,OP-020,Returns,4.2,137,273,0
2026-04-22,OP-020,Ambient Pick,2.21,162,321,0
2026-04-22,OP-021,Returns,7.12,267,606,3
2026-04-22,OP-022,Ambient Pick,7.71,480,1447,1
2026-04-22,OP-023,Ambient Pick,3.37,308,936,1
2026-04-22,OP-023,Chilled Pick,5.05,315,672,1
2026-04-22,OP-024,Ambient Pick,8.14,549,1860,2
2026-04-22,OP-025,Bulk,4.35,199,502,0
2026-04-22,OP-025,Chilled Pick,2.51,157,390,0
2026-04-22,OP-026,Returns,8.45,324,714,2
2026-04-22,OP-027,Chilled Pick,7.21,405,734,0
2026-04-22,OP-028,Chilled Pick,6.99,387,1008,2
2026-04-22,OP-030,Bulk,7.16,326,647,2
2026-04-22,OP-031,Ambient Pick,7.51,508,1088,4
2026-04-22,OP-032,Ambient Pick,7.21,613,1874,3
2026-04-22,OP-034,Ambient Pick,2.57,226,459,0
2026-04-22,OP-034,Returns,5.83,185,404,2
2026-04-22,OP-035,Bulk,2.82,110,371,0
2026-04-22,OP-035,Returns,4.81,141,419,3
2026-04-22,OP-037,Bulk,8.09,356,1148,1
2026-04-22,OP-038,Chilled Pick,8.12,408,895,2
2026-04-22,OP-039,Chilled Pick,5.2,185,621,2
2026-04-22,OP-039,Bulk,2.1,54,87,1
2026-04-22,OP-040,Ambient Pick,7.49,707,1795,7
2026-04-22,OP-041,Chilled Pick,8.54,415,673,1
2026-04-22,OP-042,Bulk,6.61,271,439,2
2026-04-22,OP-043,Ambient Pick,4.57,217,569,2
2026-04-22,OP-043,Chilled Pick,3.33,134,390,2
2026-04-22,OP-044,Bulk,8.99,236,496,0
2026-04-22,OP-045,Bulk,7.11,154,368,3
2026-04-22,OP-047,Chilled Pick,7.52,431,1124,10
2026-04-22,OP-048,Bulk,6.4,249,472,0
2026-04-23,OP-001,Bulk,0.65,26,85,0
2026-04-23,OP-001,Ambient Pick,7.85,557,1002,3
2026-04-23,OP-002,Ambient Pick,0.88,62,155,0
2026-04-23,OP-002,Returns,6.18,214,617,0
2026-04-23,OP-003,Ambient Pick,7.02,515,1423,1
2026-04-23,OP-004,Ambient Pick,8.44,623,1193,3
2026-04-23,OP-005,Returns,7.44,263,512,4
2026-04-23,OP-007,Ambient Pick,8.51,753,1599,4
2026-04-23,OP-008,Chilled Pick,6.9,393,646,0
2026-04-23,OP-009,Bulk,6.85,263,744,0
2026-04-23,OP-010,Chilled Pick,6.84,461,945,1
2026-04-23,OP-011,Ambient Pick,7.04,519,994,3
2026-04-23,OP-014,Chilled Pick,7.77,430,860,0
2026-04-23,OP-015,Returns,6.93,183,447,1
2026-04-23,OP-016,Ambient Pick,6.12,329,737,2
2026-04-23,OP-017,Ambient Pick,7.91,621,1493,0
2026-04-23,OP-018,Ambient Pick,7.45,617,1936,1
2026-04-23,OP-019,Returns,1.25,41,88,0
2026-04-23,OP-019,Ambient Pick,6.89,572,1458,0
2026-04-23,OP-020,Ambient Pick,7.55,569,1906,3
2026-04-23,OP-021,Ambient Pick,7.74,671,1572,0
2026-04-23,OP-022,Bulk,7.86,294,537,0
2026-04-23,OP-023,Ambient Pick,7.43,577,1399,1
2026-04-23,OP-024,Ambient Pick,7.7,485,1493,1
2026-04-23,OP-025,Ambient Pick,8.21,767,1540,2
2026-04-23,OP-027,Ambient Pick,2.42,181,423,0
2026-04-23,OP-027,Bulk,5.42,247,443,1
2026-04-23,OP-028,Ambient Pick,6.85,506,1612,2
2026-04-23,OP-029,Chilled Pick,7.96,463,859,0
2026-04-23,OP-030,Bulk,6.99,355,1081,1
2026-04-23,OP-031,Bulk,4.2,186,452,0
2026-04-23,OP-031,Ambient Pick,3.24,258,689,1
2026-04-23,OP-032,Chilled Pick,7.35,561,1172,0
2026-04-23,OP-035,Bulk,7.71,289,543,1
2026-04-23,OP-036,Ambient Pick,6.37,680,1319,4
2026-04-23,OP-036,Chilled Pick,1.52,117,235,0
2026-04-23,OP-037,Chilled Pick,7.31,444,1010,2
2026-04-23,OP-038,Ambient Pick,5.69,325,951,2
2026-04-23,OP-038,Bulk,2.45,90,195,1
2026-04-23,OP-039,Ambient Pick,7.56,385,1190,2
2026-04-23,OP-041,Returns,6.99,178,555,0
2026-04-23,OP-042,Bulk,7.1,300,863,0
2026-04-23,OP-042,Ambient Pick,1.0,78,141,0
2026-04-23,OP-044,Chilled Pick,7.39,316,994,1
2026-04-23,OP-045,Chilled Pick,7.82,215,641,4
2026-04-23,OP-046,Ambient Pick,6.46,516,1238,3
2026-04-23,OP-046,Bulk,0.92,33,104,0
2026-04-23,OP-047,Bulk,7.88,255,498,4
2026-04-23,OP-048,Ambient Pick,7.16,523,1537,6
2026-04-24,OP-001,Bulk,7.68,373,840,0
2026-04-24,OP-002,Bulk,6.62,285,663,0
2026-04-24,OP-002,Ambient Pick,1.02,82,134,0
2026-04-24,OP-003,Ambient Pick,7.39,483,1519,0
2026-04-24,OP-003,Returns,1.05,32,73,0
2026-04-24,OP-004,Chilled Pick,7.25,433,1084,1
2026-04-24,OP-005,Bulk,7.68,365,1116,3
2026-04-24,OP-007,Chilled Pick,8.17,556,1409,6
2026-04-24,OP-008,Bulk,6.41,269,808,0
2026-04-24,OP-009,Ambient Pick,7.28,460,1408,2
2026-04-24,OP-010,Ambient Pick,6.85,523,1511,1
2026-04-24,OP-011,Ambient Pick,6.0,454,908,3
2026-04-24,OP-012,Ambient Pick,3.04,284,882,1
2026-04-24,OP-012,Returns,4.76,181,451,0
2026-04-24,OP-013,Ambient Pick,7.89,577,1212,4
2026-04-24,OP-014,Chilled Pick,7.43,479,1455,0
2026-04-24,OP-016,Ambient Pick,7.01,336,709,2
2026-04-24,OP-017,Chilled Pick,6.83,424,1150,4
2026-04-24,OP-019,Chilled Pick,7.86,459,1099,5
2026-04-24,OP-020,Ambient Pick,1.55,107,193,0
2026-04-24,OP-020,Bulk,6.72,303,677,3
2026-04-24,OP-021,Bulk,7.1,353,745,1
2026-04-24,OP-022,Ambient Pick,4.04,261,494,2
2026-04-24,OP-022,Bulk,4.57,163,325,0
2026-04-24,OP-024,Returns,7.9,245,583,1
2026-04-24,OP-025,Ambient Pick,4.06,338,900,5
2026-04-24,OP-025,Bulk,4.51,199,575,0
2026-04-24,OP-026,Ambient Pick,7.77,747,2136,2
2026-04-24,OP-027,Bulk,8.03,315,634,0
2026-04-24,OP-028,Ambient Pick,7.59,611,1081,4
2026-04-24,OP-030,Ambient Pick,8.2,677,1950,2
2026-04-24,OP-031,Ambient Pick,7.56,580,1024,4
2026-04-24,OP-032,Chilled Pick,8.09,697,1593,7
2026-04-24,OP-034,Bulk,7.07,311,883,0
2026-04-24,OP-035,Ambient Pick,7.5,543,903,2
2026-04-24,OP-036,Ambient Pick,8.06,833,1657,0
2026-04-24,OP-037,Ambient Pick,7.6,616,1516,3
2026-04-24,OP-038,Ambient Pick,6.83,410,940,1
2026-04-24,OP-039,Ambient Pick,7.58,336,608,3
2026-04-24,OP-040,Ambient Pick,7.68,708,2023,6
2026-04-24,OP-041,Ambient Pick,8.33,554,1063,0
2026-04-24,OP-042,Bulk,7.66,347,1074,0
2026-04-24,OP-043,Bulk,3.85,120,384,1
2026-04-24,OP-043,Returns,3.7,92,214,1
2026-04-24,OP-044,Ambient Pick,8.4,434,1306,0
2026-04-24,OP-045,Ambient Pick,7.99,286,764,5
2026-04-24,OP-046,Chilled Pick,0.95,48,140,0
2026-04-24,OP-046,Bulk,5.95,242,647,0
2026-04-24,OP-048,Ambient Pick,6.72,442,1267,5
2026-04-25,OP-001,Ambient Pick,8.21,675,1113,1
2026-04-25,OP-002,Ambient Pick,1.4,105,280,0
2026-04-25,OP-002,Bulk,6.26,288,854,1
2026-04-25,OP-003,Ambient Pick,6.81,512,948,4
2026-04-25,OP-004,Bulk,8.47,366,1159,0
2026-04-25,OP-005,Bulk,7.59,348,685,3
2026-04-25,OP-006,Chilled Pick,7.29,294,722,1
2026-04-25,OP-007,Returns,7.1,306,494,1
2026-04-25,OP-008,Chilled Pick,7.47,394,983,0
2026-04-25,OP-009,Ambient Pick,6.2,405,769,2
2026-04-25,OP-009,Bulk,1.09,38,90,0
2026-04-25,OP-011,Ambient Pick,8.32,563,1908,3
2026-04-25,OP-012,Ambient Pick,3.5,329,1072,2
2026-04-25,OP-012,Chilled Pick,3.75,242,461,1
2026-04-25,OP-013,Ambient Pick,4.27,356,812,1
2026-04-25,OP-013,Bulk,3.6,139,365,0
2026-04-25,OP-014,Chilled Pick,7.02,428,1148,0
2026-04-25,OP-015,Ambient Pick,2.47,130,314,0
2026-04-25,OP-015,Chilled Pick,4.67,230,724,0
2026-04-25,OP-016,Ambient Pick,8.99,465,1195,6
2026-04-25,OP-017,Returns,6.94,246,540,2
2026-04-25,OP-019,Ambient Pick,5.84,421,1381,0
2026-04-25,OP-019,Chilled Pick,1.11,61,105,0
2026-04-25,OP-020,Bulk,8.14,365,657,0
2026-04-25,OP-021,Returns,7.59,279,541,0
2026-04-25,OP-022,Bulk,7.68,286,778,0
2026-04-25,OP-023,Chilled Pick,7.18,369,915,3
2026-04-25,OP-024,Chilled Pick,6.98,394,679,2
2026-04-25,OP-025,Bulk,7.46,348,948,0
2026-04-25,OP-026,Returns,8.86,373,1101,2
2026-04-25,OP-027,Bulk,7.05,308,878,1
2026-04-25,OP-028,Bulk,7.17,300,818,1
2026-04-25,OP-029,Chilled Pick,7.48,393,1025,3
2026-04-25,OP-030,Ambient Pick,8.09,603,1809,5
2026-04-25,OP-031,Bulk,5.61,209,554,1
2026-04-25,OP-031,Returns,2.09,62,179,0
2026-04-25,OP-032,Ambient Pick,1.62,143,379,4
2026-04-25,OP-032,Returns,5.95,248,511,0
2026-04-25,OP-034,Ambient Pick,7.65,544,907,3
2026-04-25,OP-035,Ambient Pick,6.59,425,1332,0
2026-04-25,OP-036,Ambient Pick,8.54,852,2851,3
2026-04-25,OP-037,Ambient Pick,6.39,426,1413,2
2026-04-25,OP-038,Chilled Pick,7.19,360,833,4
2026-04-25,OP-039,Bulk,8.77,249,767,3
2026-04-25,OP-040,Ambient Pick,6.83,587,1218,6
2026-04-25,OP-041,Chilled Pick,4.99,206,393,0
2026-04-25,OP-041,Ambient Pick,2.32,151,393,0
2026-04-25,OP-042,Ambient Pick,7.53,628,1512,6
2026-04-25,OP-043,Bulk,8.18,271,596,3
2026-04-25,OP-044,Bulk,7.01,198,556,0
2026-04-25,OP-048,Chilled Pick,8.26,504,1256,5
2026-04-27,OP-002,Ambient Pick,8.46,732,1991,3
2026-04-27,OP-003,Ambient Pick,7.03,666,1301,2
2026-04-27,OP-004,Ambient Pick,8.14,766,2546,1
2026-04-27,OP-005,Bulk,7.62,443,799,2
2026-04-27,OP-009,Ambient Pick,7.21,550,914,3
2026-04-27,OP-010,Ambient Pick,7.34,682,1597,3
2026-04-27,OP-011,Bulk,7.83,441,1181,2
2026-04-27,OP-014,Bulk,7.96,379,1209,2
2026-04-27,OP-015,Bulk,3.99,149,266,0
2026-04-27,OP-015,Ambient Pick,4.43,271,836,1
2026-04-27,OP-017,Chilled Pick,8.09,596,1850,1
2026-04-27,OP-018,Bulk,6.39,316,889,0
2026-04-27,OP-019,Ambient Pick,7.88,733,2280,2
2026-04-27,OP-020,Ambient Pick,7.65,709,1414,8
2026-04-27,OP-021,Ambient Pick,1.76,158,272,2
2026-04-27,OP-021,Chilled Pick,5.21,412,1339,2
2026-04-27,OP-022,Returns,7.72,240,623,2
2026-04-27,OP-024,Returns,7.2,252,675,0
2026-04-27,OP-025,Bulk,0.89,49,84,1
2026-04-27,OP-025,Ambient Pick,5.69,598,1998,4
2026-04-27,OP-026,Bulk,7.34,399,1232,1
2026-04-27,OP-027,Bulk,3.84,197,584,0
2026-04-27,OP-027,Ambient Pick,3.63,346,573,0
2026-04-27,OP-028,Chilled Pick,8.34,558,1188,2
2026-04-27,OP-029,Ambient Pick,1.25,98,326,0
2026-04-27,OP-029,Returns,5.78,245,676,5
2026-04-27,OP-030,Bulk,6.63,370,1029,4
2026-04-27,OP-030,Chilled Pick,1.02,81,220,3
2026-04-27,OP-031,Ambient Pick,7.84,754,2427,7
2026-04-27,OP-032,Bulk,7.26,411,824,1
2026-04-27,OP-033,Ambient Pick,7.3,752,2330,0
2026-04-27,OP-034,Ambient Pick,7.89,718,2416,2
2026-04-27,OP-035,Chilled Pick,7.46,541,969,5
2026-04-27,OP-036,Ambient Pick,8.13,907,2426,6
2026-04-27,OP-037,Bulk,6.97,372,903,1
2026-04-27,OP-040,Ambient Pick,7.96,913,2813,11
2026-04-27,OP-042,Ambient Pick,8.68,836,1445,7
2026-04-27,OP-044,Returns,7.82,230,721,5
2026-04-27,OP-045,Bulk,0.52,14,47,0
2026-04-27,OP-045,Chilled Pick,5.91,240,534,8
2026-04-27,OP-046,Chilled Pick,5.98,368,963,6
2026-04-27,OP-046,Ambient Pick,2.29,167,545,0
2026-04-27,OP-047,Bulk,7.48,366,1203,2
2026-04-27,OP-048,Ambient Pick,8.69,766,1819,10
2026-04-28,OP-001,Bulk,6.63,321,544,1
2026-04-28,OP-001,Ambient Pick,1.38,95,288,1
2026-04-28,OP-002,Chilled Pick,6.94,410,992,0
2026-04-28,OP-003,Ambient Pick,7.81,541,1327,3
2026-04-28,OP-004,Returns,1.91,63,148,0
2026-04-28,OP-004,Ambient Pick,6.76,534,1555,1
2026-04-28,OP-005,Ambient Pick,7.13,582,1161,3
2026-04-28,OP-006,Ambient Pick,7.88,375,676,2
2026-04-28,OP-007,Ambient Pick,1.91,146,492,0
2026-04-28,OP-007,Returns,4.92,201,397,0
2026-04-28,OP-008,Returns,1.28,37,115,0
2026-04-28,OP-008,Chilled Pick,5.96,383,1263,2
2026-04-28,OP-010,Ambient Pick,7.01,608,1442,2
2026-04-28,OP-011,Ambient Pick,7.19,537,967,2
2026-04-28,OP-012,Chilled Pick,2.0,139,271,0
2026-04-28,OP-012,Returns,5.62,201,518,2
2026-04-28,OP-013,Bulk,7.44,308,575,1
2026-04-28,OP-014,Ambient Pick,7.15,528,1745,2
2026-04-28,OP-015,Ambient Pick,2.93,155,438,0
2026-04-28,OP-015,Chilled Pick,4.73,232,516,2
2026-04-28,OP-016,Ambient Pick,7.39,405,1308,5
2026-04-28,OP-017,Chilled Pick,7.06,472,1282,0
2026-04-28,OP-018,Ambient Pick,8.44,601,1339,3
2026-04-28,OP-019,Chilled Pick,6.82,407,1326,2
2026-04-28,OP-020,Ambient Pick,5.34,413,722,2
2026-04-28,OP-020,Returns,2.07,72,212,0
2026-04-28,OP-021,Bulk,6.05,308,920,0
2026-04-28,OP-021,Ambient Pick,1.44,132,266,0
2026-04-28,OP-022,Chilled Pick,7.42,355,1100,2
2026-04-28,OP-023,Chilled Pick,1.9,113,239,0
2026-04-28,OP-023,Ambient Pick,5.44,445,769,2
2026-04-28,OP-024,Ambient Pick,0.66,47,123,0
2026-04-28,OP-024,Bulk,5.74,225,531,1
2026-04-28,OP-025,Ambient Pick,6.95,584,1368,5
2026-04-28,OP-026,Ambient Pick,7.3,632,1263,5
2026-04-28,OP-027,Bulk,7.49,285,856,1
2026-04-28,OP-028,Ambient Pick,7.81,549,1383,2
2026-04-28,OP-030,Bulk,7.74,369,605,0
2026-04-28,OP-031,Ambient Pick,7.47,541,1132,3
2026-04-28,OP-032,Ambient Pick,7.67,721,1355,4
2026-04-28,OP-033,Ambient Pick,6.04,474,1118,3
2026-04-28,OP-033,Bulk,1.7,72,161,0
2026-04-28,OP-034,Chilled Pick,6.72,370,668,4
2026-04-28,OP-035,Bulk,7.93,325,869,2
2026-04-28,OP-036,Ambient Pick,7.52,724,1255,0
2026-04-28,OP-037,Chilled Pick,7.73,477,943,2
2026-04-28,OP-038,Ambient Pick,9.01,513,1723,1
2026-04-28,OP-039,Chilled Pick,6.93,249,655,1
2026-04-28,OP-040,Returns,7.62,304,823,3
2026-04-28,OP-042,Ambient Pick,1.94,188,401,0
2026-04-28,OP-042,Bulk,5.8,272,857,1
2026-04-28,OP-043,Ambient Pick,8.16,420,823,3
2026-04-28,OP-045,Ambient Pick,7.79,299,673,3
2026-04-28,OP-046,Returns,0.51,17,40,1
2026-04-28,OP-046,Ambient Pick,7.34,427,1156,3
2026-04-28,OP-047,Returns,2.13,61,136,0
2026-04-28,OP-047,Chilled Pick,5.22,301,492,6
2026-04-28,OP-048,Ambient Pick,7.21,501,1234,7
2026-04-29,OP-001,Ambient Pick,8.32,610,1921,2
2026-04-29,OP-002,Chilled Pick,7.3,465,1029,3
2026-04-29,OP-003,Chilled Pick,2.27,115,293,0
2026-04-29,OP-003,Ambient Pick,5.47,424,917,2
2026-04-29,OP-004,Chilled Pick,8.2,496,1313,1
2026-04-29,OP-005,Returns,8.0,254,728,1
2026-04-29,OP-006,Chilled Pick,7.82,323,787,1
2026-04-29,OP-007,Ambient Pick,3.74,326,1089,3
2026-04-29,OP-007,Chilled Pick,4.59,341,891,0
2026-04-29,OP-008,Ambient Pick,7.43,543,1301,6
2026-04-29,OP-009,Chilled Pick,7.83,466,860,0
2026-04-29,OP-010,Ambient Pick,8.36,611,1648,1
2026-04-29,OP-011,Bulk,7.22,280,582,3
2026-04-29,OP-012,Bulk,6.92,345,1066,1
2026-04-29,OP-014,Chilled Pick,4.31,216,605,0
2026-04-29,OP-014,Ambient Pick,4.38,320,628,2
2026-04-29,OP-015,Chilled Pick,8.24,344,785,0
2026-04-29,OP-016,Chilled Pick,8.02,363,853,5
2026-04-29,OP-018,Returns,6.92,237,408,0
2026-04-29,OP-019,Bulk,7.7,343,1122,0
2026-04-29,OP-020,Returns,0.93,33,59,1
2026-04-29,OP-020,Ambient Pick,6.26,462,1498,1
2026-04-29,OP-021,Ambient Pick,0.8,71,115,0
2026-04-29,OP-021,Chilled Pick,7.53,524,1617,1
2026-04-29,OP-022,Chilled Pick,9.26,544,985,3
2026-04-29,OP-023,Ambient Pick,7.34,646,1214,1
2026-04-29,OP-024,Bulk,7.62,269,594,1
2026-04-29,OP-025,Ambient Pick,7.4,548,889,4
2026-04-29,OP-026,Ambient Pick,8.89,857,2510,3
2026-04-29,OP-028,Chilled Pick,7.64,475,1343,2
2026-04-29,OP-029,Ambient Pick,6.83,487,1021,4
2026-04-29,OP-030,Chilled Pick,5.69,441,774,7
2026-04-29,OP-030,Ambient Pick,1.42,126,374,1
2026-04-29,OP-032,Bulk,9.18,446,932,1
2026-04-29,OP-033,Ambient Pick,1.07,91,233,2
2026-04-29,OP-033,Bulk,5.95,280,906,1
2026-04-29,OP-035,Bulk,4.17,172,335,2
2026-04-29,OP-035,Ambient Pick,4.8,378,725,2
2026-04-29,OP-036,Ambient Pick,6.4,603,1177,2
2026-04-29,OP-036,Chilled Pick,0.87,66,107,0
2026-04-29,OP-037,Ambient Pick,3.43,245,760,1
2026-04-29,OP-037,Chilled Pick,4.27,270,729,2
2026-04-29,OP-038,Ambient Pick,8.53,526,1617,4
2026-04-29,OP-039,Returns,7.58,175,509,4
2026-04-29,OP-040,Ambient Pick,7.64,793,1882,13
2026-04-29,OP-041,Chilled Pick,6.41,310,688,3
2026-04-29,OP-042,Ambient Pick,8.48,659,1589,7
2026-04-29,OP-044,Ambient Pick,1.95,107,287,0
2026-04-29,OP-044,Chilled Pick,5.39,216,654,0
2026-04-29,OP-045,Chilled Pick,6.88,222,491,5
2026-04-29,OP-046,Bulk,8.51,333,982,0
2026-04-29,OP-047,Chilled Pick,6.69,333,686,4
2026-04-29,OP-048,Returns,7.39,242,784,7
2026-04-30,OP-003,Chilled Pick,6.61,374,613,2
2026-04-30,OP-004,Chilled Pick,7.24,449,1500,5
2026-04-30,OP-005,Chilled Pick,8.1,588,1164,2
2026-04-30,OP-006,Ambient Pick,2.24,110,200,1
2026-04-30,OP-006,Bulk,5.63,157,379,0
2026-04-30,OP-007,Returns,7.04,262,515,1
2026-04-30,OP-008,Ambient Pick,7.54,529,1754,2
2026-04-30,OP-009,Chilled Pick,7.48,403,771,0
2026-04-30,OP-010,Ambient Pick,7.68,553,1611,0
2026-04-30,OP-011,Chilled Pick,6.15,373,1227,2
2026-04-30,OP-012,Ambient Pick,7.25,644,1765,1
2026-04-30,OP-013,Ambient Pick,7.06,544,1794,1
2026-04-30,OP-015,Chilled Pick,5.64,251,561,2
2026-04-30,OP-015,Bulk,2.19,73,197,1
2026-04-30,OP-016,Bulk,6.61,188,588,1
2026-04-30,OP-017,Chilled Pick,7.68,469,1175,0
2026-04-30,OP-018,Ambient Pick,6.41,542,1260,3
2026-04-30,OP-019,Ambient Pick,8.58,609,2070,1
2026-04-30,OP-020,Ambient Pick,8.16,631,1359,1
2026-04-30,OP-021,Ambient Pick,7.7,752,2520,3
2026-04-30,OP-022,Bulk,8.45,292,668,2
2026-04-30,OP-023,Ambient Pick,8.0,636,1837,1
2026-04-30,OP-024,Chilled Pick,6.15,354,962,3
2026-04-30,OP-025,Bulk,7.53,381,721,1
2026-04-30,OP-026,Ambient Pick,8.44,657,1465,1
2026-04-30,OP-028,Chilled Pick,4.0,231,471,0
2026-04-30,OP-028,Bulk,4.51,198,532,0
2026-04-30,OP-029,Ambient Pick,3.04,220,596,0
2026-04-30,OP-029,Bulk,3.55,152,340,0
2026-04-30,OP-030,Chilled Pick,7.87,532,1750,5
2026-04-30,OP-031,Chilled Pick,6.89,388,1232,0
2026-04-30,OP-032,Bulk,7.11,396,693,0
2026-04-30,OP-033,Ambient Pick,8.25,665,2004,3
2026-04-30,OP-034,Ambient Pick,7.4,558,1650,3
2026-04-30,OP-035,Ambient Pick,7.45,502,1413,6
2026-04-30,OP-036,Chilled Pick,7.94,571,917,4
2026-04-30,OP-037,Bulk,7.47,330,571,0
2026-04-30,OP-038,Ambient Pick,6.91,444,1322,3
2026-04-30,OP-039,Chilled Pick,5.6,229,584,4
2026-04-30,OP-039,Ambient Pick,1.3,63,143,2
2026-04-30,OP-040,Chilled Pick,2.26,170,544,2
2026-04-30,OP-040,Ambient Pick,5.12,486,1517,4
2026-04-30,OP-041,Ambient Pick,8.92,500,993,2
2026-04-30,OP-043,Chilled Pick,8.44,374,1202,4
2026-04-30,OP-044,Bulk,1.31,41,113,0
2026-04-30,OP-044,Ambient Pick,5.97,291,694,1
2026-04-30,OP-045,Chilled Pick,7.89,249,719,9
2026-04-30,OP-046,Ambient Pick,7.67,462,963,1
2026-04-30,OP-048,Ambient Pick,8.03,620,1040,1
2026-05-01,OP-002,Chilled Pick,7.17,476,1341,0
2026-05-01,OP-003,Ambient Pick,7.86,561,1492,1
2026-05-01,OP-005,Ambient Pick,1.84,158,488,0
2026-05-01,OP-005,Bulk,5.02,212,357,0
2026-05-01,OP-006,Bulk,5.08,155,517,0
2026-05-01,OP-006,Chilled Pick,1.71,79,195,1
2026-05-01,OP-007,Ambient Pick,8.61,744,1763,4
2026-05-01,OP-008,Ambient Pick,8.0,611,2033,6
2026-05-01,OP-009,Ambient Pick,6.86,445,1277,1
2026-05-01,OP-010,Chilled Pick,5.22,342,1150,3
2026-05-01,OP-010,Ambient Pick,2.12,176,399,0
2026-05-01,OP-011,Bulk,7.71,334,699,0
2026-05-01,OP-012,Ambient Pick,7.84,699,2276,1
2026-05-01,OP-013,Bulk,7.99,365,1235,1
2026-05-01,OP-014,Bulk,7.28,263,674,0
2026-05-01,OP-015,Ambient Pick,8.39,437,1154,2
2026-05-01,OP-016,Chilled Pick,3.43,141,462,2
2026-05-01,OP-016,Returns,3.59,82,172,1
2026-05-01,OP-018,Chilled Pick,7.21,523,923,1
2026-05-01,OP-019,Bulk,7.35,316,1052,0
2026-05-01,OP-020,Chilled Pick,6.36,416,948,3
2026-05-01,OP-021,Ambient Pick,7.15,654,1149,1
2026-05-01,OP-022,Chilled Pick,7.15,360,1066,2
2026-05-01,OP-023,Bulk,5.47,276,886,1
2026-05-01,OP-023,Ambient Pick,1.48,117,311,1
2026-05-01,OP-027,Chilled Pick,6.18,341,887,1
2026-05-01,OP-027,Bulk,0.69,32,73,0
2026-05-01,OP-028,Bulk,7.24,332,939,2
2026-05-01,OP-029,Bulk,8.26,354,1109,1
2026-05-01,OP-030,Ambient Pick,7.96,695,2086,6
2026-05-01,OP-031,Bulk,7.27,327,642,0
2026-05-01,OP-032,Bulk,8.13,439,1391,1
2026-05-01,OP-033,Bulk,7.45,360,843,1
2026-05-01,OP-034,Bulk,3.5,165,304,0
2026-05-01,OP-034,Chilled Pick,4.26,259,466,3
2026-05-01,OP-036,Ambient Pick,8.49,822,2405,4
2026-05-01,OP-038,Chilled Pick,7.08,375,1251,5
2026-05-01,OP-039,Chilled Pick,8.46,365,814,5
2026-05-01,OP-040,Returns,6.78,259,832,8
2026-05-01,OP-041,Ambient Pick,7.06,405,724,0
2026-05-01,OP-042,Ambient Pick,6.51,535,1129,5
2026-05-01,OP-043,Returns,7.34,176,371,2
2026-05-01,OP-044,Ambient Pick,7.71,445,1245,3
2026-05-01,OP-045,Bulk,6.96,170,412,0
2026-05-01,OP-046,Ambient Pick,7.26,508,1625,2
2026-05-01,OP-047,Ambient Pick,6.82,499,845,3
2026-05-01,OP-048,Bulk,8.16,318,921,3
2026-05-02,OP-001,Ambient Pick,6.48,464,1465,1
2026-05-02,OP-003,Chilled Pick,6.37,398,1074,2
2026-05-02,OP-004,Bulk,4.65,178,497,0
2026-05-02,OP-004,Chilled Pick,3.99,236,752,1
2026-05-02,OP-005,Returns,5.62,216,675,5
2026-05-02,OP-005,Bulk,2.57,113,365,1
2026-05-02,OP-007,Ambient Pick,3.1,267,719,3
2026-05-02,OP-007,Bulk,5.0,259,822,1
2026-05-02,OP-008,Ambient Pick,7.58,550,959,0
2026-05-02,OP-009,Ambient Pick,8.57,585,1399,2
2026-05-02,OP-012,Ambient Pick,8.35,629,1413,2
2026-05-02,OP-013,Chilled Pick,7.88,474,1463,1
2026-05-02,OP-014,Bulk,1.58,60,153,0
2026-05-02,OP-014,Chilled Pick,5.19,313,978,3
2026-05-02,OP-015,Chilled Pick,8.23,379,816,1
2026-05-02,OP-016,Chilled Pick,8.44,374,673,5
2026-05-02,OP-017,Ambient Pick,8.83,653,1915,1
2026-05-02,OP-018,Returns,7.63,266,701,1
2026-05-02,OP-019,Ambient Pick,7.9,532,1412,1
2026-05-02,OP-020,Ambient Pick,7.39,585,1765,5
2026-05-02,OP-021,Bulk,7.5,316,534,0
2026-05-02,OP-022,Ambient Pick,7.83,541,912,0
2026-05-02,OP-023,Ambient Pick,7.79,638,1037,0
2026-05-02,OP-024,Ambient Pick,6.5,438,1165,2
2026-05-02,OP-024,Bulk,1.14,39,88,0
2026-05-02,OP-025,Chilled Pick,7.19,494,858,4
2026-05-02,OP-026,Ambient Pick,8.99,686,1382,3
2026-05-02,OP-027,Returns,8.46,283,848,1
2026-05-02,OP-028,Ambient Pick,7.51,508,889,3
2026-05-02,OP-029,Returns,7.33,275,578,0
2026-05-02,OP-030,Ambient Pick,7.63,704,1232,2
2026-05-02,OP-031,Bulk,8.42,362,904,1
2026-05-02,OP-032,Chilled Pick,8.55,668,1380,4
2026-05-02,OP-033,Ambient Pick,3.03,259,553,1
2026-05-02,OP-033,Bulk,3.82,163,490,0
2026-05-02,OP-034,Bulk,7.43,263,458,2
2026-05-02,OP-035,Ambient Pick,1.32,104,337,0
2026-05-02,OP-035,Bulk,6.1,287,603,0
2026-05-02,OP-036,Bulk,7.55,409,940,1
2026-05-02,OP-038,Bulk,7.38,263,804,1
2026-05-02,OP-040,Bulk,7.15,399,1227,0
2026-05-02,OP-041,Ambient Pick,2.26,124,281,0
2026-05-02,OP-041,Chilled Pick,4.51,207,632,2
2026-05-02,OP-042,Ambient Pick,7.13,532,853,2
2026-05-02,OP-044,Bulk,7.68,211,644,0
2026-05-02,OP-045,Returns,6.81,120,302,2
2026-05-02,OP-046,Chilled Pick,8.26,439,1380,1
2026-05-02,OP-047,Ambient Pick,8.89,707,1893,5
2026-05-02,OP-048,Chilled Pick,1.76,101,280,2
2026-05-02,OP-048,Returns,6.14,203,525,3
2026-05-04,OP-001,Bulk,6.97,408,1202,4
2026-05-04,OP-003,Chilled Pick,3.73,260,597,1
2026-05-04,OP-003,Ambient Pick,4.12,412,1076,2
2026-05-04,OP-005,Bulk,5.14,287,873,0
2026-05-04,OP-005,Ambient Pick,2.27,201,390,1
2026-05-04,OP-006,Returns,2.48,68,133,0
2026-05-04,OP-006,Chilled Pick,5.92,277,487,2
2026-05-04,OP-007,Chilled Pick,7.26,600,1014,2
2026-05-04,OP-008,Ambient Pick,7.66,642,1567,6
2026-05-04,OP-009,Bulk,3.65,169,399,0
2026-05-04,OP-009,Chilled Pick,4.31,266,647,1
2026-05-04,OP-010,Bulk,8.5,459,1174,0
2026-05-04,OP-011,Chilled Pick,7.75,570,1907,3
2026-05-04,OP-012,Bulk,4.53,260,697,2
2026-05-04,OP-012,Chilled Pick,3.16,273,625,1
2026-05-04,OP-016,Chilled Pick,1.99,103,311,0
2026-05-04,OP-016,Returns,5.58,188,407,3
2026-05-04,OP-017,Ambient Pick,8.16,724,1267,3
2026-05-04,OP-018,Ambient Pick,7.13,592,1236,1
2026-05-04,OP-019,Returns,6.77,276,748,2
2026-05-04,OP-020,Chilled Pick,7.76,504,1502,9
2026-05-04,OP-021,Chilled Pick,2.38,201,608,1
2026-05-04,OP-021,Ambient Pick,4.93,520,1174,1
2026-05-04,OP-022,Bulk,6.76,286,930,1
2026-05-04,OP-023,Bulk,7.68,445,821,1
2026-05-04,OP-024,Chilled Pick,6.83,435,1016,2
2026-05-04,OP-025,Ambient Pick,7.87,679,2264,4
2026-05-04,OP-026,Chilled Pick,7.36,572,1292,2
2026-05-04,OP-027,Chilled Pick,2.94,215,455,3
2026-05-04,OP-027,Ambient Pick,4.54,319,665,0
2026-05-04,OP-028,Ambient Pick,6.91,637,1829,0
2026-05-04,OP-029,Ambient Pick,6.87,547,1068,3
2026-05-04,OP-030,Ambient Pick,2.94,298,962,3
2026-05-04,OP-030,Bulk,4.93,260,822,0
2026-05-04,OP-031,Returns,7.92,335,1085,1
2026-05-04,OP-032,Ambient Pick,7.32,756,1988,2
2026-05-04,OP-034,Returns,2.84,122,364,0
2026-05-04,OP-034,Chilled Pick,5.73,390,1068,4
2026-05-04,OP-035,Bulk,6.14,300,821,1
2026-05-04,OP-035,Returns,1.22,45,116,1
2026-05-04,OP-036,Chilled Pick,7.81,742,1271,5
2026-05-04,OP-037,Ambient Pick,7.68,746,2117,2
2026-05-04,OP-038,Ambient Pick,7.19,550,1380,8
2026-05-04,OP-038,Chilled Pick,1.29,81,239,2
2026-05-04,OP-039,Ambient Pick,8.18,442,1181,8
2026-05-04,OP-040,Chilled Pick,4.06,374,914,8
2026-05-04,OP-040,Ambient Pick,4.69,531,1538,9
2026-05-04,OP-041,Bulk,7.89,341,951,0
2026-05-04,OP-042,Ambient Pick,7.24,706,1917,14
2026-05-04,OP-044,Returns,7.0,189,312,0
2026-05-04,OP-045,Chilled Pick,1.27,53,162,1
2026-05-04,OP-045,Ambient Pick,5.34,299,539,7
2026-05-04,OP-046,Ambient Pick,7.31,577,1503,6
2026-05-04,OP-047,Chilled Pick,7.11,512,1700,11
2026-05-04,OP-048,Ambient Pick,1.02,85,189,0
2026-05-04,OP-048,Chilled Pick,6.77,477,1204,2
2026-05-05,OP-001,Ambient Pick,7.57,585,1718,2
2026-05-05,OP-003,Ambient Pick,7.03,499,1141,3
2026-05-05,OP-004,Ambient Pick,6.85,487,1084,0
2026-05-05,OP-005,Ambient Pick,5.16,448,1110,1
2026-05-05,OP-005,Bulk,2.63,112,324,0
2026-05-05,OP-006,Ambient Pick,8.49,460,1020,1
2026-05-05,OP-007,Bulk,7.06,331,759,1
2026-05-05,OP-008,Ambient Pick,2.21,162,416,2
2026-05-05,OP-008,Bulk,5.74,259,579,0
2026-05-05,OP-009,Chilled Pick,7.06,326,1035,3
2026-05-05,OP-010,Bulk,3.26,139,356,0
2026-05-05,OP-010,Ambient Pick,4.67,418,674,1
2026-05-05,OP-012,Chilled Pick,6.76,469,1223,2
2026-05-05,OP-012,Ambient Pick,1.83,165,280,1
2026-05-05,OP-013,Bulk,7.66,346,880,0
2026-05-05,OP-014,Returns,6.58,204,440,2
2026-05-05,OP-015,Chilled Pick,7.49,343,873,1
2026-05-05,OP-016,Bulk,7.76,256,752,0
2026-05-05,OP-017,Ambient Pick,1.63,126,255,1
2026-05-05,OP-017,Bulk,6.01,264,436,0
2026-05-05,OP-018,Ambient Pick,6.22,524,1016,2
2026-05-05,OP-019,Bulk,7.15,328,954,1
2026-05-05,OP-020,Chilled Pick,6.66,406,841,5
2026-05-05,OP-020,Ambient Pick,1.53,114,207,1
2026-05-05,OP-021,Chilled Pick,8.07,552,1299,2
2026-05-05,OP-023,Chilled Pick,7.02,463,950,1
2026-05-05,OP-024,Bulk,8.33,303,989,3
2026-05-05,OP-026,Chilled Pick,8.51,517,888,1
2026-05-05,OP-027,Bulk,7.62,345,559,0
2026-05-05,OP-028,Ambient Pick,6.26,469,1155,3
2026-05-05,OP-028,Bulk,1.11,42,73,0
2026-05-05,OP-030,Chilled Pick,8.19,560,1474,2
2026-05-05,OP-031,Ambient Pick,7.51,513,1032,4
2026-05-05,OP-032,Chilled Pick,7.28,517,1507,1
2026-05-05,OP-033,Returns,4.07,149,459,0
2026-05-05,OP-033,Ambient Pick,2.05,163,263,0
2026-05-05,OP-034,Ambient Pick,7.4,549,1326,2
2026-05-05,OP-035,Ambient Pick,8.18,590,1455,3
2026-05-05,OP-036,Ambient Pick,4.48,426,1187,2
2026-05-05,OP-036,Returns,1.81,80,271,0
2026-05-05,OP-037,Ambient Pick,8.06,643,1502,4
2026-05-05,OP-039,Bulk,1.73,47,116,2
2026-05-05,OP-039,Chilled Pick,6.04,250,763,3
2026-05-05,OP-040,Ambient Pick,6.84,599,1444,6
2026-05-05,OP-041,Ambient Pick,7.38,477,928,1
2026-05-05,OP-042,Bulk,5.67,229,506,3
2026-05-05,OP-042,Ambient Pick,1.65,116,257,0
2026-05-05,OP-043,Ambient Pick,3.16,198,655,3
2026-05-05,OP-043,Bulk,4.11,141,250,0
2026-05-05,OP-045,Chilled Pick,1.27,43,126,1
2026-05-05,OP-045,Ambient Pick,6.11,267,438,5
2026-05-05,OP-046,Returns,2.52,71,115,1
2026-05-05,OP-046,Chilled Pick,5.07,256,686,1
2026-05-05,OP-047,Ambient Pick,7.74,586,1760,2
2026-05-05,OP-048,Chilled Pick,7.3,404,1274,6
2026-05-06,OP-001,Ambient Pick,7.52,586,1031,1
2026-05-06,OP-002,Chilled Pick,8.58,475,1344,3
2026-05-06,OP-003,Ambient Pick,8.27,663,1130,1
2026-05-06,OP-004,Ambient Pick,8.39,548,912,2
2026-05-06,OP-005,Returns,7.61,300,760,3
2026-05-06,OP-006,Chilled Pick,8.08,369,1144,2
2026-05-06,OP-007,Ambient Pick,8.15,707,2090,4
2026-05-06,OP-008,Ambient Pick,7.02,435,1469,1
2026-05-06,OP-009,Bulk,7.63,295,834,1
2026-05-06,OP-010,Ambient Pick,7.45,571,1822,4
2026-05-06,OP-011,Ambient Pick,6.87,435,726,2
2026-05-06,OP-012,Ambient Pick,7.75,696,1665,3
2026-05-06,OP-013,Ambient Pick,7.81,596,1961,3
2026-05-06,OP-014,Ambient Pick,7.32,465,967,0
2026-05-06,OP-016,Ambient Pick,7.16,342,602,0
2026-05-06,OP-017,Returns,6.92,265,715,2
2026-05-06,OP-018,Chilled Pick,7.42,504,1547,3
2026-05-06,OP-019,Chilled Pick,7.66,476,1289,2
2026-05-06,OP-020,Ambient Pick,7.16,572,1387,3
2026-05-06,OP-021,Ambient Pick,6.76,606,1281,2
2026-05-06,OP-022,Returns,7.41,245,402,2
2026-05-06,OP-024,Chilled Pick,7.49,412,1166,2
2026-05-06,OP-025,Ambient Pick,8.64,756,2328,2
2026-05-06,OP-026,Chilled Pick,7.35,496,965,1
2026-05-06,OP-027,Chilled Pick,4.41,227,685,1
2026-05-06,OP-027,Ambient Pick,2.8,197,327,1
2026-05-06,OP-029,Returns,8.01,234,709,0
2026-05-06,OP-031,Bulk,6.49,249,822,2
2026-05-06,OP-032,Ambient Pick,6.79,656,1261,4
2026-05-06,OP-033,Ambient Pick,5.25,463,1445,2
2026-05-06,OP-033,Bulk,2.36,108,347,0
2026-05-06,OP-034,Ambient Pick,6.52,505,1272,2
2026-05-06,OP-034,Returns,1.01,29,48,0
2026-05-06,OP-035,Chilled Pick,7.51,401,695,3
2026-05-06,OP-037,Ambient Pick,2.19,183,359,0
2026-05-06,OP-037,Chilled Pick,5.8,383,1123,2
2026-05-06,OP-038,Chilled Pick,6.78,356,847,1
2026-05-06,OP-039,Returns,8.0,191,375,4
2026-05-06,OP-042,Ambient Pick,3.83,322,612,3
2026-05-06,OP-042,Chilled Pick,4.51,281,875,4
2026-05-06,OP-044,Chilled Pick,8.28,295,743,4
2026-05-06,OP-045,Bulk,7.37,172,382,1
2026-05-06,OP-046,Bulk,7.54,316,964,3
2026-05-06,OP-047,Ambient Pick,7.74,547,1355,4
2026-05-06,OP-048,Bulk,7.95,342,670,3
2026-05-07,OP-001,Chilled Pick,2.75,171,305,0
2026-05-07,OP-001,Ambient Pick,5.38,434,772,2
2026-05-07,OP-002,Ambient Pick,7.97,632,1080,3
2026-05-07,OP-003,Bulk,4.83,212,708,1
2026-05-07,OP-003,Ambient Pick,2.99,204,646,1
2026-05-07,OP-004,Bulk,7.98,301,1001,1
2026-05-07,OP-005,Ambient Pick,3.73,282,617,2
2026-05-07,OP-005,Bulk,3.5,161,300,0
2026-05-07,OP-006,Bulk,7.98,234,440,1
2026-05-07,OP-007,Ambient Pick,6.63,571,1298,1
2026-05-07,OP-008,Returns,7.17,228,432,1
2026-05-07,OP-009,Ambient Pick,8.71,602,2024,1
2026-05-07,OP-010,Bulk,8.51,432,1445,3
2026-05-07,OP-011,Chilled Pick,6.52,371,711,2
2026-05-07,OP-011,Returns,1.09,36,120,0
2026-05-07,OP-012,Ambient Pick,7.21,602,1680,4
2026-05-07,OP-013,Chilled Pick,8.0,515,1242,2
2026-05-07,OP-014,Bulk,7.95,337,860,1
2026-05-07,OP-015,Ambient Pick,4.46,228,404,1
2026-05-07,OP-015,Returns,2.21,54,151,0
2026-05-07,OP-016,Chilled Pick,6.92,308,795,3
2026-05-07,OP-017,Chilled Pick,7.14,498,1441,0
2026-05-07,OP-018,Ambient Pick,8.93,764,1950,1
2026-05-07,OP-019,Chilled Pick,7.81,466,1568,1
2026-05-07,OP-020,Bulk,8.08,372,841,4
2026-05-07,OP-021,Ambient Pick,7.78,688,1627,5
2026-05-07,OP-022,Chilled Pick,7.78,449,877,3
2026-05-07,OP-023,Bulk,7.75,326,679,1
2026-05-07,OP-024,Returns,2.73,81,219,1
2026-05-07,OP-024,Ambient Pick,5.41,375,910,1
2026-05-07,OP-025,Returns,8.06,315,585,3
2026-05-07,OP-026,Chilled Pick,8.02,559,1273,0
2026-05-07,OP-028,Bulk,7.46,288,944,1
2026-05-07,OP-030,Chilled Pick,3.81,250,663,0
2026-05-07,OP-030,Ambient Pick,4.87,436,1461,0
2026-05-07,OP-031,Ambient Pick,7.14,582,1283,2
2026-05-07,OP-032,Bulk,7.99,415,738,1
2026-05-07,OP-033,Ambient Pick,1.78,155,316,0
2026-05-07,OP-033,Bulk,6.05,277,549,1
2026-05-07,OP-034,Chilled Pick,1.51,97,265,1
2026-05-07,OP-034,Ambient Pick,6.38,451,1206,1
2026-05-07,OP-035,Ambient Pick,6.83,476,1060,2
2026-05-07,OP-036,Bulk,7.12,376,1000,0
2026-05-07,OP-037,Ambient Pick,7.8,614,1241,5
2026-05-07,OP-038,Ambient Pick,7.56,510,1233,5
2026-05-07,OP-039,Chilled Pick,2.15,86,281,0
2026-05-07,OP-039,Ambient Pick,6.16,288,694,2
2026-05-07,OP-040,Ambient Pick,4.88,489,1595,2
2026-05-07,OP-040,Returns,2.78,114,303,1
2026-05-07,OP-041,Bulk,8.14,279,492,0
2026-05-07,OP-042,Returns,7.41,245,430,1
2026-05-07,OP-043,Ambient Pick,7.47,459,1543,3
2026-05-07,OP-044,Chilled Pick,7.0,241,427,2
2026-05-07,OP-044,Bulk,1.3,40,105,0
2026-05-07,OP-045,Ambient Pick,7.45,279,513,3
2026-05-07,OP-046,Ambient Pick,6.45,423,1022,4
2026-05-07,OP-047,Bulk,1.31,51,147,0
2026-05-07,OP-047,Ambient Pick,5.51,402,751,3
2026-05-07,OP-048,Chilled Pick,7.35,385,804,2
2026-05-08,OP-001,Ambient Pick,7.32,540,1323,2
2026-05-08,OP-002,Bulk,8.28,393,686,1
2026-05-08,OP-003,Ambient Pick,7.32,557,1293,3
2026-05-08,OP-004,Ambient Pick,8.34,713,2037,1
2026-05-08,OP-005,Bulk,7.59,370,686,1
2026-05-08,OP-007,Chilled Pick,6.94,456,859,5
2026-05-08,OP-007,Ambient Pick,1.26,123,369,0
2026-05-08,OP-008,Returns,1.8,64,173,0
2026-05-08,OP-008,Chilled Pick,5.51,343,1080,1
2026-05-08,OP-009,Ambient Pick,8.9,589,981,1
2026-05-08,OP-010,Ambient Pick,7.93,600,1414,4
2026-05-08,OP-011,Bulk,8.12,366,745,4
2026-05-08,OP-012,Ambient Pick,6.93,652,1880,2
2026-05-08,OP-013,Bulk,7.07,271,891,0
2026-05-08,OP-014,Ambient Pick,7.03,458,1257,2
2026-05-08,OP-015,Ambient Pick,4.65,274,702,0
2026-05-08,OP-015,Chilled Pick,3.1,147,453,0
2026-05-08,OP-016,Bulk,5.2,177,327,1
2026-05-08,OP-016,Chilled Pick,1.49,66,206,2
2026-05-08,OP-017,Bulk,8.2,337,954,0
2026-05-08,OP-018,Ambient Pick,5.21,433,1337,1
2026-05-08,OP-018,Bulk,2.32,97,278,0
2026-05-08,OP-019,Bulk,8.13,312,648,1
2026-05-08,OP-020,Ambient Pick,7.47,541,894,3
2026-05-08,OP-022,Ambient Pick,6.85,469,934,1
2026-05-08,OP-023,Returns,7.33,257,638,1
2026-05-08,OP-023,Bulk,1.24,47,149,0
2026-05-08,OP-024,Bulk,8.17,337,591,2
2026-05-08,OP-025,Ambient Pick,4.79,438,907,3
2026-05-08,OP-025,Chilled Pick,2.87,183,560,0
2026-05-08,OP-026,Chilled Pick,8.25,557,1314,2
2026-05-08,OP-027,Bulk,6.4,270,861,1
2026-05-08,OP-027,Ambient Pick,1.88,146,455,0
2026-05-08,OP-028,Chilled Pick,7.62,468,1231,1
2026-05-08,OP-029,Ambient Pick,6.98,484,1065,2
2026-05-08,OP-030,Ambient Pick,7.9,574,1591,3
2026-05-08,OP-031,Ambient Pick,7.37,545,1803,1
2026-05-08,OP-032,Bulk,6.95,342,975,1
2026-05-08,OP-033,Ambient Pick,5.26,442,1453,3
2026-05-08,OP-033,Bulk,2.02,99,184,0
2026-05-08,OP-036,Chilled Pick,0.66,54,108,0
2026-05-08,OP-036,Ambient Pick,6.46,662,1840,1
2026-05-08,OP-037,Ambient Pick,2.43,169,401,1
2026-05-08,OP-037,Bulk,5.32,210,702,0
2026-05-08,OP-040,Bulk,6.1,333,1046,1
2026-05-08,OP-040,Chilled Pick,2.2,141,376,2
2026-05-08,OP-041,Ambient Pick,7.31,474,784,2
2026-05-08,OP-042,Returns,6.64,252,442,1
2026-05-08,OP-043,Chilled Pick,4.07,195,328,1
2026-05-08,OP-043,Ambient Pick,2.69,162,317,1
2026-05-08,OP-044,Ambient Pick,7.8,429,1035,1
2026-05-08,OP-045,Returns,4.09,94,159,1
2026-05-08,OP-045,Ambient Pick,3.82,156,481,1
2026-05-08,OP-046,Chilled Pick,2.64,132,252,2
2026-05-08,OP-046,Ambient Pick,4.6,320,804,0
2026-05-08,OP-048,Bulk,7.93,296,473,2
2026-05-09,OP-002,Bulk,6.07,293,554,1
2026-05-09,OP-002,Ambient Pick,1.75,134,445,1
2026-05-09,OP-004,Ambient Pick,8.27,698,1213,0
2026-05-09,OP-005,Bulk,7.43,295,656,2
2026-05-09,OP-006,Chilled Pick,7.73,374,755,2
2026-05-09,OP-008,Ambient Pick,8.38,577,1823,3
2026-05-09,OP-009,Bulk,7.01,302,669,0
2026-05-09,OP-010,Chilled Pick,6.94,453,1470,4
2026-05-09,OP-011,Ambient Pick,8.03,631,1874,5
2026-05-09,OP-012,Ambient Pick,6.9,633,1536,6
2026-05-09,OP-013,Ambient Pick,7.76,579,1534,3
2026-05-09,OP-014,Chilled Pick,8.21,443,863,1
2026-05-09,OP-015,Chilled Pick,2.73,121,226,0
2026-05-09,OP-015,Bulk,4.26,150,319,0
2026-05-09,OP-017,Chilled Pick,7.97,464,1507,3
2026-05-09,OP-019,Chilled Pick,7.46,404,811,1
2026-05-09,OP-020,Bulk,7.32,332,895,0
2026-05-09,OP-021,Bulk,7.2,354,1185,1
2026-05-09,OP-022,Ambient Pick,7.27,450,804,1
2026-05-09,OP-023,Ambient Pick,7.0,601,1914,1
2026-05-09,OP-025,Ambient Pick,5.82,510,1442,3
2026-05-09,OP-025,Bulk,1.84,93,167,0
2026-05-09,OP-026,Chilled Pick,8.21,554,1020,1
2026-05-09,OP-027,Bulk,7.78,337,644,1
2026-05-09,OP-028,Ambient Pick,7.24,487,1121,1
2026-05-09,OP-029,Bulk,4.52,181,596,1
2026-05-09,OP-029,Ambient Pick,2.24,175,296,0
2026-05-09,OP-030,Ambient Pick,7.96,656,1893,5
2026-05-09,OP-032,Ambient Pick,7.7,661,1339,2
2026-05-09,OP-033,Ambient Pick,7.03,619,1470,2
2026-05-09,OP-034,Ambient Pick,6.94,502,1030,1
2026-05-09,OP-036,Ambient Pick,7.06,676,1186,4
2026-05-09,OP-037,Ambient Pick,7.58,578,1474,0
2026-05-09,OP-038,Chilled Pick,3.66,202,581,1
2026-05-09,OP-038,Bulk,4.37,162,418,0
2026-05-09,OP-040,Bulk,7.45,428,1048,2
2026-05-09,OP-041,Ambient Pick,7.94,466,1195,2
2026-05-09,OP-042,Ambient Pick,8.11,667,1417,8
2026-05-09,OP-043,Chilled Pick,2.35,103,298,1
2026-05-09,OP-043,Ambient Pick,5.92,357,832,6
2026-05-09,OP-044,Ambient Pick,8.24,420,1378,2
2026-05-09,OP-045,Returns,7.85,165,350,3
2026-05-09,OP-046,Ambient Pick,8.22,571,1164,5
2026-05-09,OP-047,Bulk,6.58,286,516,3
2026-05-09,OP-048,Chilled Pick,8.14,416,938,3
2026-05-11,OP-001,Ambient Pick,7.35,670,2017,1
2026-05-11,OP-002,Bulk,8.05,405,712,1
2026-05-11,OP-003,Ambient Pick,6.12,542,1089,2
2026-05-11,OP-004,Ambient Pick,3.01,280,942,2
2026-05-11,OP-004,Chilled Pick,4.46,291,795,0
2026-05-11,OP-005,Ambient Pick,6.77,632,2014,2
2026-05-11,OP-006,Chilled Pick,7.4,362,981,2
2026-05-11,OP-007,Ambient Pick,2.93,293,570,2
2026-05-11,OP-007,Chilled Pick,4.28,330,937,1
2026-05-11,OP-008,Chilled Pick,7.09,500,1370,3
2026-05-11,OP-011,Chilled Pick,7.98,588,1315,3
2026-05-11,OP-012,Bulk,7.82,481,900,2
2026-05-11,OP-013,Ambient Pick,8.16,740,1668,2
2026-05-11,OP-014,Bulk,1.45,68,124,0
2026-05-11,OP-014,Ambient Pick,6.15,489,842,4
2026-05-11,OP-015,Ambient Pick,7.88,575,1554,2
2026-05-11,OP-016,Bulk,7.08,296,1004,2
2026-05-11,OP-018,Chilled Pick,7.26,553,1722,2
2026-05-11,OP-020,Chilled Pick,5.71,334,718,3
2026-05-11,OP-020,Ambient Pick,0.87,71,173,0
2026-05-11,OP-021,Bulk,8.26,441,1483,1
2026-05-11,OP-022,Chilled Pick,3.55,192,551,2
2026-05-11,OP-022,Bulk,3.62,153,357,0
2026-05-11,OP-023,Ambient Pick,7.97,788,2284,1
2026-05-11,OP-025,Returns,7.07,329,942,1
2026-05-11,OP-026,Bulk,7.38,429,1307,1
2026-05-11,OP-028,Bulk,4.74,218,638,1
2026-05-11,OP-028,Chilled Pick,3.46,235,496,3
2026-05-11,OP-029,Ambient Pick,3.73,276,696,2
2026-05-11,OP-029,Bulk,3.55,158,291,1
2026-05-11,OP-030,Chilled Pick,7.49,631,1134,6
2026-05-11,OP-031,Bulk,7.63,364,748,1
2026-05-11,OP-032,Ambient Pick,7.27,744,1522,4
2026-05-11,OP-032,Returns,0.73,39,64,1
2026-05-11,OP-033,Chilled Pick,7.11,526,887,1
2026-05-11,OP-034,Chilled Pick,1.44,100,284,0
2026-05-11,OP-034,Ambient Pick,6.03,587,1940,4
2026-05-11,OP-035,Bulk,7.22,354,769,0
2026-05-11,OP-036,Ambient Pick,9.05,925,2883,2
2026-05-11,OP-038,Ambient Pick,3.57,270,903,1
2026-05-11,OP-038,Bulk,3.73,160,293,1
2026-05-11,OP-040,Bulk,6.32,369,1225,2
2026-05-11,OP-042,Chilled Pick,8.5,701,1368,11
2026-05-11,OP-043,Ambient Pick,4.72,360,910,2
2026-05-11,OP-043,Bulk,3.02,117,386,0
2026-05-11,OP-044,Ambient Pick,6.96,457,999,1
2026-05-11,OP-045,Bulk,7.36,221,639,1
2026-05-11,OP-046,Ambient Pick,6.86,575,1293,3
2026-05-11,OP-047,Ambient Pick,5.0,376,837,5
2026-05-11,OP-047,Chilled Pick,2.54,174,401,2
2026-05-11,OP-048,Returns,7.54,243,436,2
2026-05-12,OP-001,Bulk,6.82,278,609,2
2026-05-12,OP-002,Ambient Pick,7.31,590,1044,1
2026-05-12,OP-003,Chilled Pick,2.38,159,479,2
2026-05-12,OP-003,Ambient Pick,5.42,391,1188,0
2026-05-12,OP-004,Ambient Pick,0.71,56,112,0
2026-05-12,OP-004,Bulk,7.26,338,802,0
2026-05-12,OP-005,Ambient Pick,7.06,553,1617,3
2026-05-12,OP-006,Ambient Pick,8.11,454,1258,7
2026-05-12,OP-007,Returns,7.25,284,641,0
2026-05-12,OP-008,Ambient Pick,7.29,531,1311,0
2026-05-12,OP-009,Bulk,4.05,158,355,0
2026-05-12,OP-009,Chilled Pick,2.9,139,468,0
2026-05-12,OP-010,Chilled Pick,2.21,135,346,2
2026-05-12,OP-010,Ambient Pick,5.23,441,711,0
2026-05-12,OP-011,Ambient Pick,5.74,458,1541,3
2026-05-12,OP-011,Bulk,2.37,107,181,0
2026-05-12,OP-012,Chilled Pick,7.35,554,1059,2
2026-05-12,OP-013,Ambient Pick,3.81,265,837,1
2026-05-12,OP-013,Chilled Pick,3.91,243,393,1
2026-05-12,OP-015,Ambient Pick,6.32,363,1103,3
2026-05-12,OP-016,Ambient Pick,7.92,425,714,3
2026-05-12,OP-019,Chilled Pick,7.13,441,1075,1
2026-05-12,OP-021,Chilled Pick,1.7,118,386,0
2026-05-12,OP-021,Ambient Pick,5.97,469,996,1
2026-05-12,OP-022,Ambient Pick,8.0,526,1321,4
2026-05-12,OP-023,Ambient Pick,7.19,573,1013,3
2026-05-12,OP-024,Ambient Pick,7.35,502,1149,1
2026-05-12,OP-025,Ambient Pick,6.99,582,1129,1
2026-05-12,OP-026,Chilled Pick,8.49,578,1828,3
2026-05-12,OP-027,Ambient Pick,7.66,598,1203,1
2026-05-12,OP-028,Bulk,7.74,323,891,2
2026-05-12,OP-029,Chilled Pick,7.53,413,1064,7
2026-05-12,OP-030,Ambient Pick,1.81,134,384,0
2026-05-12,OP-030,Bulk,6.42,291,802,0
2026-05-12,OP-034,Chilled Pick,7.41,485,1301,0
2026-05-12,OP-035,Bulk,8.01,298,523,1
2026-05-12,OP-037,Ambient Pick,7.42,661,1809,3
2026-05-12,OP-038,Chilled Pick,7.79,461,978,7
2026-05-12,OP-039,Chilled Pick,6.66,323,1068,2
2026-05-12,OP-040,Chilled Pick,7.44,531,859,2
2026-05-12,OP-041,Ambient Pick,3.92,222,424,2
2026-05-12,OP-041,Bulk,3.98,142,312,0
2026-05-12,OP-042,Chilled Pick,7.3,435,1222,4
2026-05-12,OP-043,Ambient Pick,6.83,393,1102,7
2026-05-12,OP-044,Chilled Pick,7.25,298,493,1
2026-05-12,OP-045,Returns,7.84,175,518,3
2026-05-12,OP-046,Chilled Pick,5.75,287,933,3
2026-05-12,OP-046,Bulk,2.04,66,219,0
2026-05-12,OP-047,Chilled Pick,5.54,336,1108,4
2026-05-12,OP-047,Bulk,2.31,95,178,0
2026-05-12,OP-048,Bulk,7.09,286,889,0
2026-05-13,OP-001,Bulk,1.41,53,174,0
2026-05-13,OP-001,Ambient Pick,6.5,503,1376,3
2026-05-13,OP-002,Chilled Pick,1.23,78,254,0
2026-05-13,OP-002,Bulk,6.41,312,1019,0
2026-05-13,OP-003,Ambient Pick,1.87,134,439,0
2026-05-13,OP-003,Bulk,5.34,235,619,1
2026-05-13,OP-005,Bulk,6.73,275,906,2
2026-05-13,OP-005,Returns,1.71,64,178,0
2026-05-13,OP-006,Returns,7.08,188,501,2
2026-05-13,OP-008,Chilled Pick,5.0,312,618,3
2026-05-13,OP-008,Ambient Pick,2.92,182,302,1
2026-05-13,OP-009,Chilled Pick,8.14,425,1003,1
2026-05-13,OP-012,Ambient Pick,6.91,580,1268,4
2026-05-13,OP-013,Ambient Pick,7.72,614,1169,5
2026-05-13,OP-014,Chilled Pick,7.61,498,1126,3
2026-05-13,OP-015,Bulk,8.13,274,726,1
2026-05-13,OP-016,Ambient Pick,7.61,420,833,3
2026-05-13,OP-018,Chilled Pick,2.52,174,582,0
2026-05-13,OP-018,Ambient Pick,4.73,425,768,0
2026-05-13,OP-019,Ambient Pick,7.68,554,1656,3
2026-05-13,OP-020,Ambient Pick,7.72,597,1170,0
2026-05-13,OP-021,Bulk,7.38,348,1075,2
2026-05-13,OP-022,Ambient Pick,7.57,495,1575,1
2026-05-13,OP-023,Ambient Pick,8.13,656,1600,2
2026-05-13,OP-024,Bulk,7.2,275,910,1
2026-05-13,OP-025,Bulk,6.73,300,915,1
2026-05-13,OP-026,Chilled Pick,7.62,563,1506,1
2026-05-13,OP-027,Bulk,7.92,362,947,1
2026-05-13,OP-028,Chilled Pick,7.82,474,1245,2
2026-05-13,OP-029,Chilled Pick,7.76,447,1011,4
2026-05-13,OP-030,Ambient Pick,8.13,639,1952,5
2026-05-13,OP-031,Chilled Pick,7.85,506,1588,3
2026-05-13,OP-032,Chilled Pick,7.72,603,1944,3
2026-05-13,OP-033,Ambient Pick,8.28,732,1326,4
2026-05-13,OP-034,Bulk,7.52,313,563,0
2026-05-13,OP-035,Ambient Pick,7.83,591,1786,6
2026-05-13,OP-036,Bulk,7.4,420,1149,2
2026-05-13,OP-038,Ambient Pick,6.76,410,1115,5
2026-05-13,OP-039,Bulk,7.34,204,464,2
2026-05-13,OP-040,Bulk,3.11,165,413,0
2026-05-13,OP-040,Chilled Pick,3.87,291,511,1
2026-05-13,OP-041,Bulk,7.39,263,548,0
2026-05-13,OP-044,Chilled Pick,7.27,305,631,1
2026-05-13,OP-046,Bulk,0.98,40,124,0
2026-05-13,OP-046,Chilled Pick,6.4,332,1056,0
2026-05-13,OP-047,Chilled Pick,8.97,503,1079,7
2026-05-13,OP-048,Ambient Pick,6.59,420,1124,3
2026-05-14,OP-001,Chilled Pick,7.23,480,884,2
2026-05-14,OP-002,Bulk,7.78,368,783,1
2026-05-14,OP-003,Chilled Pick,8.22,462,1351,1
2026-05-14,OP-004,Ambient Pick,7.51,586,1985,0
2026-05-14,OP-004,Bulk,0.89,37,90,0
2026-05-14,OP-006,Ambient Pick,7.32,422,1432,2
2026-05-14,OP-007,Chilled Pick,4.1,280,698,2
2026-05-14,OP-007,Bulk,3.34,170,462,1
2026-05-14,OP-008,Ambient Pick,4.76,391,862,1
2026-05-14,OP-008,Bulk,3.16,129,351,0
2026-05-14,OP-009,Chilled Pick,7.25,393,1148,3
2026-05-14,OP-011,Bulk,7.69,331,538,1
2026-05-14,OP-013,Chilled Pick,7.83,482,1261,2
2026-05-14,OP-014,Ambient Pick,6.02,404,1046,2
2026-05-14,OP-014,Chilled Pick,1.71,87,231,0
2026-05-14,OP-015,Returns,7.48,181,613,0
2026-05-14,OP-016,Bulk,6.49,222,696,1
2026-05-14,OP-017,Ambient Pick,7.12,541,1279,2
2026-05-14,OP-018,Ambient Pick,3.86,322,1040,0
2026-05-14,OP-018,Bulk,3.44,176,364,0
2026-05-14,OP-019,Chilled Pick,6.8,390,971,0
2026-05-14,OP-020,Chilled Pick,7.06,426,932,1
2026-05-14,OP-021,Bulk,7.3,358,912,0
2026-05-14,OP-022,Ambient Pick,7.46,435,1020,1
2026-05-14,OP-024,Ambient Pick,7.58,533,1474,2
2026-05-14,OP-025,Ambient Pick,7.11,530,1611,1
2026-05-14,OP-026,Ambient Pick,6.44,549,1465,2
2026-05-14,OP-027,Chilled Pick,7.76,437,885,1
2026-05-14,OP-028,Ambient Pick,7.29,559,1305,2
2026-05-14,OP-030,Ambient Pick,7.84,663,1679,2
2026-05-14,OP-032,Chilled Pick,7.03,602,1774,5
2026-05-14,OP-033,Bulk,6.65,313,579,0
2026-05-14,OP-034,Chilled Pick,7.22,457,1161,1
2026-05-14,OP-035,Chilled Pick,8.37,550,1262,4
2026-05-14,OP-036,Chilled Pick,9.29,682,1298,6
2026-05-14,OP-038,Chilled Pick,1.12,55,159,0
2026-05-14,OP-038,Bulk,7.18,219,470,0
2026-05-14,OP-039,Returns,7.59,187,621,6
2026-05-14,OP-040,Chilled Pick,4.86,403,1174,3
2026-05-14,OP-040,Ambient Pick,3.95,379,900,3
2026-05-14,OP-041,Ambient Pick,1.4,82,180,0
2026-05-14,OP-041,Bulk,7.14,215,476,0
2026-05-14,OP-042,Bulk,7.76,321,531,2
2026-05-14,OP-043,Chilled Pick,6.54,304,922,4
2026-05-14,OP-043,Ambient Pick,0.97,63,201,0
2026-05-14,OP-045,Bulk,7.58,177,351,2
2026-05-14,OP-046,Returns,7.55,223,419,2
2026-05-14,OP-047,Chilled Pick,8.13,491,1267,3
2026-05-14,OP-048,Bulk,8.07,315,842,3
2026-05-15,OP-001,Ambient Pick,7.35,558,1521,4
2026-05-15,OP-002,Chilled Pick,7.23,474,1042,2
2026-05-15,OP-003,Ambient Pick,8.29,613,1343,3
2026-05-15,OP-004,Returns,4.88,163,330,0
2026-05-15,OP-004,Ambient Pick,2.28,164,297,1
2026-05-15,OP-006,Ambient Pick,7.72,415,919,4
2026-05-15,OP-007,Bulk,6.65,356,883,0
2026-05-15,OP-008,Chilled Pick,5.56,348,946,3
2026-05-15,OP-008,Ambient Pick,2.35,197,552,1
2026-05-15,OP-009,Ambient Pick,7.29,493,1033,4
2026-05-15,OP-010,Ambient Pick,7.53,597,1820,5
2026-05-15,OP-011,Bulk,7.2,291,809,2
2026-05-15,OP-014,Returns,7.6,236,761,0
2026-05-15,OP-015,Returns,7.3,169,406,0
2026-05-15,OP-016,Ambient Pick,7.52,492,1164,3
2026-05-15,OP-017,Ambient Pick,4.41,388,1117,2
2026-05-15,OP-017,Bulk,3.15,131,278,0
2026-05-15,OP-018,Bulk,7.96,375,837,2
2026-05-15,OP-019,Chilled Pick,7.07,385,822,2
2026-05-15,OP-020,Bulk,7.67,374,1106,1
2026-05-15,OP-021,Ambient Pick,7.16,625,1811,2
2026-05-15,OP-023,Ambient Pick,7.71,547,1298,0
2026-05-15,OP-024,Bulk,8.0,294,995,1
2026-05-15,OP-025,Chilled Pick,4.94,304,573,4
2026-05-15,OP-025,Bulk,2.96,124,227,1
2026-05-15,OP-026,Returns,4.48,148,470,1
2026-05-15,OP-026,Bulk,3.42,157,309,0
2026-05-15,OP-027,Ambient Pick,7.61,532,1340,1
2026-05-15,OP-028,Chilled Pick,7.36,434,1296,1
2026-05-15,OP-030,Ambient Pick,7.68,613,1782,4
2026-05-15,OP-032,Chilled Pick,8.35,655,1974,4
2026-05-15,OP-033,Ambient Pick,7.34,655,1177,1
2026-05-15,OP-033,Chilled Pick,0.98,71,212,0
2026-05-15,OP-034,Ambient Pick,6.19,437,1288,3
2026-05-15,OP-034,Bulk,1.07,44,70,0
2026-05-15,OP-035,Bulk,4.81,199,607,1
2026-05-15,OP-035,Ambient Pick,2.04,155,283,0
2026-05-15,OP-036,Ambient Pick,7.2,690,1531,3
2026-05-15,OP-037,Ambient Pick,7.27,568,1336,3
2026-05-15,OP-038,Ambient Pick,7.95,512,1663,9
2026-05-15,OP-039,Chilled Pick,7.24,348,1041,6
2026-05-15,OP-040,Ambient Pick,8.22,791,1471,10
2026-05-15,OP-042,Chilled Pick,6.38,381,1127,3
2026-05-15,OP-042,Ambient Pick,1.11,90,260,1
2026-05-15,OP-043,Ambient Pick,5.07,287,974,2
2026-05-15,OP-043,Chilled Pick,2.34,113,272,4
2026-05-15,OP-044,Chilled Pick,8.51,358,1010,3
2026-05-15,OP-045,Ambient Pick,7.42,369,1137,9
2026-05-15,OP-046,Bulk,7.13,270,590,2
2026-05-15,OP-047,Ambient Pick,7.25,512,1721,3
2026-05-15,OP-048,Bulk,7.12,331,979,3
2026-05-16,OP-002,Chilled Pick,8.26,510,1066,0
2026-05-16,OP-003,Ambient Pick,7.35,610,1651,5
2026-05-16,OP-004,Chilled Pick,2.81,177,342,1
2026-05-16,OP-004,Bulk,5.59,240,496,1
2026-05-16,OP-005,Returns,7.77,286,792,3
2026-05-16,OP-007,Ambient Pick,6.27,611,1194,2
2026-05-16,OP-007,Bulk,1.77,95,273,0
2026-05-16,OP-010,Ambient Pick,6.17,440,1453,2
2026-05-16,OP-010,Chilled Pick,1.61,89,179,0
2026-05-16,OP-011,Bulk,6.97,331,700,1
2026-05-16,OP-012,Chilled Pick,8.27,611,1807,2
2026-05-16,OP-013,Returns,6.96,224,647,0
2026-05-16,OP-014,Bulk,4.96,218,393,2
2026-05-16,OP-014,Returns,2.69,87,170,1
2026-05-16,OP-015,Ambient Pick,4.97,305,804,1
2026-05-16,OP-015,Bulk,2.46,76,207,0
2026-05-16,OP-016,Ambient Pick,7.26,424,1304,2
2026-05-16,OP-017,Chilled Pick,6.7,450,1245,1
2026-05-16,OP-018,Ambient Pick,6.26,408,669,0
2026-05-16,OP-018,Returns,0.86,33,108,0
2026-05-16,OP-019,Ambient Pick,5.36,429,1365,0
2026-05-16,OP-019,Chilled Pick,2.24,110,334,0
2026-05-16,OP-020,Bulk,8.47,347,904,4
2026-05-16,OP-021,Chilled Pick,5.26,352,754,3
2026-05-16,OP-021,Ambient Pick,1.98,170,274,0
2026-05-16,OP-023,Bulk,7.56,331,1042,0
2026-05-16,OP-025,Bulk,2.62,115,308,0
2026-05-16,OP-025,Ambient Pick,4.59,387,742,2
2026-05-16,OP-026,Ambient Pick,3.32,304,823,0
2026-05-16,OP-026,Chilled Pick,3.92,269,654,0
2026-05-16,OP-027,Bulk,6.37,248,574,0
2026-05-16,OP-028,Bulk,4.03,169,309,1
2026-05-16,OP-028,Ambient Pick,4.33,310,903,2
2026-05-16,OP-030,Ambient Pick,8.44,649,1067,4
2026-05-16,OP-031,Chilled Pick,8.36,476,1053,4
2026-05-16,OP-032,Ambient Pick,8.13,827,1598,3
2026-05-16,OP-033,Ambient Pick,7.06,605,1307,1
2026-05-16,OP-034,Ambient Pick,6.42,460,832,1
2026-05-16,OP-034,Chilled Pick,0.89,52,133,1
2026-05-16,OP-035,Chilled Pick,7.45,400,1311,3
2026-05-16,OP-036,Ambient Pick,8.63,767,2211,3
2026-05-16,OP-037,Ambient Pick,3.64,233,717,0
2026-05-16,OP-037,Bulk,3.56,159,486,0
2026-05-16,OP-038,Ambient Pick,7.55,493,1053,9
2026-05-16,OP-039,Ambient Pick,1.98,114,198,1
2026-05-16,OP-039,Chilled Pick,5.77,229,567,7
2026-05-16,OP-040,Ambient Pick,7.92,757,1735,8
2026-05-16,OP-041,Ambient Pick,7.89,574,1404,2
2026-05-16,OP-042,Ambient Pick,7.63,625,1805,7
2026-05-16,OP-043,Ambient Pick,6.97,418,1052,1
2026-05-16,OP-044,Ambient Pick,7.22,365,792,0
2026-05-16,OP-045,Ambient Pick,7.8,358,1148,1
2026-05-16,OP-046,Bulk,7.12,300,862,1
2026-05-16,OP-047,Chilled Pick,5.73,366,1085,6
2026-05-16,OP-047,Bulk,1.85,73,171,0
2026-05-16,OP-048,Ambient Pick,8.17,477,839,3
2026-05-18,OP-001,Ambient Pick,7.39,669,1697,8
2026-05-18,OP-002,Chilled Pick,6.9,558,1167,2
2026-05-18,OP-003,Chilled Pick,7.39,497,1657,2
2026-05-18,OP-004,Ambient Pick,7.6,649,1257,1
2026-05-18,OP-005,Bulk,4.38,222,626,1
2026-05-18,OP-005,Chilled Pick,3.75,295,774,0
2026-05-18,OP-006,Ambient Pick,6.93,490,1286,4
2026-05-18,OP-008,Ambient Pick,6.85,630,2000,2
2026-05-18,OP-009,Bulk,7.61,377,925,1
2026-05-18,OP-010,Ambient Pick,7.73,717,1258,3
2026-05-18,OP-011,Ambient Pick,8.12,892,2585,10
2026-05-18,OP-012,Chilled Pick,7.58,588,1056,5
2026-05-18,OP-013,Ambient Pick,8.2,801,2549,3
2026-05-18,OP-014,Ambient Pick,4.58,412,733,2
2026-05-18,OP-014,Chilled Pick,2.48,168,523,0
2026-05-18,OP-015,Ambient Pick,7.88,487,1503,5
2026-05-18,OP-016,Ambient Pick,7.27,489,842,3
2026-05-18,OP-017,Ambient Pick,6.45,675,1670,2
2026-05-18,OP-018,Bulk,8.02,422,777,0
2026-05-18,OP-019,Chilled Pick,7.83,542,1629,6
2026-05-18,OP-020,Chilled Pick,6.58,379,900,0
2026-05-18,OP-022,Ambient Pick,8.73,630,1852,3
2026-05-18,OP-023,Bulk,6.62,361,681,2
2026-05-18,OP-024,Ambient Pick,7.87,549,1260,1
2026-05-18,OP-025,Ambient Pick,1.67,179,580,1
2026-05-18,OP-025,Chilled Pick,6.3,463,1430,7
2026-05-18,OP-026,Returns,7.49,366,1208,1
2026-05-18,OP-027,Ambient Pick,1.88,141,372,1
2026-05-18,OP-027,Chilled Pick,4.73,281,525,0
2026-05-18,OP-028,Bulk,8.07,393,799,1
2026-05-18,OP-029,Ambient Pick,6.63,585,1400,2
2026-05-18,OP-030,Bulk,8.26,470,1400,0
2026-05-18,OP-031,Bulk,7.66,403,946,2
2026-05-18,OP-032,Chilled Pick,7.83,746,1727,2
2026-05-18,OP-033,Ambient Pick,0.98,97,212,1
2026-05-18,OP-033,Chilled Pick,6.12,486,1500,5
2026-05-18,OP-035,Bulk,8.02,383,1111,1
2026-05-18,OP-036,Ambient Pick,8.14,898,2255,9
2026-05-18,OP-037,Chilled Pick,7.21,527,1408,5
2026-05-18,OP-038,Chilled Pick,5.82,349,693,6
2026-05-18,OP-038,Returns,1.62,50,80,1
2026-05-18,OP-040,Bulk,7.42,438,1304,6
2026-05-18,OP-041,Ambient Pick,7.09,510,1018,0
2026-05-18,OP-042,Returns,7.76,320,657,6
2026-05-18,OP-043,Ambient Pick,7.67,514,1172,3
2026-05-18,OP-044,Ambient Pick,7.55,475,1472,4
2026-05-18,OP-045,Returns,7.32,186,359,4
2026-05-18,OP-046,Returns,7.73,299,812,3
2026-05-18,OP-047,Bulk,8.28,426,1113,4
2026-05-18,OP-048,Bulk,6.61,367,1083,2
2026-05-18,OP-048,Ambient Pick,2.0,170,373,2
2026-05-19,OP-001,Bulk,3.85,176,562,0
2026-05-19,OP-001,Ambient Pick,4.05,298,515,1
2026-05-19,OP-002,Ambient Pick,0.96,78,218,0
2026-05-19,OP-002,Chilled Pick,6.68,450,1296,3
2026-05-19,OP-003,Bulk,5.59,246,494,0
2026-05-19,OP-003,Returns,2.95,107,360,0
2026-05-19,OP-004,Bulk,7.19,314,978,2
2026-05-19,OP-005,Ambient Pick,7.23,591,1829,5
2026-05-19,OP-006,Ambient Pick,8.18,505,1151,3
2026-05-19,OP-007,Chilled Pick,7.33,491,1266,2
2026-05-19,OP-008,Ambient Pick,7.55,594,1253,1
2026-05-19,OP-009,Ambient Pick,7.87,464,954,1
2026-05-19,OP-010,Returns,4.95,177,498,1
2026-05-19,OP-010,Bulk,3.65,182,344,0
2026-05-19,OP-011,Chilled Pick,7.84,500,1087,2
2026-05-19,OP-012,Chilled Pick,4.09,266,667,0
2026-05-19,OP-012,Ambient Pick,4.01,371,615,2
2026-05-19,OP-013,Bulk,7.42,349,1110,0
2026-05-19,OP-014,Bulk,7.84,317,825,2
2026-05-19,OP-015,Ambient Pick,4.3,212,372,1
2026-05-19,OP-015,Bulk,3.84,109,291,0
2026-05-19,OP-017,Chilled Pick,7.67,477,1398,5
2026-05-19,OP-018,Ambient Pick,7.27,645,1844,0
2026-05-19,OP-019,Ambient Pick,5.52,447,958,1
2026-05-19,OP-019,Chilled Pick,1.45,80,232,2
2026-05-19,OP-020,Ambient Pick,6.59,477,1285,0
2026-05-19,OP-020,Bulk,0.94,34,103,1
2026-05-19,OP-021,Bulk,7.88,420,774,0
2026-05-19,OP-022,Ambient Pick,7.95,450,1496,4
2026-05-19,OP-023,Ambient Pick,6.5,518,936,0
2026-05-19,OP-024,Ambient Pick,8.34,543,961,3
2026-05-19,OP-026,Ambient Pick,3.57,313,600,1
2026-05-19,OP-026,Chilled Pick,3.63,235,641,0
2026-05-19,OP-027,Returns,7.68,253,860,2
2026-05-19,OP-028,Chilled Pick,6.8,448,1247,5
2026-05-19,OP-029,Ambient Pick,7.58,561,1501,1
2026-05-19,OP-030,Ambient Pick,0.61,48,144,0
2026-05-19,OP-030,Chilled Pick,7.76,548,1581,3
2026-05-19,OP-031,Ambient Pick,8.01,599,1387,4
2026-05-19,OP-032,Chilled Pick,8.25,569,1677,2
2026-05-19,OP-033,Chilled Pick,7.85,507,1188,0
2026-05-19,OP-035,Ambient Pick,9.11,712,2048,3
2026-05-19,OP-036,Ambient Pick,7.06,653,2136,2
2026-05-19,OP-037,Ambient Pick,7.63,599,1657,5
2026-05-19,OP-038,Ambient Pick,4.8,310,980,3
2026-05-19,OP-038,Chilled Pick,1.73,92,218,0
2026-05-19,OP-039,Ambient Pick,8.33,485,849,7
2026-05-19,OP-040,Ambient Pick,8.48,771,1730,8
2026-05-19,OP-041,Chilled Pick,7.83,376,779,3
2026-05-19,OP-042,Ambient Pick,6.6,572,1445,7
2026-05-19,OP-043,Ambient Pick,8.26,546,1075,3
2026-05-19,OP-044,Ambient Pick,7.58,414,1055,1
2026-05-19,OP-046,Ambient Pick,8.57,605,1083,5
2026-05-19,OP-047,Bulk,6.51,321,913,4
2026-05-19,OP-048,Ambient Pick,7.12,508,1056,1
2026-05-20,OP-001,Chilled Pick,7.15,469,1304,2
2026-05-20,OP-002,Ambient Pick,7.91,616,1640,0
2026-05-20,OP-003,Chilled Pick,7.95,499,907,2
2026-05-20,OP-004,Chilled Pick,7.63,422,1369,1
2026-05-20,OP-005,Chilled Pick,8.11,521,935,4
2026-05-20,OP-006,Returns,7.38,207,651,2
2026-05-20,OP-007,Ambient Pick,6.8,530,1095,3
2026-05-20,OP-008,Ambient Pick,5.46,347,1029,1
2026-05-20,OP-008,Chilled Pick,1.46,88,141,0
2026-05-20,OP-009,Chilled Pick,7.71,413,1102,0
2026-05-20,OP-011,Ambient Pick,8.09,526,1320,3
2026-05-20,OP-012,Bulk,8.54,419,861,1
2026-05-20,OP-013,Ambient Pick,6.83,575,1021,4
2026-05-20,OP-014,Chilled Pick,7.06,420,1144,1
2026-05-20,OP-015,Chilled Pick,5.65,246,580,0
2026-05-20,OP-015,Bulk,1.89,58,143,0
2026-05-20,OP-017,Ambient Pick,2.69,228,490,2
2026-05-20,OP-017,Chilled Pick,4.83,293,822,1
2026-05-20,OP-018,Chilled Pick,4.9,329,792,2
2026-05-20,OP-018,Ambient Pick,2.72,237,644,1
2026-05-20,OP-019,Bulk,1.73,76,133,0
2026-05-20,OP-019,Chilled Pick,5.38,311,928,0
2026-05-20,OP-020,Returns,8.23,285,774,2
2026-05-20,OP-021,Bulk,3.13,141,228,2
2026-05-20,OP-021,Ambient Pick,4.42,346,1013,0
2026-05-20,OP-022,Ambient Pick,7.38,502,982,1
2026-05-20,OP-024,Chilled Pick,7.78,404,771,3
2026-05-20,OP-025,Chilled Pick,7.17,406,847,3
2026-05-20,OP-027,Ambient Pick,7.74,588,1280,1
2026-05-20,OP-028,Bulk,6.92,282,487,1
2026-05-20,OP-029,Chilled Pick,8.23,417,1402,5
2026-05-20,OP-030,Returns,5.03,204,430,2
2026-05-20,OP-030,Ambient Pick,2.51,184,544,0
2026-05-20,OP-031,Ambient Pick,2.45,176,282,0
2026-05-20,OP-031,Bulk,4.71,176,591,0
2026-05-20,OP-033,Ambient Pick,6.46,558,1252,4
2026-05-20,OP-034,Returns,6.77,248,798,3
2026-05-20,OP-035,Bulk,8.05,316,537,3
2026-05-20,OP-036,Ambient Pick,7.68,753,2269,5
2026-05-20,OP-037,Returns,1.54,54,178,0
2026-05-20,OP-037,Ambient Pick,6.47,541,983,2
2026-05-20,OP-038,Bulk,7.61,248,571,2
2026-05-20,OP-039,Ambient Pick,7.01,388,759,8
2026-05-20,OP-040,Ambient Pick,7.51,661,1370,5
2026-05-20,OP-041,Ambient Pick,6.96,389,697,1
2026-05-20,OP-043,Ambient Pick,7.45,452,812,1
2026-05-20,OP-044,Returns,3.33,81,144,0
2026-05-20,OP-044,Ambient Pick,3.69,191,501,0
2026-05-20,OP-045,Ambient Pick,8.58,412,879,6
2026-05-20,OP-046,Bulk,8.27,297,947,3
2026-05-20,OP-047,Chilled Pick,6.72,370,597,3
2026-05-20,OP-047,Ambient Pick,0.55,42,124,2
2026-05-20,OP-048,Ambient Pick,8.14,534,880,8
2026-05-21,OP-001,Bulk,7.8,334,585,2
2026-05-21,OP-002,Ambient Pick,7.97,627,1385,2
2026-05-21,OP-003,Bulk,8.31,404,1329,1
2026-05-21,OP-005,Returns,1.58,54,102,0
2026-05-21,OP-005,Bulk,5.99,298,538,2
2026-05-21,OP-006,Ambient Pick,7.65,495,1065,3
2026-05-21,OP-007,Ambient Pick,7.89,640,2051,0
2026-05-21,OP-008,Bulk,5.88,249,405,0
2026-05-21,OP-008,Ambient Pick,2.04,145,350,0
2026-05-21,OP-009,Ambient Pick,7.7,478,976,0
2026-05-21,OP-010,Bulk,8.3,343,835,2
2026-05-21,OP-011,Ambient Pick,7.46,652,1613,1
2026-05-21,OP-012,Ambient Pick,7.65,706,2254,4
2026-05-21,OP-013,Ambient Pick,7.16,550,897,2
2026-05-21,OP-014,Ambient Pick,7.79,560,1258,1
2026-05-21,OP-015,Ambient Pick,7.18,383,692,1
2026-05-21,OP-016,Chilled Pick,6.9,363,753,1
2026-05-21,OP-017,Ambient Pick,6.7,534,906,2
2026-05-21,OP-019,Chilled Pick,6.98,407,1367,3
2026-05-21,OP-020,Ambient Pick,4.6,367,715,3
2026-05-21,OP-020,Bulk,2.23,98,264,1
2026-05-21,OP-021,Chilled Pick,7.37,537,1151,1
2026-05-21,OP-022,Chilled Pick,8.08,405,1358,1
2026-05-21,OP-023,Ambient Pick,8.67,708,1365,2
2026-05-21,OP-024,Returns,8.23,247,823,3
2026-05-21,OP-025,Ambient Pick,6.19,542,903,1
2026-05-21,OP-025,Bulk,1.23,57,131,0
2026-05-21,OP-026,Bulk,7.01,312,566,1
2026-05-21,OP-027,Ambient Pick,6.3,454,1024,2
2026-05-21,OP-028,Bulk,1.77,78,203,0
2026-05-21,OP-028,Chilled Pick,5.68,324,844,1
2026-05-21,OP-029,Bulk,8.12,350,1058,0
2026-05-21,OP-030,Bulk,8.23,409,730,2
2026-05-21,OP-031,Bulk,7.95,359,644,0
2026-05-21,OP-032,Bulk,8.5,405,1037,4
2026-05-21,OP-033,Bulk,5.77,264,823,0
2026-05-21,OP-033,Ambient Pick,1.31,120,248,0
2026-05-21,OP-034,Ambient Pick,7.69,564,1125,3
2026-05-21,OP-035,Ambient Pick,7.65,586,1497,1
2026-05-21,OP-036,Chilled Pick,7.74,561,1801,2
2026-05-21,OP-037,Bulk,8.18,389,707,1
2026-05-21,OP-038,Ambient Pick,7.53,513,1560,2
2026-05-21,OP-039,Chilled Pick,4.6,206,690,2
2026-05-21,OP-039,Returns,2.4,66,174,0
2026-05-21,OP-040,Bulk,7.55,451,1323,2
2026-05-21,OP-042,Ambient Pick,7.97,600,1178,6
2026-05-21,OP-043,Ambient Pick,7.63,445,1298,3
2026-05-21,OP-044,Bulk,7.11,227,745,0
2026-05-21,OP-044,Chilled Pick,1.16,53,143,0
2026-05-21,OP-045,Ambient Pick,8.97,466,859,7
2026-05-21,OP-046,Ambient Pick,6.78,461,1534,6
2026-05-21,OP-047,Ambient Pick,8.05,623,1419,5
2026-05-21,OP-048,Bulk,6.16,251,591,3
2026-05-22,OP-001,Ambient Pick,7.57,590,1495,1
2026-05-22,OP-002,Ambient Pick,7.06,561,1606,2
2026-05-22,OP-003,Bulk,7.22,316,1057,1
2026-05-22,OP-004,Ambient Pick,4.98,370,611,1
2026-05-22,OP-004,Chilled Pick,2.73,155,462,0
2026-05-22,OP-005,Chilled Pick,7.58,474,902,3
2026-05-22,OP-006,Ambient Pick,7.41,494,1281,2
2026-05-22,OP-007,Ambient Pick,7.76,712,1211,4
2026-05-22,OP-008,Bulk,7.2,294,813,0
2026-05-22,OP-009,Bulk,2.47,89,186,0
2026-05-22,OP-009,Chilled Pick,4.27,207,545,0
2026-05-22,OP-010,Ambient Pick,7.64,600,1427,2
2026-05-22,OP-011,Chilled Pick,6.98,451,940,5
2026-05-22,OP-012,Bulk,0.77,39,107,0
2026-05-22,OP-012,Chilled Pick,6.31,383,1186,0
2026-05-22,OP-013,Ambient Pick,7.53,524,1472,2
2026-05-22,OP-014,Ambient Pick,7.38,529,1555,1
2026-05-22,OP-015,Chilled Pick,7.32,327,870,1
2026-05-22,OP-016,Bulk,8.43,269,861,0
2026-05-22,OP-017,Returns,4.16,151,468,0
2026-05-22,OP-017,Chilled Pick,2.06,137,227,1
2026-05-22,OP-018,Chilled Pick,4.09,287,758,4
2026-05-22,OP-018,Ambient Pick,2.58,219,419,0
2026-05-22,OP-019,Chilled Pick,2.01,118,313,1
2026-05-22,OP-019,Ambient Pick,5.31,383,615,5
2026-05-22,OP-020,Chilled Pick,6.69,431,1223,0
2026-05-22,OP-020,Ambient Pick,0.93,76,196,1
2026-05-22,OP-021,Ambient Pick,3.92,323,584,0
2026-05-22,OP-021,Chilled Pick,3.42,227,650,1
2026-05-22,OP-022,Returns,6.82,184,298,0
2026-05-22,OP-024,Returns,7.97,251,440,1
2026-05-22,OP-025,Bulk,7.2,375,829,1
2026-05-22,OP-026,Bulk,7.4,327,538,1
2026-05-22,OP-027,Ambient Pick,7.9,560,1767,0
2026-05-22,OP-028,Ambient Pick,7.53,525,1046,1
2026-05-22,OP-029,Chilled Pick,1.68,92,198,0
2026-05-22,OP-029,Bulk,5.68,220,584,0
2026-05-22,OP-030,Chilled Pick,2.95,211,364,1
2026-05-22,OP-030,Bulk,4.23,186,325,0
2026-05-22,OP-031,Chilled Pick,8.18,497,1369,4
2026-05-22,OP-032,Bulk,8.39,445,1344,0
2026-05-22,OP-033,Ambient Pick,6.41,520,1172,5
2026-05-22,OP-034,Ambient Pick,7.81,591,1172,1
2026-05-22,OP-035,Ambient Pick,1.02,82,174,1
2026-05-22,OP-035,Returns,6.61,223,431,2
2026-05-22,OP-036,Bulk,7.64,388,842,0
2026-05-22,OP-037,Bulk,8.05,422,935,2
2026-05-22,OP-038,Ambient Pick,7.98,484,1258,4
2026-05-22,OP-039,Ambient Pick,7.87,475,1495,3
2026-05-22,OP-040,Ambient Pick,6.38,599,1052,5
2026-05-22,OP-041,Returns,8.09,265,659,2
2026-05-22,OP-042,Bulk,7.51,322,642,2
2026-05-22,OP-043,Ambient Pick,7.36,477,1076,3
2026-05-22,OP-044,Chilled Pick,7.77,307,728,0
2026-05-22,OP-045,Chilled Pick,0.61,25,80,0
2026-05-22,OP-045,Returns,6.93,152,277,2
2026-05-22,OP-046,Chilled Pick,6.05,317,509,3
2026-05-22,OP-047,Bulk,7.36,308,562,0
2026-05-22,OP-048,Bulk,8.09,288,778,0
2026-05-23,OP-001,Chilled Pick,7.82,484,1435,2
2026-05-23,OP-002,Bulk,1.89,80,246,1
2026-05-23,OP-002,Ambient Pick,4.83,371,1075,3
2026-05-23,OP-003,Ambient Pick,7.56,612,1981,2
2026-05-23,OP-004,Chilled Pick,8.69,547,1485,0
2026-05-23,OP-005,Ambient Pick,1.47,115,360,1
2026-05-23,OP-005,Bulk,4.38,211,692,0
2026-05-23,OP-006,Returns,7.77,221,499,1
2026-05-23,OP-007,Bulk,7.09,332,779,0
2026-05-23,OP-009,Ambient Pick,7.43,494,1408,5
2026-05-23,OP-010,Bulk,7.34,314,868,0
2026-05-23,OP-011,Returns,4.05,127,383,0
2026-05-23,OP-011,Bulk,3.69,168,504,1
2026-05-23,OP-012,Ambient Pick,0.51,46,96,0
2026-05-23,OP-012,Returns,6.58,264,539,2
2026-05-23,OP-013,Ambient Pick,6.57,516,1253,0
2026-05-23,OP-014,Chilled Pick,8.5,521,1171,1
2026-05-23,OP-017,Bulk,3.55,161,344,0
2026-05-23,OP-017,Chilled Pick,3.97,264,626,1
2026-05-23,OP-018,Bulk,7.51,313,755,0
2026-05-23,OP-021,Ambient Pick,8.24,711,1575,3
2026-05-23,OP-023,Ambient Pick,3.82,335,785,1
2026-05-23,OP-023,Returns,3.19,113,205,2
2026-05-23,OP-024,Bulk,8.38,304,795,1
2026-05-23,OP-025,Ambient Pick,7.38,612,2021,2
2026-05-23,OP-026,Ambient Pick,8.61,787,1903,3
2026-05-23,OP-027,Ambient Pick,5.2,403,1230,3
2026-05-23,OP-027,Bulk,2.61,107,352,0
2026-05-23,OP-028,Ambient Pick,6.59,469,1310,2
2026-05-23,OP-029,Ambient Pick,7.13,475,1283,3
2026-05-23,OP-030,Chilled Pick,6.44,366,861,5
2026-05-23,OP-030,Ambient Pick,0.86,90,199,0
2026-05-23,OP-031,Chilled Pick,7.63,409,1040,5
2026-05-23,OP-032,Ambient Pick,4.62,445,1024,3
2026-05-23,OP-032,Bulk,2.17,109,207,0
2026-05-23,OP-033,Ambient Pick,1.4,117,222,0
2026-05-23,OP-033,Chilled Pick,7.21,452,1235,1
2026-05-23,OP-034,Bulk,1.8,81,224,0
2026-05-23,OP-034,Returns,5.84,205,563,1
2026-05-23,OP-035,Chilled Pick,9.04,555,1615,2
2026-05-23,OP-036,Chilled Pick,7.16,559,956,3
2026-05-23,OP-037,Chilled Pick,8.16,480,1328,1
2026-05-23,OP-038,Bulk,7.08,263,650,0
2026-05-23,OP-039,Chilled Pick,7.33,367,635,4
2026-05-23,OP-040,Chilled Pick,8.79,572,1293,10
2026-05-23,OP-041,Ambient Pick,4.0,232,591,1
2026-05-23,OP-041,Bulk,3.72,138,403,0
2026-05-23,OP-042,Bulk,6.73,324,941,1
2026-05-23,OP-043,Ambient Pick,0.55,35,57,0
2026-05-23,OP-043,Chilled Pick,7.11,362,1091,4
2026-05-23,OP-044,Chilled Pick,6.74,278,739,1
2026-05-23,OP-044,Ambient Pick,1.36,76,167,1
2026-05-23,OP-045,Bulk,7.75,191,510,0
2026-05-23,OP-046,Ambient Pick,8.0,464,984,2
2026-05-23,OP-047,Ambient Pick,7.83,515,940,4
2026-05-23,OP-048,Bulk,8.04,294,491,2
2026-05-25,OP-001,Chilled Pick,7.51,640,1622,2
2026-05-25,OP-002,Bulk,7.67,377,688,0
2026-05-25,OP-005,Ambient Pick,4.91,461,1304,2
2026-05-25,OP-005,Chilled Pick,2.38,162,511,1
2026-05-25,OP-006,Ambient Pick,7.64,572,1112,3
2026-05-25,OP-008,Chilled Pick,6.29,399,1285,2
2026-05-25,OP-009,Bulk,7.44,293,781,1
2026-05-25,OP-010,Ambient Pick,7.52,710,1325,4
2026-05-25,OP-011,Bulk,7.55,419,1147,1
2026-05-25,OP-013,Chilled Pick,5.19,391,660,0
2026-05-25,OP-013,Ambient Pick,2.1,179,286,0
2026-05-25,OP-014,Bulk,2.5,99,291,1
2026-05-25,OP-014,Ambient Pick,4.42,364,988,0
2026-05-25,OP-015,Returns,7.85,233,757,1
2026-05-25,OP-017,Chilled Pick,6.8,501,859,1
2026-05-25,OP-018,Returns,8.02,334,1133,1
2026-05-25,OP-019,Bulk,1.86,97,179,1
2026-05-25,OP-019,Ambient Pick,5.1,442,765,0
2026-05-25,OP-020,Ambient Pick,6.8,620,1114,5
2026-05-25,OP-021,Ambient Pick,7.38,809,1662,5
2026-05-25,OP-022,Bulk,3.31,135,289,0
2026-05-25,OP-022,Ambient Pick,4.42,366,1041,2
2026-05-25,OP-024,Bulk,6.12,271,453,1
2026-05-25,OP-025,Ambient Pick,8.5,874,2413,5
2026-05-25,OP-026,Ambient Pick,6.73,689,2208,2
2026-05-25,OP-026,Returns,0.77,36,60,0
2026-05-25,OP-027,Chilled Pick,4.94,321,958,0
2026-05-25,OP-027,Returns,1.98,77,223,1
2026-05-25,OP-028,Bulk,6.95,362,765,1
2026-05-25,OP-029,Ambient Pick,9.19,702,2264,4
2026-05-25,OP-030,Ambient Pick,6.73,680,1323,6
2026-05-25,OP-031,Ambient Pick,7.69,654,1572,4
2026-05-25,OP-032,Returns,7.76,384,1164,1
2026-05-25,OP-034,Bulk,8.21,414,1248,2
2026-05-25,OP-035,Ambient Pick,6.29,607,1659,2
2026-05-25,OP-038,Ambient Pick,7.46,548,1198,6
2026-05-25,OP-039,Ambient Pick,7.65,584,1639,3
2026-05-25,OP-040,Ambient Pick,4.05,446,1206,4
2026-05-25,OP-040,Chilled Pick,3.68,319,822,3
2026-05-25,OP-041,Bulk,7.27,294,552,1
2026-05-25,OP-042,Ambient Pick,4.11,372,1091,3
2026-05-25,OP-042,Bulk,2.99,160,482,0
2026-05-25,OP-043,Ambient Pick,7.55,521,898,0
2026-05-25,OP-046,Ambient Pick,2.93,202,437,0
2026-05-25,OP-046,Chilled Pick,4.61,286,729,2
2026-05-25,OP-047,Bulk,5.35,284,722,0
2026-05-25,OP-047,Ambient Pick,1.15,109,317,2
2026-05-25,OP-048,Ambient Pick,8.04,591,1766,5
2026-05-26,OP-001,Chilled Pick,8.78,581,1612,4
2026-05-26,OP-002,Chilled Pick,7.97,488,923,1
2026-05-26,OP-003,Ambient Pick,2.25,183,301,0
2026-05-26,OP-003,Chilled Pick,5.33,299,874,2
2026-05-26,OP-005,Ambient Pick,8.15,644,1503,3
2026-05-26,OP-006,Ambient Pick,7.64,479,779,8
2026-05-26,OP-008,Chilled Pick,7.57,478,1140,2
2026-05-26,OP-009,Ambient Pick,8.15,477,1158,3
2026-05-26,OP-010,Ambient Pick,7.95,615,1964,3
2026-05-26,OP-012,Chilled Pick,3.77,284,910,0
2026-05-26,OP-012,Ambient Pick,2.77,260,736,1
2026-05-26,OP-014,Ambient Pick,8.24,592,954,1
2026-05-26,OP-015,Chilled Pick,7.84,355,1089,0
2026-05-26,OP-016,Ambient Pick,7.99,547,1327,7
2026-05-26,OP-017,Bulk,6.58,312,577,1
2026-05-26,OP-017,Chilled Pick,1.01,68,137,0
2026-05-26,OP-018,Chilled Pick,8.36,551,1126,0
2026-05-26,OP-019,Ambient Pick,7.33,580,1547,1
2026-05-26,OP-020,Ambient Pick,8.19,614,1803,2
2026-05-26,OP-023,Bulk,8.19,368,1031,1
2026-05-26,OP-024,Ambient Pick,7.26,483,1366,2
2026-05-26,OP-025,Ambient Pick,8.7,739,2345,2
2026-05-26,OP-026,Ambient Pick,3.06,271,512,0
2026-05-26,OP-026,Chilled Pick,4.13,255,720,0
2026-05-26,OP-027,Ambient Pick,8.62,522,1047,0
2026-05-26,OP-028,Ambient Pick,7.22,529,997,6
2026-05-26,OP-029,Ambient Pick,7.28,488,1425,3
2026-05-26,OP-030,Returns,5.38,202,417,2
2026-05-26,OP-030,Chilled Pick,1.3,91,248,1
2026-05-26,OP-031,Chilled Pick,7.37,415,780,1
2026-05-26,OP-032,Chilled Pick,6.15,422,1123,3
2026-05-26,OP-032,Bulk,1.33,71,124,0
2026-05-26,OP-033,Ambient Pick,7.04,654,1462,1
2026-05-26,OP-034,Bulk,7.87,305,950,0
2026-05-26,OP-035,Chilled Pick,8.08,497,1426,2
2026-05-26,OP-037,Ambient Pick,6.52,494,1038,2
2026-05-26,OP-038,Ambient Pick,8.25,535,1377,3
2026-05-26,OP-039,Bulk,7.75,251,828,1
2026-05-26,OP-040,Bulk,8.9,450,990,0
2026-05-26,OP-041,Ambient Pick,5.45,353,573,2
2026-05-26,OP-041,Chilled Pick,1.74,84,207,0
2026-05-26,OP-042,Chilled Pick,7.26,418,1226,2
2026-05-26,OP-043,Bulk,8.38,267,451,1
2026-05-26,OP-045,Returns,8.27,194,526,4
2026-05-26,OP-046,Chilled Pick,6.74,344,749,2
2026-05-26,OP-047,Bulk,6.61,280,950,1
2026-05-26,OP-048,Bulk,8.21,318,717,3
2026-05-27,OP-001,Ambient Pick,4.88,354,1194,2
2026-05-27,OP-001,Chilled Pick,2.65,159,368,2
2026-05-27,OP-002,Returns,7.64,240,688,0
2026-05-27,OP-003,Chilled Pick,4.84,279,600,0
2026-05-27,OP-003,Bulk,2.25,94,183,1
2026-05-27,OP-004,Chilled Pick,2.49,155,467,0
2026-05-27,OP-004,Ambient Pick,3.53,232,530,3
2026-05-27,OP-005,Ambient Pick,7.97,749,1225,4
2026-05-27,OP-007,Ambient Pick,7.59,677,1613,3
2026-05-27,OP-008,Chilled Pick,8.23,444,1169,3
2026-05-27,OP-009,Ambient Pick,6.25,428,1010,2
2026-05-27,OP-009,Returns,1.64,46,97,0
2026-05-27,OP-010,Returns,8.05,320,764,4
2026-05-27,OP-011,Ambient Pick,9.16,841,1805,0
2026-05-27,OP-012,Chilled Pick,2.25,168,422,2
2026-05-27,OP-012,Ambient Pick,5.39,457,1097,2
2026-05-27,OP-013,Ambient Pick,8.41,572,1203,1
2026-05-27,OP-014,Chilled Pick,8.22,505,817,1
2026-05-27,OP-015,Chilled Pick,4.35,170,545,0
2026-05-27,OP-015,Returns,3.06,77,133,0
2026-05-27,OP-017,Ambient Pick,6.87,486,893,1
2026-05-27,OP-018,Ambient Pick,7.67,528,897,0
2026-05-27,OP-020,Ambient Pick,8.4,671,1139,2
2026-05-27,OP-021,Ambient Pick,6.5,546,1415,0
2026-05-27,OP-021,Chilled Pick,1.12,77,177,1
2026-05-27,OP-024,Bulk,8.31,329,871,1
2026-05-27,OP-025,Ambient Pick,8.44,721,2297,3
2026-05-27,OP-026,Bulk,6.7,321,561,1
2026-05-27,OP-028,Chilled Pick,7.75,461,936,1
2026-05-27,OP-029,Ambient Pick,7.46,500,1033,0
2026-05-27,OP-030,Returns,1.53,52,100,0
2026-05-27,OP-030,Bulk,5.89,253,850,0
2026-05-27,OP-031,Chilled Pick,6.97,395,948,1
2026-05-27,OP-032,Bulk,8.0,447,1458,1
2026-05-27,OP-033,Returns,7.68,319,571,0
2026-05-27,OP-034,Ambient Pick,6.94,553,1720,2
2026-05-27,OP-035,Ambient Pick,6.6,484,1538,1
2026-05-27,OP-036,Bulk,7.89,470,1428,1
2026-05-27,OP-037,Ambient Pick,7.24,544,1760,1
2026-05-27,OP-040,Ambient Pick,7.7,727,1911,8
2026-05-27,OP-040,Chilled Pick,0.74,45,74,0
2026-05-27,OP-043,Bulk,6.4,226,559,2
2026-05-27,OP-043,Ambient Pick,1.95,138,347,1
2026-05-27,OP-044,Chilled Pick,8.59,356,670,3
2026-05-27,OP-046,Ambient Pick,7.14,466,1270,2
2026-05-27,OP-047,Ambient Pick,7.42,507,1570,4
2026-05-28,OP-001,Ambient Pick,8.07,545,945,0
2026-05-28,OP-002,Ambient Pick,8.29,635,1532,3
2026-05-28,OP-003,Ambient Pick,8.13,563,1866,2
2026-05-28,OP-004,Chilled Pick,6.42,393,676,1
2026-05-28,OP-005,Chilled Pick,7.49,530,1493,2
2026-05-28,OP-006,Ambient Pick,7.61,492,1076,4
2026-05-28,OP-007,Ambient Pick,4.76,425,1162,3
2026-05-28,OP-007,Bulk,1.62,80,205,0
2026-05-28,OP-008,Bulk,3.42,142,456,0
2026-05-28,OP-008,Returns,4.21,137,294,0
2026-05-28,OP-009,Ambient Pick,7.51,465,1424,0
2026-05-28,OP-009,Returns,1.64,47,131,0
2026-05-28,OP-010,Ambient Pick,3.53,281,491,2
2026-05-28,OP-010,Bulk,4.62,217,672,0
2026-05-28,OP-011,Ambient Pick,6.99,658,1129,1
2026-05-28,OP-011,Bulk,1.16,56,127,0
2026-05-28,OP-012,Chilled Pick,2.86,204,669,1
2026-05-28,OP-012,Bulk,5.26,276,854,1
2026-05-28,OP-013,Returns,7.1,248,605,1
2026-05-28,OP-014,Chilled Pick,7.34,460,1124,2
2026-05-28,OP-015,Ambient Pick,7.58,423,1134,2
2026-05-28,OP-016,Chilled Pick,7.6,400,1000,2
2026-05-28,OP-017,Chilled Pick,7.89,485,1490,4
2026-05-28,OP-018,Bulk,5.4,226,526,1
2026-05-28,OP-018,Ambient Pick,1.48,134,359,2
2026-05-28,OP-021,Ambient Pick,7.53,588,1971,3
2026-05-28,OP-022,Ambient Pick,2.53,165,549,1
2026-05-28,OP-022,Bulk,4.38,152,244,0
2026-05-28,OP-024,Ambient Pick,6.97,426,1445,0
2026-05-28,OP-025,Ambient Pick,7.68,649,1185,2
2026-05-28,OP-026,Bulk,5.36,233,498,0
2026-05-28,OP-026,Ambient Pick,2.77,242,581,0
2026-05-28,OP-027,Ambient Pick,7.54,487,1290,2
2026-05-28,OP-028,Bulk,7.41,334,1068,2
2026-05-28,OP-029,Ambient Pick,5.73,398,962,1
2026-05-28,OP-029,Bulk,2.14,77,202,0
2026-05-28,OP-030,Ambient Pick,8.28,729,1593,3
2026-05-28,OP-031,Chilled Pick,6.67,431,1305,4
2026-05-28,OP-032,Chilled Pick,6.75,413,732,2
2026-05-28,OP-033,Returns,6.63,235,388,1
2026-05-28,OP-034,Ambient Pick,7.82,596,1259,1
2026-05-28,OP-035,Ambient Pick,6.96,527,1546,3
2026-05-28,OP-038,Ambient Pick,0.52,34,101,0
2026-05-28,OP-038,Bulk,7.27,286,876,1
2026-05-28,OP-039,Ambient Pick,7.77,445,1206,1
2026-05-28,OP-040,Ambient Pick,0.6,55,182,0
2026-05-28,OP-040,Bulk,6.71,388,1037,5
2026-05-28,OP-041,Ambient Pick,8.27,561,1084,0
2026-05-28,OP-042,Ambient Pick,7.92,556,1039,3
2026-05-28,OP-043,Chilled Pick,7.9,380,1222,1
2026-05-28,OP-044,Returns,7.15,154,309,1
2026-05-28,OP-044,Chilled Pick,0.62,28,86,0
2026-05-28,OP-045,Chilled Pick,3.93,159,315,2
2026-05-28,OP-045,Ambient Pick,3.44,178,325,1
2026-05-28,OP-046,Ambient Pick,7.97,571,1435,3
2026-05-28,OP-047,Chilled Pick,7.66,419,936,4
2026-05-28,OP-048,Bulk,7.67,287,919,1
2026-05-29,OP-001,Bulk,7.52,326,744,2
2026-05-29,OP-003,Ambient Pick,7.19,561,1589,2
2026-05-29,OP-004,Bulk,7.34,372,856,1
2026-05-29,OP-005,Ambient Pick,2.64,249,773,2
2026-05-29,OP-005,Returns,5.35,201,577,3
2026-05-29,OP-007,Returns,5.51,217,406,1
2026-05-29,OP-007,Ambient Pick,2.72,250,845,1
2026-05-29,OP-008,Bulk,7.37,323,682,1
2026-05-29,OP-011,Returns,7.57,294,807,0
2026-05-29,OP-012,Chilled Pick,6.61,447,961,3
2026-05-29,OP-013,Ambient Pick,8.04,581,1916,2
2026-05-29,OP-015,Chilled Pick,6.3,282,509,0
2026-05-29,OP-016,Returns,8.5,206,371,1
2026-05-29,OP-017,Ambient Pick,6.59,501,965,0
2026-05-29,OP-017,Chilled Pick,0.91,57,120,0
2026-05-29,OP-018,Bulk,4.51,195,571,1
2026-05-29,OP-018,Ambient Pick,2.93,211,709,0
2026-05-29,OP-019,Ambient Pick,7.54,534,1627,2
2026-05-29,OP-020,Ambient Pick,7.14,536,1183,2
2026-05-29,OP-021,Ambient Pick,8.35,793,1906,3
2026-05-29,OP-022,Bulk,7.47,237,403,3
2026-05-29,OP-023,Returns,5.64,203,450,0
2026-05-29,OP-023,Ambient Pick,1.19,100,315,0
2026-05-29,OP-025,Bulk,4.61,231,774,1
2026-05-29,OP-025,Returns,3.03,103,172,1
2026-05-29,OP-026,Ambient Pick,6.19,525,1742,1
2026-05-29,OP-026,Chilled Pick,1.75,123,409,0
2026-05-29,OP-027,Bulk,7.94,331,1103,1
2026-05-29,OP-028,Returns,4.92,184,548,2
2026-05-29,OP-028,Chilled Pick,2.92,161,465,1
2026-05-29,OP-029,Ambient Pick,7.35,545,1267,1
2026-05-29,OP-030,Chilled Pick,7.15,510,1572,2
2026-05-29,OP-032,Bulk,6.54,359,686,1
2026-05-29,OP-033,Ambient Pick,7.49,549,890,2
2026-05-29,OP-034,Ambient Pick,7.37,534,1690,2
2026-05-29,OP-035,Bulk,7.64,348,778,0
2026-05-29,OP-036,Ambient Pick,7.69,681,1890,1
2026-05-29,OP-037,Chilled Pick,7.6,480,1607,3
2026-05-29,OP-038,Bulk,8.16,303,966,1
2026-05-29,OP-039,Ambient Pick,2.72,161,327,4
2026-05-29,OP-039,Chilled Pick,4.78,213,462,4
2026-05-29,OP-040,Ambient Pick,4.0,378,789,5
2026-05-29,OP-040,Chilled Pick,2.63,206,605,3
2026-05-29,OP-041,Bulk,7.77,248,433,0
2026-05-29,OP-042,Bulk,6.85,332,975,4
2026-05-29,OP-043,Bulk,6.87,236,599,1
2026-05-29,OP-044,Ambient Pick,7.77,365,755,3
2026-05-29,OP-045,Returns,7.35,176,564,1
2026-05-29,OP-046,Bulk,7.74,296,558,2
2026-05-29,OP-047,Ambient Pick,7.6,610,1104,6
2026-05-29,OP-048,Ambient Pick,6.06,461,754,2
2026-05-29,OP-048,Bulk,0.51,20,60,0
2026-05-30,OP-001,Bulk,7.89,353,886,0
2026-05-30,OP-002,Ambient Pick,8.3,635,1951,4
2026-05-30,OP-003,Returns,6.7,225,474,3
2026-05-30,OP-003,Bulk,0.84,38,125,0
2026-05-30,OP-004,Returns,6.69,222,562,0
2026-05-30,OP-005,Ambient Pick,6.78,626,1529,1
2026-05-30,OP-006,Bulk,3.91,172,546,1
2026-05-30,OP-006,Ambient Pick,3.2,192,526,1
2026-05-30,OP-007,Ambient Pick,7.58,663,2156,1
2026-05-30,OP-008,Ambient Pick,7.41,479,1387,4
2026-05-30,OP-009,Chilled Pick,8.42,486,1647,1
2026-05-30,OP-010,Returns,2.21,69,112,0
2026-05-30,OP-010,Ambient Pick,4.77,405,1138,3
2026-05-30,OP-011,Ambient Pick,1.21,103,225,0
2026-05-30,OP-011,Returns,5.96,246,554,2
2026-05-30,OP-012,Bulk,3.4,156,480,1
2026-05-30,OP-012,Chilled Pick,4.63,295,904,2
2026-05-30,OP-013,Ambient Pick,7.49,539,1242,1
2026-05-30,OP-014,Ambient Pick,7.57,501,1415,0
2026-05-30,OP-015,Ambient Pick,8.85,547,1810,2
2026-05-30,OP-016,Chilled Pick,7.73,366,956,3
2026-05-30,OP-017,Ambient Pick,7.35,547,1136,4
2026-05-30,OP-018,Chilled Pick,6.51,412,999,1
2026-05-30,OP-018,Bulk,1.21,53,111,0
2026-05-30,OP-019,Chilled Pick,8.1,494,1246,0
2026-05-30,OP-020,Ambient Pick,3.98,320,549,1
2026-05-30,OP-020,Chilled Pick,4.7,264,492,1
2026-05-30,OP-021,Ambient Pick,5.77,494,1492,0
2026-05-30,OP-022,Ambient Pick,8.25,544,932,1
2026-05-30,OP-024,Returns,7.38,230,693,2
2026-05-30,OP-025,Chilled Pick,7.59,543,1797,4
2026-05-30,OP-027,Ambient Pick,7.97,647,1042,7
2026-05-30,OP-028,Ambient Pick,6.54,509,1595,3
2026-05-30,OP-029,Chilled Pick,8.37,436,1092,2
2026-05-30,OP-030,Bulk,7.85,355,818,1
2026-05-30,OP-031,Ambient Pick,5.97,481,1127,4
2026-05-30,OP-031,Bulk,1.33,60,202,1
2026-05-30,OP-032,Ambient Pick,7.54,657,1862,0
2026-05-30,OP-034,Ambient Pick,7.46,623,1688,2
2026-05-30,OP-035,Chilled Pick,7.92,413,935,0
2026-05-30,OP-036,Ambient Pick,7.45,628,1367,1
2026-05-30,OP-037,Ambient Pick,8.07,612,1139,2
2026-05-30,OP-038,Chilled Pick,7.58,350,1072,3
2026-05-30,OP-039,Chilled Pick,7.44,328,913,1
2026-05-30,OP-040,Chilled Pick,7.47,465,938,1
2026-05-30,OP-041,Ambient Pick,7.79,475,878,5
2026-05-30,OP-042,Ambient Pick,7.43,565,1228,3
2026-05-30,OP-043,Bulk,7.69,253,506,1
2026-05-30,OP-044,Chilled Pick,8.53,353,655,2
2026-05-30,OP-045,Bulk,7.95,215,550,2
2026-05-30,OP-046,Bulk,8.07,325,580,2
2026-05-30,OP-047,Chilled Pick,1.43,73,229,0
2026-05-30,OP-047,Returns,7.28,233,447,4
2026-05-30,OP-048,Chilled Pick,8.19,467,1280,6
2026-06-01,OP-001,Chilled Pick,6.95,530,1629,4
2026-06-01,OP-002,Ambient Pick,4.62,392,970,2
2026-06-01,OP-002,Bulk,2.83,144,393,0
2026-06-01,OP-005,Chilled Pick,7.15,591,1612,4
2026-06-01,OP-006,Ambient Pick,6.95,598,1165,4
2026-06-01,OP-007,Ambient Pick,8.37,901,1821,6
2026-06-01,OP-008,Returns,4.37,182,495,0
2026-06-01,OP-008,Ambient Pick,2.62,233,615,0
2026-06-01,OP-009,Ambient Pick,7.24,495,829,0
2026-06-01,OP-011,Returns,6.39,318,946,4
2026-06-01,OP-012,Returns,7.7,310,660,6
2026-06-01,OP-013,Ambient Pick,7.66,654,1207,3
2026-06-01,OP-015,Ambient Pick,5.2,339,915,0
2026-06-01,OP-015,Bulk,2.54,95,258,0
2026-06-01,OP-016,Chilled Pick,7.14,421,947,3
2026-06-01,OP-017,Bulk,8.08,450,1220,1
2026-06-01,OP-018,Ambient Pick,7.55,740,2092,1
2026-06-01,OP-020,Bulk,7.68,364,1065,1
2026-06-01,OP-021,Returns,7.93,356,628,2
2026-06-01,OP-022,Ambient Pick,3.49,285,905,2
2026-06-01,OP-022,Chilled Pick,4.91,321,581,0
2026-06-01,OP-023,Bulk,7.81,362,874,1
2026-06-01,OP-024,Bulk,4.36,188,394,1
2026-06-01,OP-024,Ambient Pick,1.88,151,297,2
2026-06-01,OP-025,Ambient Pick,7.5,717,1934,5
2026-06-01,OP-026,Chilled Pick,7.76,644,1811,4
2026-06-01,OP-027,Chilled Pick,6.91,401,1244,3
2026-06-01,OP-028,Chilled Pick,7.19,491,1406,4
2026-06-01,OP-029,Ambient Pick,6.41,505,1098,3
2026-06-01,OP-030,Bulk,6.92,397,971,2
2026-06-01,OP-031,Bulk,7.8,445,869,0
2026-06-01,OP-032,Bulk,7.05,413,686,5
2026-06-01,OP-033,Ambient Pick,6.55,717,1412,8
2026-06-01,OP-034,Chilled Pick,7.11,546,1723,7
2026-06-01,OP-036,Ambient Pick,8.08,1007,1922,9
2026-06-01,OP-037,Ambient Pick,7.52,748,1316,1
2026-06-01,OP-038,Ambient Pick,4.72,292,665,3
2026-06-01,OP-038,Returns,1.74,59,113,2
2026-06-01,OP-039,Bulk,6.5,277,866,5
2026-06-01,OP-039,Ambient Pick,1.65,104,331,0
2026-06-01,OP-040,Bulk,8.54,536,1578,2
2026-06-01,OP-041,Returns,8.95,292,798,2
2026-06-01,OP-043,Ambient Pick,2.71,217,526,4
2026-06-01,OP-043,Chilled Pick,5.14,332,769,6
2026-06-01,OP-044,Chilled Pick,7.23,336,1031,2
2026-06-01,OP-045,Bulk,7.88,283,603,3
2026-06-01,OP-047,Ambient Pick,6.4,539,1286,6
2026-06-01,OP-048,Bulk,1.86,87,199,0
2026-06-01,OP-048,Ambient Pick,5.19,424,1021,8
2026-06-02,OP-001,Ambient Pick,7.06,583,1610,5
2026-06-02,OP-002,Ambient Pick,3.15,244,540,0
2026-06-02,OP-002,Chilled Pick,4.89,278,773,0
2026-06-02,OP-003,Bulk,7.5,306,673,0
2026-06-02,OP-004,Ambient Pick,5.69,389,729,1
2026-06-02,OP-005,Bulk,7.33,330,695,1
2026-06-02,OP-006,Bulk,7.31,276,849,0
2026-06-02,OP-007,Ambient Pick,7.29,585,967,1
2026-06-02,OP-009,Chilled Pick,7.15,372,1144,1
2026-06-02,OP-010,Ambient Pick,7.21,547,1296,8
2026-06-02,OP-011,Bulk,3.47,185,322,0
2026-06-02,OP-011,Chilled Pick,2.82,203,553,0
2026-06-02,OP-012,Bulk,5.96,295,642,1
2026-06-02,OP-013,Chilled Pick,6.75,424,1439,1
2026-06-02,OP-014,Chilled Pick,7.73,483,1415,1
2026-06-02,OP-017,Ambient Pick,5.33,460,967,3
2026-06-02,OP-017,Returns,2.1,75,168,0
2026-06-02,OP-018,Returns,8.01,270,740,0
2026-06-02,OP-020,Ambient Pick,5.86,435,1430,2
2026-06-02,OP-021,Ambient Pick,7.98,641,1488,2
2026-06-02,OP-022,Ambient Pick,6.94,446,1223,1
2026-06-02,OP-023,Chilled Pick,7.54,491,1394,0
2026-06-02,OP-024,Ambient Pick,7.69,557,1496,1
2026-06-02,OP-025,Ambient Pick,7.35,661,1721,4
2026-06-02,OP-026,Ambient Pick,1.48,121,393,0
2026-06-02,OP-026,Returns,5.78,246,729,0
2026-06-02,OP-027,Bulk,6.96,287,617,0
2026-06-02,OP-027,Ambient Pick,0.73,51,85,0
2026-06-02,OP-029,Chilled Pick,7.55,438,761,2
2026-06-02,OP-030,Ambient Pick,7.75,664,1521,1
2026-06-02,OP-031,Bulk,1.78,72,214,0
2026-06-02,OP-031,Ambient Pick,5.88,446,787,2
2026-06-02,OP-032,Ambient Pick,7.9,678,1540,2
2026-06-02,OP-033,Ambient Pick,4.61,391,762,2
2026-06-02,OP-033,Bulk,1.95,92,224,0
2026-06-02,OP-035,Returns,8.51,329,1009,4
2026-06-02,OP-036,Ambient Pick,8.5,700,2007,2
2026-06-02,OP-037,Bulk,6.77,261,515,1
2026-06-02,OP-038,Chilled Pick,6.96,372,897,6
2026-06-02,OP-038,Bulk,0.68,24,51,0
2026-06-02,OP-039,Bulk,7.69,278,637,2
2026-06-02,OP-040,Chilled Pick,7.65,584,969,2
2026-06-02,OP-041,Ambient Pick,1.46,89,235,1
2026-06-02,OP-041,Chilled Pick,6.83,346,948,2
2026-06-02,OP-042,Bulk,8.0,342,551,1
2026-06-02,OP-043,Bulk,8.73,314,812,4
2026-06-02,OP-044,Ambient Pick,5.76,316,1061,1
2026-06-02,OP-044,Bulk,1.91,51,110,0
2026-06-02,OP-046,Bulk,6.47,261,619,0
2026-06-02,OP-046,Ambient Pick,2.01,137,452,0
2026-06-02,OP-047,Returns,7.33,274,915,5
2026-06-02,OP-048,Chilled Pick,2.09,122,378,0
2026-06-02,OP-048,Bulk,5.93,254,543,0
2026-06-03,OP-001,Bulk,8.13,424,730,1
2026-06-03,OP-002,Bulk,1.63,60,180,0
2026-06-03,OP-002,Ambient Pick,5.08,403,987,2
2026-06-03,OP-003,Chilled Pick,7.28,432,842,2
2026-06-03,OP-004,Ambient Pick,3.04,220,717,2
2026-06-03,OP-004,Bulk,4.62,194,446,1
2026-06-03,OP-005,Ambient Pick,6.92,561,1016,3
2026-06-03,OP-006,Returns,5.59,183,494,1
2026-06-03,OP-006,Ambient Pick,1.65,114,239,1
2026-06-03,OP-007,Chilled Pick,7.39,492,1148,3
2026-06-03,OP-008,Ambient Pick,7.19,530,1014,4
2026-06-03,OP-010,Returns,2.64,97,185,1
2026-06-03,OP-010,Ambient Pick,3.62,334,806,2
2026-06-03,OP-011,Chilled Pick,7.23,522,1122,2
2026-06-03,OP-012,Bulk,7.89,342,656,1
2026-06-03,OP-013,Returns,7.67,261,599,0
2026-06-03,OP-014,Bulk,7.24,328,723,0
2026-06-03,OP-016,Returns,2.52,68,113,3
2026-06-03,OP-016,Bulk,5.82,190,432,1
2026-06-03,OP-017,Ambient Pick,7.72,640,1747,2
2026-06-03,OP-018,Ambient Pick,7.99,677,1715,1
2026-06-03,OP-019,Ambient Pick,3.01,269,522,2
2026-06-03,OP-019,Bulk,4.6,186,468,1
2026-06-03,OP-020,Bulk,1.73,78,180,0
2026-06-03,OP-020,Ambient Pick,6.24,456,1057,3
2026-06-03,OP-021,Ambient Pick,8.5,699,1507,2
2026-06-03,OP-022,Ambient Pick,5.88,402,699,2
2026-06-03,OP-023,Returns,7.48,273,909,1
2026-06-03,OP-024,Ambient Pick,7.38,521,1535,3
2026-06-03,OP-025,Bulk,8.63,409,1266,1
2026-06-03,OP-026,Bulk,1.67,77,232,0
2026-06-03,OP-026,Ambient Pick,6.17,445,866,4
2026-06-03,OP-027,Ambient Pick,7.22,512,1405,6
2026-06-03,OP-029,Returns,6.45,205,674,1
2026-06-03,OP-030,Bulk,6.21,309,1026,2
2026-06-03,OP-030,Ambient Pick,2.64,228,727,0
2026-06-03,OP-031,Bulk,7.38,306,848,2
2026-06-03,OP-032,Bulk,3.12,164,452,0
2026-06-03,OP-032,Chilled Pick,4.94,371,643,5
2026-06-03,OP-033,Chilled Pick,6.94,499,835,1
2026-06-03,OP-034,Ambient Pick,8.17,615,996,0
2026-06-03,OP-035,Ambient Pick,8.07,642,2005,4
2026-06-03,OP-036,Ambient Pick,7.01,804,2083,1
2026-06-03,OP-037,Ambient Pick,7.21,451,1266,2
2026-06-03,OP-038,Ambient Pick,8.09,495,1462,4
2026-06-03,OP-039,Chilled Pick,7.88,414,1360,7
2026-06-03,OP-040,Ambient Pick,7.52,726,1693,9
2026-06-03,OP-041,Ambient Pick,8.57,572,1418,5
2026-06-03,OP-043,Returns,4.18,112,296,0
2026-06-03,OP-043,Bulk,4.68,177,313,0
2026-06-03,OP-044,Chilled Pick,7.83,316,872,1
2026-06-03,OP-045,Ambient Pick,8.27,451,1324,3
2026-06-03,OP-047,Ambient Pick,7.78,549,898,1
2026-06-03,OP-048,Bulk,7.31,315,996,1
2026-06-04,OP-002,Ambient Pick,8.82,719,1553,6
2026-06-04,OP-003,Chilled Pick,0.76,42,131,0
2026-06-04,OP-003,Ambient Pick,6.6,521,1641,2
2026-06-04,OP-004,Ambient Pick,3.78,276,648,0
2026-06-04,OP-004,Bulk,3.57,159,319,0
2026-06-04,OP-005,Bulk,5.67,262,547,0
2026-06-04,OP-005,Chilled Pick,2.04,131,287,2
2026-06-04,OP-006,Ambient Pick,7.66,522,1342,1
2026-06-04,OP-007,Bulk,7.19,346,979,0
2026-06-04,OP-008,Returns,5.16,142,313,1
2026-06-04,OP-008,Bulk,2.42,102,241,0
2026-06-04,OP-009,Ambient Pick,7.08,441,1146,0
2026-06-04,OP-010,Chilled Pick,7.03,427,1137,0
2026-06-04,OP-011,Ambient Pick,8.94,716,1289,1
2026-06-04,OP-012,Ambient Pick,7.5,662,1821,0
2026-06-04,OP-014,Ambient Pick,7.29,560,1092,1
2026-06-04,OP-015,Ambient Pick,6.43,393,900,1
2026-06-04,OP-015,Chilled Pick,2.48,112,326,0
2026-06-04,OP-016,Chilled Pick,7.35,411,877,4
2026-06-04,OP-017,Ambient Pick,7.53,652,1219,1
2026-06-04,OP-018,Bulk,8.31,437,1450,0
2026-06-04,OP-020,Ambient Pick,1.18,82,234,1
2026-06-04,OP-020,Bulk,6.65,260,688,0
2026-06-04,OP-021,Bulk,7.75,407,1054,3
2026-06-04,OP-022,Bulk,7.62,288,718,0
2026-06-04,OP-023,Returns,8.41,353,1113,1
2026-06-04,OP-025,Chilled Pick,7.34,490,1138,2
2026-06-04,OP-026,Returns,0.98,33,62,0
2026-06-04,OP-026,Bulk,6.98,374,1100,1
2026-06-04,OP-027,Ambient Pick,6.91,525,1704,0
2026-06-04,OP-028,Bulk,6.2,274,709,0
2026-06-04,OP-028,Returns,2.72,92,242,1
2026-06-04,OP-029,Bulk,7.5,301,539,0
2026-06-04,OP-030,Returns,8.49,322,907,2
2026-06-04,OP-031,Ambient Pick,6.88,532,1409,1
2026-06-04,OP-032,Bulk,5.06,257,836,1
2026-06-04,OP-032,Ambient Pick,2.27,233,602,0
2026-06-04,OP-033,Ambient Pick,8.4,719,1754,4
2026-06-04,OP-034,Ambient Pick,6.85,513,1456,5
2026-06-04,OP-035,Chilled Pick,7.5,471,1395,6
2026-06-04,OP-036,Ambient Pick,8.27,803,2396,2
2026-06-04,OP-037,Returns,3.96,131,422,0
2026-06-04,OP-037,Chilled Pick,3.92,241,652,1
2026-06-04,OP-038,Chilled Pick,9.03,451,784,4
2026-06-04,OP-039,Ambient Pick,7.45,495,1380,4
2026-06-04,OP-040,Ambient Pick,5.79,558,1570,11
2026-06-04,OP-040,Chilled Pick,1.06,73,128,1
2026-06-04,OP-041,Chilled Pick,8.69,416,1095,1
2026-06-04,OP-042,Bulk,7.77,377,818,2
2026-06-04,OP-043,Chilled Pick,5.65,307,732,1
2026-06-04,OP-043,Ambient Pick,3.53,232,426,1
2026-06-04,OP-044,Chilled Pick,7.96,305,604,2
2026-06-04,OP-045,Ambient Pick,7.79,380,692,4
2026-06-04,OP-048,Ambient Pick,7.74,516,1426,8
2026-06-05,OP-001,Ambient Pick,7.83,560,1642,3
2026-06-05,OP-002,Chilled Pick,7.48,546,1191,6
2026-06-05,OP-003,Ambient Pick,8.49,659,1212,5
2026-06-05,OP-005,Ambient Pick,6.23,502,876,5
2026-06-05,OP-005,Returns,1.01,38,100,0
2026-06-05,OP-006,Chilled Pick,7.35,400,970,2
2026-06-05,OP-007,Returns,3.91,153,366,0
2026-06-05,OP-007,Ambient Pick,3.07,282,630,0
2026-06-05,OP-008,Ambient Pick,3.63,265,430,1
2026-06-05,OP-008,Bulk,4.14,150,392,0
2026-06-05,OP-009,Bulk,8.43,294,583,3
2026-06-05,OP-010,Returns,8.68,319,982,1
2026-06-05,OP-011,Ambient Pick,7.57,676,1640,4
2026-06-05,OP-012,Chilled Pick,4.49,291,656,0
2026-06-05,OP-012,Bulk,3.0,161,464,0
2026-06-05,OP-013,Ambient Pick,7.71,621,1692,3
2026-06-05,OP-014,Returns,7.81,235,568,2
2026-06-05,OP-015,Chilled Pick,7.49,339,782,4
2026-06-05,OP-017,Ambient Pick,8.2,655,2164,2
2026-06-05,OP-018,Chilled Pick,8.67,564,1662,2
2026-06-05,OP-019,Bulk,7.63,304,546,0
2026-06-05,OP-020,Chilled Pick,5.32,313,621,0
2026-06-05,OP-020,Ambient Pick,2.03,168,459,0
2026-06-05,OP-021,Ambient Pick,7.46,615,1722,4
2026-06-05,OP-022,Ambient Pick,8.57,592,1537,3
2026-06-05,OP-023,Ambient Pick,8.13,581,1669,1
2026-06-05,OP-024,Ambient Pick,7.79,490,1090,2
2026-06-05,OP-025,Ambient Pick,7.4,577,1728,3
2026-06-05,OP-026,Ambient Pick,7.05,587,1719,0
2026-06-05,OP-027,Ambient Pick,7.15,477,1558,1
2026-06-05,OP-027,Chilled Pick,0.8,44,76,0
2026-06-05,OP-028,Ambient Pick,4.1,346,817,0
2026-06-05,OP-028,Chilled Pick,3.72,214,702,3
2026-06-05,OP-030,Chilled Pick,7.86,509,1297,2
2026-06-05,OP-033,Bulk,7.71,414,1400,2
2026-06-05,OP-034,Ambient Pick,6.63,455,1043,0
2026-06-05,OP-034,Bulk,1.38,61,141,0
2026-06-05,OP-036,Chilled Pick,7.66,531,1803,3
2026-06-05,OP-037,Returns,7.18,237,408,2
2026-06-05,OP-039,Bulk,6.97,229,569,0
2026-06-05,OP-041,Ambient Pick,7.57,442,1266,0
2026-06-05,OP-042,Returns,8.75,301,992,2
2026-06-05,OP-043,Returns,7.86,245,496,2
2026-06-05,OP-044,Chilled Pick,7.46,304,856,3
2026-06-05,OP-045,Ambient Pick,6.76,369,977,4
2026-06-05,OP-046,Ambient Pick,7.4,480,841,2
2026-06-05,OP-048,Chilled Pick,7.76,527,1684,8
2026-06-06,OP-001,Ambient Pick,1.06,86,237,2
2026-06-06,OP-001,Chilled Pick,6.72,373,974,2
2026-06-06,OP-002,Bulk,7.15,328,568,1
2026-06-06,OP-003,Returns,8.34,291,809,3
2026-06-06,OP-004,Returns,6.69,209,344,1
2026-06-06,OP-005,Ambient Pick,7.68,672,1686,2
2026-06-06,OP-006,Chilled Pick,6.95,391,883,0
2026-06-06,OP-007,Chilled Pick,8.13,558,1373,2
2026-06-06,OP-009,Returns,6.78,209,351,4
2026-06-06,OP-011,Bulk,6.59,328,1107,0
2026-06-06,OP-011,Ambient Pick,1.58,138,322,1
2026-06-06,OP-012,Bulk,6.69,316,624,4
2026-06-06,OP-013,Ambient Pick,7.4,571,1624,2
2026-06-06,OP-014,Chilled Pick,7.79,463,1467,0
2026-06-06,OP-015,Chilled Pick,7.77,336,1094,1
2026-06-06,OP-016,Ambient Pick,8.28,562,1492,6
2026-06-06,OP-018,Ambient Pick,2.54,195,606,0
2026-06-06,OP-018,Returns,3.96,169,385,0
2026-06-06,OP-019,Bulk,2.19,86,175,0
2026-06-06,OP-019,Ambient Pick,4.89,361,1030,2
2026-06-06,OP-020,Bulk,6.74,292,966,0
2026-06-06,OP-021,Bulk,7.74,375,1181,0
2026-06-06,OP-022,Ambient Pick,8.21,508,1124,2
2026-06-06,OP-023,Chilled Pick,2.55,175,518,0
2026-06-06,OP-023,Ambient Pick,4.81,420,1240,0
2026-06-06,OP-024,Chilled Pick,2.24,125,316,0
2026-06-06,OP-024,Bulk,4.21,145,473,0
2026-06-06,OP-025,Chilled Pick,7.33,466,1222,3
2026-06-06,OP-026,Bulk,7.32,313,828,1
2026-06-06,OP-027,Bulk,7.06,329,823,1
2026-06-06,OP-029,Bulk,8.61,361,791,0
2026-06-06,OP-030,Bulk,7.79,399,1068,1
2026-06-06,OP-031,Ambient Pick,4.85,377,1085,2
2026-06-06,OP-031,Chilled Pick,1.84,118,294,0
2026-06-06,OP-032,Ambient Pick,7.76,642,1810,3
2026-06-06,OP-033,Chilled Pick,6.34,426,894,1
2026-06-06,OP-034,Ambient Pick,3.84,324,620,3
2026-06-06,OP-034,Chilled Pick,3.41,211,484,0
2026-06-06,OP-035,Returns,4.96,173,562,0
2026-06-06,OP-035,Bulk,1.27,58,181,0
2026-06-06,OP-036,Ambient Pick,6.84,616,1744,0
2026-06-06,OP-037,Chilled Pick,7.61,477,1140,4
2026-06-06,OP-038,Ambient Pick,7.53,496,1496,2
2026-06-06,OP-039,Chilled Pick,6.61,365,925,6
2026-06-06,OP-039,Ambient Pick,0.62,42,69,1
2026-06-06,OP-040,Ambient Pick,7.65,730,1353,9
2026-06-06,OP-041,Ambient Pick,7.66,469,1510,1
2026-06-06,OP-042,Ambient Pick,6.78,582,1393,2
2026-06-06,OP-043,Ambient Pick,7.29,459,1459,3
2026-06-06,OP-044,Ambient Pick,7.51,387,836,1
2026-06-06,OP-045,Chilled Pick,7.07,296,653,5
2026-06-06,OP-046,Ambient Pick,7.47,483,1025,5
2026-06-06,OP-047,Bulk,7.91,333,1120,3
2026-06-06,OP-048,Bulk,9.01,344,960,1
2026-06-08,OP-001,Chilled Pick,2.45,189,481,1
2026-06-08,OP-001,Ambient Pick,5.35,544,1173,4
2026-06-08,OP-002,Ambient Pick,7.24,618,1607,4
2026-06-08,OP-003,Bulk,7.25,389,1065,0
2026-06-08,OP-004,Bulk,7.48,375,1184,1
2026-06-08,OP-006,Bulk,1.05,46,143,1
2026-06-08,OP-006,Chilled Pick,6.51,407,1294,1
2026-06-08,OP-007,Bulk,8.15,476,1402,0
2026-06-08,OP-008,Ambient Pick,7.55,640,1875,4
2026-06-08,OP-009,Bulk,5.61,235,605,1
2026-06-08,OP-009,Chilled Pick,2.23,138,266,0
2026-06-08,OP-010,Bulk,7.64,412,1259,0
2026-06-08,OP-011,Ambient Pick,7.68,789,2494,4
2026-06-08,OP-012,Chilled Pick,8.07,649,1232,6
2026-06-08,OP-013,Bulk,0.71,37,96,0
2026-06-08,OP-013,Chilled Pick,6.83,527,1251,2
2026-06-08,OP-014,Bulk,3.12,145,258,0
2026-06-08,OP-014,Chilled Pick,3.62,221,572,1
2026-06-08,OP-015,Chilled Pick,2.76,155,494,1
2026-06-08,OP-015,Bulk,5.41,186,435,0
2026-06-08,OP-016,Ambient Pick,6.45,516,1309,2
2026-06-08,OP-017,Bulk,7.7,392,720,0
2026-06-08,OP-019,Ambient Pick,3.25,286,763,2
2026-06-08,OP-019,Bulk,3.96,192,315,0
2026-06-08,OP-021,Chilled Pick,7.71,609,1242,4
2026-06-08,OP-022,Returns,2.12,76,142,0
2026-06-08,OP-022,Chilled Pick,5.0,309,856,2
2026-06-08,OP-023,Ambient Pick,2.19,225,601,0
2026-06-08,OP-023,Chilled Pick,6.53,503,1594,3
2026-06-08,OP-024,Chilled Pick,7.56,488,1085,1
2026-06-08,OP-025,Ambient Pick,6.62,626,1755,3
2026-06-08,OP-026,Chilled Pick,7.96,609,1926,3
2026-06-08,OP-027,Chilled Pick,8.33,594,1692,5
2026-06-08,OP-028,Ambient Pick,7.51,720,1458,5
2026-06-08,OP-030,Bulk,6.75,379,731,1
2026-06-08,OP-032,Returns,7.05,298,834,0
2026-06-08,OP-033,Ambient Pick,8.23,825,2619,3
2026-06-08,OP-034,Bulk,8.18,432,1127,3
2026-06-08,OP-035,Ambient Pick,4.87,446,734,4
2026-06-08,OP-035,Chilled Pick,2.75,182,440,1
2026-06-08,OP-036,Chilled Pick,8.47,762,1500,2
2026-06-08,OP-038,Returns,7.86,264,881,6
2026-06-08,OP-039,Ambient Pick,6.85,537,1587,6
2026-06-08,OP-040,Bulk,7.42,484,1574,3
2026-06-08,OP-041,Ambient Pick,2.65,194,339,2
2026-06-08,OP-041,Chilled Pick,4.35,256,506,2
2026-06-08,OP-042,Chilled Pick,2.23,167,539,3
2026-06-08,OP-042,Bulk,5.8,303,810,1
2026-06-08,OP-043,Chilled Pick,7.21,428,709,3
2026-06-08,OP-044,Ambient Pick,6.82,463,992,0
2026-06-08,OP-045,Bulk,7.74,293,728,2
2026-06-08,OP-046,Chilled Pick,7.31,499,1604,7
2026-06-08,OP-047,Bulk,3.55,178,510,1
2026-06-08,OP-047,Chilled Pick,3.92,275,596,6
2026-06-08,OP-048,Chilled Pick,4.43,314,945,7
2026-06-08,OP-048,Ambient Pick,2.56,215,620,3
2026-06-09,OP-002,Ambient Pick,7.19,629,1069,1
2026-06-09,OP-004,Bulk,7.12,283,612,1
2026-06-09,OP-005,Ambient Pick,8.4,717,1685,1
2026-06-09,OP-006,Bulk,7.87,317,759,0
2026-06-09,OP-008,Returns,7.52,251,773,6
2026-06-09,OP-009,Ambient Pick,5.04,340,735,0
2026-06-09,OP-009,Returns,1.9,59,102,0
2026-06-09,OP-010,Ambient Pick,6.21,493,1361,0
2026-06-09,OP-010,Chilled Pick,0.57,40,94,1
2026-06-09,OP-011,Chilled Pick,7.97,442,1483,0
2026-06-09,OP-012,Bulk,6.49,319,727,0
2026-06-09,OP-013,Bulk,8.66,384,1293,0
2026-06-09,OP-014,Bulk,8.33,358,1184,0
2026-06-09,OP-015,Ambient Pick,1.23,65,207,0
2026-06-09,OP-015,Chilled Pick,7.34,332,896,0
2026-06-09,OP-016,Chilled Pick,6.98,375,946,5
2026-06-09,OP-017,Chilled Pick,7.89,511,1687,2
2026-06-09,OP-019,Chilled Pick,7.36,439,911,0
2026-06-09,OP-020,Ambient Pick,7.44,568,1322,3
2026-06-09,OP-021,Bulk,9.5,393,936,0
2026-06-09,OP-022,Chilled Pick,4.79,240,447,1
2026-06-09,OP-022,Bulk,1.94,68,220,0
2026-06-09,OP-024,Ambient Pick,8.89,661,1399,4
2026-06-09,OP-025,Bulk,8.49,470,1275,2
2026-06-09,OP-026,Bulk,7.78,365,957,1
2026-06-09,OP-027,Chilled Pick,6.46,371,701,2
2026-06-09,OP-028,Chilled Pick,7.17,402,1060,3
2026-06-09,OP-029,Ambient Pick,5.9,416,668,1
2026-06-09,OP-029,Chilled Pick,1.45,78,170,1
2026-06-09,OP-030,Returns,4.76,152,306,2
2026-06-09,OP-030,Ambient Pick,2.38,194,454,2
2026-06-09,OP-031,Bulk,0.73,32,55,0
2026-06-09,OP-031,Ambient Pick,7.27,462,1481,2
2026-06-09,OP-032,Chilled Pick,4.47,373,600,1
2026-06-09,OP-032,Bulk,3.45,194,383,0
2026-06-09,OP-033,Bulk,7.18,355,1156,1
2026-06-09,OP-034,Ambient Pick,7.03,522,1058,4
2026-06-09,OP-035,Bulk,7.13,288,844,1
2026-06-09,OP-036,Ambient Pick,6.75,655,2098,0
2026-06-09,OP-037,Bulk,8.8,343,828,0
2026-06-09,OP-038,Ambient Pick,1.54,92,163,0
2026-06-09,OP-038,Bulk,4.44,164,515,1
2026-06-09,OP-039,Bulk,7.02,263,633,2
2026-06-09,OP-040,Returns,6.71,267,699,7
2026-06-09,OP-041,Chilled Pick,5.29,239,538,1
2026-06-09,OP-041,Ambient Pick,2.18,116,371,1
2026-06-09,OP-042,Chilled Pick,7.49,456,1259,2
2026-06-09,OP-043,Bulk,3.82,130,227,1
2026-06-09,OP-043,Chilled Pick,3.87,210,495,1
2026-06-09,OP-044,Ambient Pick,4.92,230,648,2
2026-06-09,OP-044,Chilled Pick,3.5,153,445,1
2026-06-09,OP-045,Ambient Pick,7.21,389,729,2
2026-06-09,OP-046,Ambient Pick,7.58,463,1507,3
2026-06-09,OP-047,Ambient Pick,4.47,362,605,0
2026-06-09,OP-047,Bulk,3.95,184,582,1
2026-06-09,OP-048,Ambient Pick,7.5,511,1720,3
2026-06-10,OP-001,Bulk,5.35,211,638,0
2026-06-10,OP-001,Returns,1.53,51,127,1
2026-06-10,OP-003,Bulk,9.07,393,707,1
2026-06-10,OP-004,Ambient Pick,1.53,115,337,0
2026-06-10,OP-004,Bulk,5.84,245,585,0
2026-06-10,OP-006,Chilled Pick,7.93,420,981,4
2026-06-10,OP-008,Chilled Pick,7.93,487,1419,2
2026-06-10,OP-010,Chilled Pick,2.74,155,436,1
2026-06-10,OP-010,Ambient Pick,4.99,396,990,0
2026-06-10,OP-011,Ambient Pick,8.05,772,1811,2
2026-06-10,OP-012,Chilled Pick,7.65,488,934,2
2026-06-10,OP-013,Bulk,0.6,23,64,0
2026-06-10,OP-013,Ambient Pick,7.11,578,1096,0
2026-06-10,OP-014,Chilled Pick,7.83,535,1385,1
2026-06-10,OP-015,Bulk,5.61,183,491,0
2026-06-10,OP-015,Chilled Pick,1.53,69,175,1
2026-06-10,OP-016,Bulk,6.79,244,797,1
2026-06-10,OP-017,Ambient Pick,7.18,598,1899,2
2026-06-10,OP-018,Bulk,6.52,288,901,2
2026-06-10,OP-019,Ambient Pick,2.75,198,483,0
2026-06-10,OP-019,Chilled Pick,4.31,235,737,3
2026-06-10,OP-021,Ambient Pick,7.41,612,1670,1
2026-06-10,OP-022,Ambient Pick,9.07,537,1134,0
2026-06-10,OP-023,Ambient Pick,7.62,584,1256,2
2026-06-10,OP-024,Chilled Pick,6.93,371,1043,4
2026-06-10,OP-025,Chilled Pick,7.39,518,1335,5
2026-06-10,OP-026,Chilled Pick,8.61,644,1414,5
2026-06-10,OP-027,Bulk,7.23,281,685,0
2026-06-10,OP-028,Returns,7.94,254,715,4
2026-06-10,OP-029,Bulk,7.85,303,828,0
2026-06-10,OP-030,Ambient Pick,5.42,440,1083,1
2026-06-10,OP-030,Bulk,2.15,100,245,0
2026-06-10,OP-031,Bulk,7.99,351,1101,1
2026-06-10,OP-032,Ambient Pick,7.88,777,2382,7
2026-06-10,OP-033,Chilled Pick,6.81,427,945,1
2026-06-10,OP-033,Ambient Pick,0.61,49,102,0
2026-06-10,OP-035,Bulk,3.94,156,268,0
2026-06-10,OP-035,Chilled Pick,3.97,244,797,3
2026-06-10,OP-036,Chilled Pick,7.47,648,1781,2
2026-06-10,OP-038,Returns,8.06,203,682,1
2026-06-10,OP-039,Ambient Pick,8.87,566,1102,4
2026-06-10,OP-041,Ambient Pick,7.71,473,1127,5
2026-06-10,OP-042,Chilled Pick,2.37,142,316,1
2026-06-10,OP-042,Ambient Pick,5.43,420,832,2
2026-06-10,OP-043,Bulk,5.4,186,602,3
2026-06-10,OP-043,Ambient Pick,2.84,188,393,1
2026-06-10,OP-044,Ambient Pick,7.76,390,1073,2
2026-06-10,OP-046,Ambient Pick,8.3,593,1251,5
2026-06-10,OP-047,Chilled Pick,8.17,481,1527,7
2026-06-10,OP-048,Ambient Pick,5.55,409,730,4
2026-06-10,OP-048,Bulk,1.61,65,167,1
2026-06-11,OP-001,Ambient Pick,2.94,232,756,3
2026-06-11,OP-001,Chilled Pick,4.5,275,635,0
2026-06-11,OP-003,Bulk,7.36,287,601,0
2026-06-11,OP-004,Ambient Pick,3.08,241,594,1
2026-06-11,OP-004,Returns,4.02,145,422,1
2026-06-11,OP-005,Bulk,3.58,167,465,0
2026-06-11,OP-005,Ambient Pick,4.45,363,1006,1
2026-06-11,OP-006,Ambient Pick,8.45,600,1819,8
2026-06-11,OP-007,Bulk,6.72,347,703,0
2026-06-11,OP-008,Chilled Pick,7.41,437,1242,6
2026-06-11,OP-009,Ambient Pick,7.5,436,1465,0
2026-06-11,OP-010,Ambient Pick,7.37,607,2055,0
2026-06-11,OP-011,Ambient Pick,8.5,808,1315,4
2026-06-11,OP-013,Ambient Pick,9.1,783,2475,3
2026-06-11,OP-014,Chilled Pick,6.79,384,944,3
2026-06-11,OP-015,Ambient Pick,7.9,409,915,0
2026-06-11,OP-016,Ambient Pick,7.19,425,971,0
2026-06-11,OP-018,Ambient Pick,0.6,53,159,0
2026-06-11,OP-018,Bulk,7.07,316,507,0
2026-06-11,OP-020,Chilled Pick,4.61,301,546,4
2026-06-11,OP-020,Bulk,3.67,165,541,0
2026-06-11,OP-021,Ambient Pick,1.86,174,448,2
2026-06-11,OP-021,Chilled Pick,5.3,367,652,1
2026-06-11,OP-024,Chilled Pick,2.66,148,495,0
2026-06-11,OP-024,Returns,5.65,179,398,1
2026-06-11,OP-025,Bulk,6.64,306,584,2
2026-06-11,OP-026,Returns,7.96,288,695,2
2026-06-11,OP-027,Ambient Pick,2.16,163,456,0
2026-06-11,OP-027,Chilled Pick,5.89,369,806,2
2026-06-11,OP-028,Ambient Pick,7.84,603,1034,0
2026-06-11,OP-029,Ambient Pick,7.51,479,1559,2
2026-06-11,OP-030,Returns,6.95,274,659,0
2026-06-11,OP-031,Chilled Pick,6.99,421,853,1
2026-06-11,OP-033,Ambient Pick,7.15,632,1995,4
2026-06-11,OP-034,Ambient Pick,3.15,256,854,1
2026-06-11,OP-034,Chilled Pick,4.56,304,537,3
2026-06-11,OP-035,Chilled Pick,7.6,467,1412,3
2026-06-11,OP-036,Chilled Pick,3.49,292,565,2
2026-06-11,OP-036,Bulk,4.15,246,587,0
2026-06-11,OP-037,Ambient Pick,6.96,566,1037,5
2026-06-11,OP-038,Bulk,7.51,263,501,3
2026-06-11,OP-039,Ambient Pick,8.02,481,1334,6
2026-06-11,OP-040,Bulk,8.0,430,1063,3
2026-06-11,OP-041,Ambient Pick,8.29,475,1055,1
2026-06-11,OP-042,Chilled Pick,4.91,317,1077,1
2026-06-11,OP-042,Ambient Pick,2.6,180,295,1
2026-06-11,OP-043,Chilled Pick,8.42,427,1100,7
2026-06-11,OP-044,Ambient Pick,7.97,398,833,3
2026-06-11,OP-045,Bulk,7.5,252,409,2
2026-06-11,OP-046,Ambient Pick,8.39,509,1559,2
2026-06-11,OP-048,Chilled Pick,6.26,344,803,2
2026-06-12,OP-001,Chilled Pick,8.18,480,1148,6
2026-06-12,OP-003,Ambient Pick,4.92,381,861,2
2026-06-12,OP-003,Chilled Pick,2.38,143,371,2
2026-06-12,OP-004,Chilled Pick,7.03,435,1317,0
2026-06-12,OP-005,Ambient Pick,8.48,630,2129,4
2026-06-12,OP-006,Ambient Pick,8.12,591,1300,3
2026-06-12,OP-007,Bulk,1.74,85,275,0
2026-06-12,OP-007,Ambient Pick,6.14,569,1841,2
2026-06-12,OP-008,Ambient Pick,4.26,299,519,1
2026-06-12,OP-008,Chilled Pick,2.28,143,244,0
2026-06-12,OP-009,Bulk,7.51,267,654,0
2026-06-12,OP-010,Ambient Pick,8.94,703,2124,1
2026-06-12,OP-011,Bulk,7.27,371,1174,2
2026-06-12,OP-012,Returns,6.71,271,589,3
2026-06-12,OP-013,Bulk,7.83,365,851,0
2026-06-12,OP-014,Returns,7.22,237,380,0
2026-06-12,OP-015,Ambient Pick,6.43,360,865,1
2026-06-12,OP-019,Ambient Pick,7.58,517,1386,2
2026-06-12,OP-020,Ambient Pick,7.28,548,1537,1
2026-06-12,OP-021,Chilled Pick,6.86,458,1473,1
2026-06-12,OP-023,Bulk,7.23,372,609,1
2026-06-12,OP-024,Chilled Pick,7.54,431,1157,5
2026-06-12,OP-025,Ambient Pick,7.31,507,862,0
2026-06-12,OP-026,Chilled Pick,8.4,616,1650,1
2026-06-12,OP-027,Ambient Pick,7.7,592,1510,0
2026-06-12,OP-028,Ambient Pick,0.76,50,95,0
2026-06-12,OP-028,Bulk,6.98,281,465,2
2026-06-12,OP-030,Bulk,0.89,42,116,0
2026-06-12,OP-030,Ambient Pick,7.45,644,1824,2
2026-06-12,OP-031,Ambient Pick,4.5,353,837,0
2026-06-12,OP-031,Bulk,3.98,188,346,1
2026-06-12,OP-032,Ambient Pick,0.81,80,236,1
2026-06-12,OP-032,Bulk,6.68,381,774,2
2026-06-12,OP-033,Chilled Pick,8.36,632,1296,4
2026-06-12,OP-035,Bulk,7.3,303,872,0
2026-06-12,OP-036,Ambient Pick,0.65,64,150,1
2026-06-12,OP-036,Bulk,6.82,348,1174,1
2026-06-12,OP-037,Ambient Pick,7.34,630,1234,7
2026-06-12,OP-038,Ambient Pick,2.28,145,256,0
2026-06-12,OP-038,Bulk,5.13,163,551,0
2026-06-12,OP-039,Returns,7.28,220,446,2
2026-06-12,OP-040,Bulk,7.84,391,1297,4
2026-06-12,OP-041,Ambient Pick,7.94,513,1171,0
2026-06-12,OP-042,Returns,6.67,255,736,6
2026-06-12,OP-043,Ambient Pick,2.28,142,376,0
2026-06-12,OP-043,Chilled Pick,5.42,256,851,0
2026-06-12,OP-044,Ambient Pick,7.17,380,764,1
2026-06-12,OP-045,Ambient Pick,7.26,433,774,7
2026-06-12,OP-045,Returns,1.36,33,105,2
2026-06-12,OP-046,Ambient Pick,4.83,309,788,0
2026-06-12,OP-046,Bulk,1.96,79,146,0
2026-06-12,OP-047,Ambient Pick,7.14,551,1388,7
2026-06-12,OP-048,Ambient Pick,7.04,532,1264,2
2026-06-13,OP-002,Ambient Pick,7.84,507,913,1
2026-06-13,OP-005,Ambient Pick,8.37,712,1441,2
2026-06-13,OP-006,Ambient Pick,8.45,616,1126,3
2026-06-13,OP-007,Ambient Pick,5.45,458,818,4
2026-06-13,OP-007,Chilled Pick,3.13,201,520,0
2026-06-13,OP-008,Returns,8.03,290,893,3
2026-06-13,OP-009,Bulk,7.66,302,722,0
2026-06-13,OP-010,Bulk,9.1,436,1094,1
2026-06-13,OP-013,Ambient Pick,6.89,520,1624,0
2026-06-13,OP-014,Chilled Pick,7.87,460,1142,6
2026-06-13,OP-016,Bulk,7.23,293,907,0
2026-06-13,OP-017,Ambient Pick,7.43,587,986,2
2026-06-13,OP-018,Ambient Pick,7.61,683,1849,1
2026-06-13,OP-020,Bulk,8.85,400,865,2
2026-06-13,OP-021,Chilled Pick,7.45,504,884,1
2026-06-13,OP-022,Bulk,7.36,253,422,1
2026-06-13,OP-024,Returns,6.69,223,575,2
2026-06-13,OP-025,Chilled Pick,3.67,239,510,0
2026-06-13,OP-025,Ambient Pick,4.28,328,730,1
2026-06-13,OP-026,Returns,6.47,246,700,0
2026-06-13,OP-027,Chilled Pick,6.87,313,556,2
2026-06-13,OP-028,Ambient Pick,7.67,591,1217,1
2026-06-13,OP-030,Ambient Pick,8.49,717,2054,0
2026-06-13,OP-031,Chilled Pick,7.49,430,773,3
2026-06-13,OP-032,Chilled Pick,6.37,410,1134,1
2026-06-13,OP-032,Ambient Pick,0.94,90,173,0
2026-06-13,OP-033,Ambient Pick,3.1,274,740,2
2026-06-13,OP-033,Bulk,4.0,204,613,2
2026-06-13,OP-034,Chilled Pick,7.97,518,1076,3
2026-06-13,OP-035,Ambient Pick,7.5,506,980,2
2026-06-13,OP-036,Ambient Pick,6.5,640,1908,2
2026-06-13,OP-037,Ambient Pick,8.59,692,1477,1
2026-06-13,OP-038,Ambient Pick,7.7,439,1304,6
2026-06-13,OP-040,Chilled Pick,7.54,487,1254,6
2026-06-13,OP-040,Ambient Pick,0.96,93,219,1
2026-06-13,OP-041,Returns,3.93,103,276,1
2026-06-13,OP-041,Ambient Pick,3.22,214,360,1
2026-06-13,OP-042,Bulk,0.87,36,88,0
2026-06-13,OP-042,Ambient Pick,6.63,481,1055,3
2026-06-13,OP-043,Ambient Pick,7.01,476,1428,4
2026-06-13,OP-044,Returns,6.99,162,477,3
2026-06-13,OP-045,Ambient Pick,8.14,473,769,3
2026-06-13,OP-046,Ambient Pick,6.69,444,904,2
2026-06-13,OP-046,Chilled Pick,0.8,44,126,0
2026-06-13,OP-047,Bulk,7.24,303,941,1
2026-06-13,OP-048,Ambient Pick,7.72,589,1714,4
2026-06-15,OP-001,Chilled Pick,8.36,652,1783,2
2026-06-15,OP-002,Ambient Pick,7.21,567,1275,3
2026-06-15,OP-003,Bulk,7.44,382,1206,0
2026-06-15,OP-004,Ambient Pick,7.62,714,1947,2
2026-06-15,OP-005,Ambient Pick,7.18,707,2127,6
2026-06-15,OP-006,Ambient Pick,5.37,561,1797,3
2026-06-15,OP-006,Chilled Pick,2.57,156,313,1
2026-06-15,OP-007,Returns,7.49,347,1107,3
2026-06-15,OP-008,Returns,7.15,292,689,1
2026-06-15,OP-009,Ambient Pick,6.24,493,1364,1
2026-06-15,OP-009,Chilled Pick,1.73,110,229,1
2026-06-15,OP-010,Ambient Pick,4.69,408,931,1
2026-06-15,OP-010,Bulk,3.26,168,428,1
2026-06-15,OP-011,Ambient Pick,3.23,381,1161,0
2026-06-15,OP-011,Chilled Pick,5.04,427,1278,2
2026-06-15,OP-012,Ambient Pick,7.16,708,1982,5
2026-06-15,OP-013,Chilled Pick,6.28,395,840,2
2026-06-15,OP-014,Chilled Pick,4.86,345,687,2
2026-06-15,OP-014,Ambient Pick,2.23,201,412,2
2026-06-15,OP-016,Chilled Pick,7.32,518,1688,8
2026-06-15,OP-017,Ambient Pick,7.26,640,1880,0
2026-06-15,OP-018,Bulk,8.75,435,728,0
2026-06-15,OP-019,Bulk,7.73,391,1137,1
2026-06-15,OP-020,Chilled Pick,7.47,477,1201,4
2026-06-15,OP-021,Chilled Pick,0.58,48,96,0
2026-06-15,OP-021,Ambient Pick,7.43,746,1451,2
2026-06-15,OP-022,Returns,7.86,266,845,4
2026-06-15,OP-023,Bulk,7.5,373,861,1
2026-06-15,OP-024,Chilled Pick,8.42,549,1293,5
2026-06-15,OP-025,Bulk,7.31,408,1148,2
2026-06-15,OP-026,Ambient Pick,8.7,884,1563,2
2026-06-15,OP-027,Bulk,7.96,384,1270,0
2026-06-15,OP-028,Ambient Pick,0.79,66,184,0
2026-06-15,OP-028,Chilled Pick,6.79,497,1688,5
2026-06-15,OP-029,Bulk,7.61,407,1190,0
2026-06-15,OP-030,Chilled Pick,7.9,641,1393,5
2026-06-15,OP-031,Chilled Pick,7.82,543,1335,7
2026-06-15,OP-032,Bulk,7.49,477,849,0
2026-06-15,OP-033,Chilled Pick,7.23,584,1582,5
2026-06-15,OP-034,Ambient Pick,7.29,648,1647,1
2026-06-15,OP-035,Ambient Pick,5.21,499,1212,3
2026-06-15,OP-035,Chilled Pick,1.82,129,224,0
2026-06-15,OP-036,Ambient Pick,3.8,435,989,0
2026-06-15,OP-036,Bulk,4.11,271,805,1
2026-06-15,OP-037,Bulk,7.17,367,718,1
2026-06-15,OP-039,Ambient Pick,8.76,633,1943,9
2026-06-15,OP-040,Ambient Pick,8.0,838,2833,4
2026-06-15,OP-041,Ambient Pick,7.43,511,859,2
2026-06-15,OP-042,Ambient Pick,8.0,739,1216,9
2026-06-15,OP-043,Ambient Pick,8.25,640,1635,7
2026-06-15,OP-044,Ambient Pick,6.99,425,1243,4
2026-06-15,OP-045,Bulk,7.19,294,689,1
2026-06-15,OP-046,Chilled Pick,7.8,517,987,1
2026-06-15,OP-048,Chilled Pick,7.01,438,1140,9
2026-06-16,OP-001,Ambient Pick,8.23,690,1871,5
2026-06-16,OP-003,Ambient Pick,1.48,115,371,1
2026-06-16,OP-003,Bulk,5.32,198,390,0
2026-06-16,OP-004,Chilled Pick,3.23,161,465,0
2026-06-16,OP-004,Returns,4.51,146,486,0
2026-06-16,OP-007,Bulk,7.97,348,668,3
2026-06-16,OP-009,Ambient Pick,7.9,484,1261,2
2026-06-16,OP-010,Ambient Pick,7.59,527,1460,1
2026-06-16,OP-011,Returns,2.93,121,267,0
2026-06-16,OP-011,Ambient Pick,4.14,406,1307,2
2026-06-16,OP-012,Ambient Pick,8.39,655,2220,3
2026-06-16,OP-013,Chilled Pick,7.89,481,1407,5
2026-06-16,OP-014,Chilled Pick,7.96,487,919,2
2026-06-16,OP-016,Ambient Pick,7.19,541,893,4
2026-06-16,OP-018,Bulk,3.94,208,601,1
2026-06-16,OP-018,Ambient Pick,3.7,301,859,0
2026-06-16,OP-021,Chilled Pick,7.05,467,1010,7
2026-06-16,OP-022,Chilled Pick,8.83,426,879,1
2026-06-16,OP-023,Ambient Pick,7.74,690,2065,2
2026-06-16,OP-024,Chilled Pick,6.95,383,1265,3
2026-06-16,OP-025,Chilled Pick,6.04,413,960,1
2026-06-16,OP-025,Bulk,0.81,39,83,0
2026-06-16,OP-026,Chilled Pick,7.76,483,1483,2
2026-06-16,OP-027,Ambient Pick,7.6,563,1656,0
2026-06-16,OP-029,Chilled Pick,5.22,317,1044,2
2026-06-16,OP-029,Bulk,2.11,76,172,0
2026-06-16,OP-030,Bulk,2.29,109,200,0
2026-06-16,OP-030,Ambient Pick,5.41,440,963,4
2026-06-16,OP-031,Bulk,4.13,179,573,0
2026-06-16,OP-031,Returns,3.4,112,282,0
2026-06-16,OP-032,Ambient Pick,1.96,193,354,1
2026-06-16,OP-032,Bulk,6.17,332,565,1
2026-06-16,OP-033,Ambient Pick,4.69,396,1078,4
2026-06-16,OP-033,Chilled Pick,4.11,282,825,0
2026-06-16,OP-035,Ambient Pick,7.28,466,1100,5
2026-06-16,OP-036,Bulk,8.44,442,1321,0
2026-06-16,OP-037,Ambient Pick,7.34,617,1899,5
2026-06-16,OP-039,Chilled Pick,5.94,277,779,4
2026-06-16,OP-040,Chilled Pick,7.25,502,1339,2
2026-06-16,OP-041,Bulk,6.49,240,469,1
2026-06-16,OP-042,Ambient Pick,8.27,669,2232,6
2026-06-16,OP-043,Chilled Pick,7.11,364,1099,4
2026-06-16,OP-044,Chilled Pick,3.61,148,450,1
2026-06-16,OP-044,Ambient Pick,4.09,208,679,1
2026-06-16,OP-045,Ambient Pick,8.76,488,954,3
2026-06-16,OP-046,Ambient Pick,7.69,524,975,2
2026-06-16,OP-047,Bulk,7.03,284,724,2
2026-06-16,OP-048,Ambient Pick,6.73,469,1103,5
2026-06-17,OP-001,Ambient Pick,6.78,516,1720,4
2026-06-17,OP-002,Chilled Pick,2.46,155,309,1
2026-06-17,OP-002,Returns,4.71,166,478,0
2026-06-17,OP-003,Returns,7.06,247,788,2
2026-06-17,OP-004,Ambient Pick,2.68,194,410,1
2026-06-17,OP-004,Returns,4.91,147,366,1
2026-06-17,OP-005,Bulk,7.04,346,573,1
2026-06-17,OP-006,Chilled Pick,7.3,408,1249,4
2026-06-17,OP-008,Bulk,1.51,69,226,0
2026-06-17,OP-008,Ambient Pick,6.34,492,879,4
2026-06-17,OP-009,Chilled Pick,8.08,486,836,0
2026-06-17,OP-010,Ambient Pick,7.01,593,1331,4
2026-06-17,OP-013,Ambient Pick,7.5,554,1479,0
2026-06-17,OP-014,Ambient Pick,7.61,535,869,0
2026-06-17,OP-015,Bulk,8.62,259,490,0
2026-06-17,OP-016,Ambient Pick,7.5,578,1181,2
2026-06-17,OP-017,Ambient Pick,6.88,526,985,0
2026-06-17,OP-018,Ambient Pick,8.33,676,1390,2
2026-06-17,OP-019,Ambient Pick,7.49,506,1525,0
2026-06-17,OP-020,Ambient Pick,7.79,619,2102,6
2026-06-17,OP-021,Bulk,6.93,325,957,2
2026-06-17,OP-022,Ambient Pick,7.16,470,873,1
2026-06-17,OP-023,Chilled Pick,6.8,396,1083,3
2026-06-17,OP-024,Chilled Pick,8.17,398,681,4
2026-06-17,OP-026,Bulk,7.88,441,725,0
2026-06-17,OP-027,Bulk,7.57,313,586,2
2026-06-17,OP-028,Ambient Pick,7.2,531,1765,1
2026-06-17,OP-029,Ambient Pick,1.61,105,249,0
2026-06-17,OP-029,Returns,5.96,193,511,1
2026-06-17,OP-031,Bulk,8.58,362,1210,2
2026-06-17,OP-032,Bulk,3.11,154,296,2
2026-06-17,OP-032,Ambient Pick,4.72,448,1475,2
2026-06-17,OP-033,Ambient Pick,1.92,151,338,2
2026-06-17,OP-033,Bulk,5.92,263,857,2
2026-06-17,OP-034,Ambient Pick,7.03,593,1603,3
2026-06-17,OP-035,Returns,6.99,227,594,1
2026-06-17,OP-036,Bulk,1.82,100,193,0
2026-06-17,OP-036,Chilled Pick,5.59,364,880,2
2026-06-17,OP-037,Ambient Pick,0.82,67,122,0
2026-06-17,OP-037,Bulk,7.13,268,678,1
2026-06-17,OP-038,Bulk,8.19,262,668,1
2026-06-17,OP-039,Ambient Pick,8.36,578,1534,10
2026-06-17,OP-040,Chilled Pick,7.67,556,1460,3
2026-06-17,OP-041,Ambient Pick,7.28,463,1537,1
2026-06-17,OP-042,Chilled Pick,6.36,374,1158,2
2026-06-17,OP-043,Ambient Pick,8.69,667,1254,8
2026-06-17,OP-044,Chilled Pick,7.49,349,953,1
2026-06-17,OP-046,Bulk,5.38,216,623,0
2026-06-17,OP-046,Ambient Pick,1.89,131,320,2
2026-06-17,OP-047,Ambient Pick,7.34,484,851,5
2026-06-18,OP-001,Bulk,7.27,319,558,1
2026-06-18,OP-002,Returns,8.01,269,450,1
2026-06-18,OP-003,Ambient Pick,7.62,584,1724,2
2026-06-18,OP-004,Chilled Pick,7.15,420,965,0
2026-06-18,OP-005,Ambient Pick,7.97,567,1927,4
2026-06-18,OP-006,Chilled Pick,6.86,362,1081,2
2026-06-18,OP-007,Ambient Pick,4.65,333,1034,3
2026-06-18,OP-007,Chilled Pick,2.71,200,390,3
2026-06-18,OP-008,Ambient Pick,7.46,497,820,2
2026-06-18,OP-009,Ambient Pick,6.51,412,846,0
2026-06-18,OP-010,Ambient Pick,8.47,695,1467,0
2026-06-18,OP-011,Bulk,7.95,377,1214,2
2026-06-18,OP-013,Ambient Pick,3.51,243,662,4
2026-06-18,OP-013,Chilled Pick,3.41,217,501,0
2026-06-18,OP-014,Chilled Pick,3.18,199,646,0
2026-06-18,OP-014,Bulk,3.36,136,400,1
2026-06-18,OP-015,Ambient Pick,6.76,388,1300,0
2026-06-18,OP-015,Chilled Pick,1.18,56,134,0
2026-06-18,OP-016,Ambient Pick,4.02,294,972,1
2026-06-18,OP-016,Chilled Pick,3.74,217,572,0
2026-06-18,OP-017,Bulk,6.06,290,575,0
2026-06-18,OP-017,Ambient Pick,1.05,80,162,1
2026-06-18,OP-018,Ambient Pick,2.88,248,777,0
2026-06-18,OP-018,Returns,4.88,153,315,1
2026-06-18,OP-019,Ambient Pick,7.89,572,1130,1
2026-06-18,OP-020,Ambient Pick,7.25,556,1321,2
2026-06-18,OP-022,Ambient Pick,8.0,496,881,1
2026-06-18,OP-023,Bulk,7.57,371,663,3
2026-06-18,OP-024,Ambient Pick,7.35,481,1157,2
2026-06-18,OP-025,Bulk,6.53,297,982,0
2026-06-18,OP-025,Chilled Pick,1.9,118,330,0
2026-06-18,OP-026,Ambient Pick,5.49,448,729,1
2026-06-18,OP-026,Chilled Pick,1.92,127,266,2
2026-06-18,OP-027,Ambient Pick,1.82,136,409,1
2026-06-18,OP-027,Chilled Pick,5.36,295,863,1
2026-06-18,OP-028,Chilled Pick,5.08,344,1103,5
2026-06-18,OP-028,Bulk,2.28,89,212,0
2026-06-18,OP-029,Bulk,8.54,365,704,0
2026-06-18,OP-030,Ambient Pick,8.01,602,1335,3
2026-06-18,OP-031,Returns,7.81,269,442,1
2026-06-18,OP-033,Ambient Pick,0.89,63,193,0
2026-06-18,OP-033,Bulk,6.06,283,782,1
2026-06-18,OP-034,Ambient Pick,7.15,558,1369,1
2026-06-18,OP-035,Bulk,7.67,315,1060,0
2026-06-18,OP-036,Bulk,8.72,564,1335,3
2026-06-18,OP-039,Ambient Pick,6.88,386,1050,4
2026-06-18,OP-041,Ambient Pick,6.3,420,893,4
2026-06-18,OP-041,Chilled Pick,1.61,80,253,0
2026-06-18,OP-043,Ambient Pick,6.94,440,1320,2
2026-06-18,OP-044,Ambient Pick,7.4,395,921,2
2026-06-18,OP-045,Ambient Pick,7.51,419,992,1
2026-06-18,OP-046,Ambient Pick,7.05,489,1258,1
2026-06-18,OP-047,Ambient Pick,7.15,562,948,5
2026-06-18,OP-048,Returns,8.09,252,559,3
2026-06-19,OP-001,Chilled Pick,7.22,526,1072,1
2026-06-19,OP-003,Bulk,7.4,339,673,0
2026-06-19,OP-004,Ambient Pick,7.46,588,1903,1
2026-06-19,OP-005,Returns,9.5,358,1079,4
2026-06-19,OP-006,Chilled Pick,6.17,326,902,3
2026-06-19,OP-008,Returns,3.87,138,437,0
2026-06-19,OP-008,Ambient Pick,3.98,326,749,0
2026-06-19,OP-009,Ambient Pick,4.49,319,784,2
2026-06-19,OP-009,Chilled Pick,3.28,156,265,0
2026-06-19,OP-010,Ambient Pick,8.23,681,2291,4
2026-06-19,OP-011,Ambient Pick,8.18,752,2326,3
2026-06-19,OP-012,Bulk,7.36,333,599,0
2026-06-19,OP-013,Chilled Pick,8.0,496,919,3
2026-06-19,OP-014,Chilled Pick,2.74,152,321,0
2026-06-19,OP-014,Ambient Pick,5.57,427,747,1
2026-06-19,OP-015,Bulk,6.31,221,618,1
2026-06-19,OP-016,Chilled Pick,6.86,385,711,5
2026-06-19,OP-017,Bulk,8.57,384,913,0
2026-06-19,OP-018,Ambient Pick,1.24,94,316,0
2026-06-19,OP-018,Returns,6.41,245,591,3
2026-06-19,OP-019,Ambient Pick,8.03,614,1101,0
2026-06-19,OP-020,Ambient Pick,9.39,806,2488,10
2026-06-19,OP-022,Chilled Pick,7.27,381,999,1
2026-06-19,OP-024,Chilled Pick,6.88,328,643,4
2026-06-19,OP-026,Bulk,5.16,256,534,2
2026-06-19,OP-026,Ambient Pick,2.2,195,551,3
2026-06-19,OP-028,Chilled Pick,2.98,182,518,1
2026-06-19,OP-028,Ambient Pick,4.77,326,652,0
2026-06-19,OP-029,Ambient Pick,7.64,527,1659,2
2026-06-19,OP-030,Ambient Pick,6.46,547,927,3
2026-06-19,OP-031,Chilled Pick,7.6,467,1304,2
2026-06-19,OP-032,Ambient Pick,7.63,764,2171,2
2026-06-19,OP-033,Ambient Pick,7.24,618,2043,2
2026-06-19,OP-034,Bulk,7.71,327,996,0
2026-06-19,OP-035,Ambient Pick,4.04,312,735,1
2026-06-19,OP-035,Bulk,3.5,151,331,0
2026-06-19,OP-036,Bulk,7.67,413,1110,1
2026-06-19,OP-037,Chilled Pick,7.24,461,1555,4
2026-06-19,OP-038,Chilled Pick,3.89,198,393,3
2026-06-19,OP-038,Returns,3.95,112,278,0
2026-06-19,OP-039,Ambient Pick,7.51,423,809,4
2026-06-19,OP-040,Ambient Pick,2.39,228,645,3
2026-06-19,OP-040,Bulk,5.79,253,593,1
2026-06-19,OP-041,Bulk,6.81,264,544,0
2026-06-19,OP-042,Chilled Pick,6.47,393,769,1
2026-06-19,OP-043,Returns,7.02,212,591,2
2026-06-19,OP-044,Ambient Pick,9.27,474,1079,2
2026-06-19,OP-045,Ambient Pick,7.45,478,1266,5
2026-06-19,OP-046,Returns,2.29,68,154,0
2026-06-19,OP-046,Bulk,5.93,224,618,2
2026-06-19,OP-047,Ambient Pick,7.05,484,1167,3
2026-06-20,OP-001,Chilled Pick,6.98,402,1314,2
2026-06-20,OP-002,Chilled Pick,8.0,462,1202,2
2026-06-20,OP-003,Chilled Pick,7.63,505,1548,7
2026-06-20,OP-004,Chilled Pick,7.47,385,987,1
2026-06-20,OP-005,Bulk,7.57,312,899,0
2026-06-20,OP-006,Returns,8.19,281,633,0
2026-06-20,OP-007,Ambient Pick,5.6,515,931,3
2026-06-20,OP-007,Bulk,1.43,70,216,0
2026-06-20,OP-008,Bulk,6.52,288,895,0
2026-06-20,OP-009,Ambient Pick,4.4,318,847,1
2026-06-20,OP-009,Chilled Pick,3.64,176,290,0
2026-06-20,OP-011,Returns,8.09,306,845,1
2026-06-20,OP-012,Ambient Pick,8.21,687,1342,3
2026-06-20,OP-013,Bulk,8.02,346,853,2
2026-06-20,OP-014,Ambient Pick,6.98,509,1294,1
2026-06-20,OP-015,Chilled Pick,7.15,317,1034,2
2026-06-20,OP-016,Bulk,7.1,299,629,2
2026-06-20,OP-017,Ambient Pick,7.63,691,1783,2
2026-06-20,OP-018,Ambient Pick,1.28,104,292,0
2026-06-20,OP-018,Returns,5.88,221,527,0
2026-06-20,OP-019,Bulk,0.71,29,72,0
2026-06-20,OP-019,Ambient Pick,8.06,559,1741,2
2026-06-20,OP-020,Bulk,7.65,322,854,1
2026-06-20,OP-021,Ambient Pick,7.54,641,1738,2
2026-06-20,OP-022,Ambient Pick,8.11,437,782,1
2026-06-20,OP-023,Ambient Pick,7.02,589,1618,2
2026-06-20,OP-024,Ambient Pick,8.38,599,1849,2
2026-06-20,OP-025,Bulk,7.08,317,561,0
2026-06-20,OP-025,Chilled Pick,0.79,52,152,0
2026-06-20,OP-026,Bulk,7.74,391,1194,0
2026-06-20,OP-027,Bulk,7.49,304,967,0
2026-06-20,OP-029,Ambient Pick,8.5,605,1164,3
2026-06-20,OP-030,Ambient Pick,7.93,611,1482,2
2026-06-20,OP-031,Ambient Pick,6.26,475,805,2
2026-06-20,OP-031,Bulk,1.04,42,98,0
2026-06-20,OP-032,Bulk,8.55,521,1288,1
2026-06-20,OP-033,Ambient Pick,7.76,635,1936,5
2026-06-20,OP-034,Chilled Pick,7.29,459,885,3
2026-06-20,OP-035,Ambient Pick,8.3,586,1939,1
2026-06-20,OP-036,Chilled Pick,7.68,584,1351,2
2026-06-20,OP-037,Ambient Pick,8.22,523,1299,1
2026-06-20,OP-039,Ambient Pick,8.35,479,1135,4
2026-06-20,OP-040,Ambient Pick,7.53,733,1398,10
2026-06-20,OP-041,Chilled Pick,6.39,285,753,1
2026-06-20,OP-042,Chilled Pick,8.29,488,1601,2
2026-06-20,OP-043,Chilled Pick,8.0,409,961,2
2026-06-20,OP-044,Ambient Pick,6.44,330,829,0
2026-06-20,OP-044,Bulk,0.61,17,34,0
2026-06-20,OP-046,Ambient Pick,5.98,376,1033,7
2026-06-20,OP-046,Chilled Pick,0.88,53,126,0
2026-06-20,OP-048,Ambient Pick,7.89,507,1146,4
2026-06-22,OP-002,Chilled Pick,7.76,517,1022,2
2026-06-22,OP-003,Bulk,1.46,69,135,0
2026-06-22,OP-003,Chilled Pick,5.52,366,839,1
2026-06-22,OP-004,Chilled Pick,8.01,476,1302,1
2026-06-22,OP-006,Ambient Pick,8.94,792,1662,3
2026-06-22,OP-007,Chilled Pick,8.12,687,2302,1
2026-06-22,OP-008,Ambient Pick,7.94,721,1841,4
2026-06-22,OP-009,Chilled Pick,5.2,334,1018,2
2026-06-22,OP-009,Ambient Pick,1.56,101,334,0
2026-06-22,OP-010,Chilled Pick,7.85,588,1320,3
2026-06-22,OP-011,Bulk,7.06,462,1431,4
2026-06-22,OP-012,Ambient Pick,4.34,426,1158,5
2026-06-22,OP-012,Chilled Pick,3.01,261,827,3
2026-06-22,OP-014,Ambient Pick,2.89,249,499,3
2026-06-22,OP-014,Bulk,4.4,221,733,0
2026-06-22,OP-016,Chilled Pick,7.16,487,1533,3
2026-06-22,OP-017,Ambient Pick,7.2,714,2306,3
2026-06-22,OP-018,Ambient Pick,7.84,744,2418,0
2026-06-22,OP-019,Ambient Pick,2.13,170,549,0
2026-06-22,OP-019,Chilled Pick,5.28,343,564,3
2026-06-22,OP-020,Returns,7.4,288,544,3
2026-06-22,OP-021,Returns,6.33,306,949,1
2026-06-22,OP-022,Ambient Pick,7.34,565,1081,3
2026-06-22,OP-023,Ambient Pick,7.41,732,1190,6
2026-06-22,OP-024,Bulk,6.86,291,490,1
2026-06-22,OP-025,Ambient Pick,8.08,820,2222,4
2026-06-22,OP-026,Ambient Pick,7.15,561,1448,2
2026-06-22,OP-027,Chilled Pick,7.19,482,790,1
2026-06-22,OP-028,Returns,2.21,77,199,0
2026-06-22,OP-028,Ambient Pick,5.27,410,834,4
2026-06-22,OP-029,Ambient Pick,8.06,683,1327,4
2026-06-22,OP-030,Ambient Pick,7.71,770,1298,4
2026-06-22,OP-031,Bulk,7.0,340,1098,0
2026-06-22,OP-033,Ambient Pick,8.12,765,1527,2
2026-06-22,OP-034,Ambient Pick,8.23,731,1479,3
2026-06-22,OP-035,Chilled Pick,7.48,529,1323,5
2026-06-22,OP-036,Returns,7.9,405,1091,0
2026-06-22,OP-037,Ambient Pick,7.89,662,2102,2
2026-06-22,OP-038,Returns,8.35,260,722,6
2026-06-22,OP-039,Chilled Pick,7.59,432,860,6
2026-06-22,OP-040,Returns,6.53,324,747,3
2026-06-22,OP-040,Ambient Pick,1.49,163,285,3
2026-06-22,OP-042,Chilled Pick,4.15,293,952,6
2026-06-22,OP-042,Ambient Pick,3.03,274,736,1
2026-06-22,OP-043,Ambient Pick,7.89,560,1300,5
2026-06-22,OP-044,Chilled Pick,6.96,332,942,0
2026-06-22,OP-045,Chilled Pick,8.07,417,1362,3
2026-06-22,OP-046,Ambient Pick,7.93,593,1318,4
2026-06-22,OP-047,Bulk,8.22,419,1109,4
2026-06-23,OP-001,Bulk,7.7,331,1035,0
2026-06-23,OP-002,Ambient Pick,6.18,484,861,4
2026-06-23,OP-002,Chilled Pick,1.13,74,197,1
2026-06-23,OP-003,Chilled Pick,8.02,512,864,1
2026-06-23,OP-004,Ambient Pick,8.31,688,1804,0
2026-06-23,OP-006,Ambient Pick,2.11,151,361,1
2026-06-23,OP-006,Chilled Pick,5.27,317,532,2
2026-06-23,OP-008,Bulk,6.08,226,691,0
2026-06-23,OP-010,Ambient Pick,8.21,630,1864,1
2026-06-23,OP-011,Chilled Pick,8.51,721,2426,4
2026-06-23,OP-012,Chilled Pick,7.3,495,825,0
2026-06-23,OP-013,Ambient Pick,1.68,121,222,0
2026-06-23,OP-013,Chilled Pick,6.32,332,536,0
2026-06-23,OP-015,Chilled Pick,7.31,325,846,1
2026-06-23,OP-016,Bulk,6.17,238,662,0
2026-06-23,OP-017,Returns,6.77,248,592,1
2026-06-23,OP-018,Chilled Pick,8.07,483,826,1
2026-06-23,OP-020,Bulk,7.72,376,1082,2
2026-06-23,OP-021,Returns,5.21,197,590,0
2026-06-23,OP-021,Ambient Pick,2.22,212,420,3
2026-06-23,OP-022,Ambient Pick,7.76,538,1449,1
2026-06-23,OP-023,Bulk,8.29,346,686,2
2026-06-23,OP-024,Returns,7.59,224,648,3
2026-06-23,OP-025,Bulk,6.1,274,556,0
2026-06-23,OP-025,Ambient Pick,1.45,122,394,0
2026-06-23,OP-026,Chilled Pick,7.99,491,786,2
2026-06-23,OP-027,Ambient Pick,6.56,511,1074,2
2026-06-23,OP-028,Ambient Pick,6.56,522,1449,3
2026-06-23,OP-030,Ambient Pick,2.99,224,721,2
2026-06-23,OP-030,Bulk,5.24,236,406,0
2026-06-23,OP-031,Bulk,7.48,317,936,1
2026-06-23,OP-033,Chilled Pick,6.22,387,1000,2
2026-06-23,OP-033,Bulk,1.67,77,217,0
2026-06-23,OP-034,Chilled Pick,6.75,410,670,2
2026-06-23,OP-035,Ambient Pick,7.68,600,1118,5
2026-06-23,OP-036,Bulk,5.05,243,526,0
2026-06-23,OP-036,Ambient Pick,2.19,176,548,1
2026-06-23,OP-037,Ambient Pick,8.02,651,1285,3
2026-06-23,OP-039,Returns,7.18,209,672,5
2026-06-23,OP-040,Ambient Pick,7.18,535,1573,5
2026-06-23,OP-041,Bulk,8.67,332,1001,1
2026-06-23,OP-042,Chilled Pick,2.33,158,463,1
2026-06-23,OP-042,Ambient Pick,4.43,362,972,1
2026-06-23,OP-043,Ambient Pick,7.65,498,1321,3
2026-06-23,OP-044,Chilled Pick,1.47,56,95,1
2026-06-23,OP-044,Ambient Pick,6.14,335,1132,2
2026-06-23,OP-045,Bulk,1.45,54,179,0
2026-06-23,OP-045,Chilled Pick,6.1,295,538,3
2026-06-23,OP-046,Returns,3.58,101,311,0
2026-06-23,OP-046,Chilled Pick,3.56,193,632,2
2026-06-23,OP-047,Ambient Pick,7.47,493,1136,2
2026-06-23,OP-048,Ambient Pick,8.63,563,1201,7
2026-06-24,OP-001,Bulk,7.37,275,789,0
2026-06-24,OP-002,Bulk,7.76,339,751,1
2026-06-24,OP-003,Chilled Pick,8.28,482,1280,0
2026-06-24,OP-004,Ambient Pick,6.19,470,1031,2
2026-06-24,OP-004,Bulk,0.72,28,74,0
2026-06-24,OP-005,Bulk,6.94,306,1025,0
2026-06-24,OP-006,Ambient Pick,2.26,174,563,1
2026-06-24,OP-006,Bulk,5.85,262,482,0
2026-06-24,OP-007,Ambient Pick,7.86,713,1719,3
2026-06-24,OP-008,Chilled Pick,7.63,489,1220,2
2026-06-24,OP-009,Returns,7.04,221,560,2
2026-06-24,OP-010,Chilled Pick,8.53,548,884,5
2026-06-24,OP-011,Chilled Pick,8.05,546,1117,2
2026-06-24,OP-012,Ambient Pick,7.56,645,1826,4
2026-06-24,OP-013,Bulk,7.11,352,877,0
2026-06-24,OP-014,Bulk,7.64,323,979,0
2026-06-24,OP-015,Ambient Pick,7.31,462,1254,1
2026-06-24,OP-016,Ambient Pick,7.42,575,1185,3
2026-06-24,OP-017,Bulk,1.91,98,166,0
2026-06-24,OP-017,Ambient Pick,4.45,367,1064,1
2026-06-24,OP-018,Returns,7.69,287,749,3
2026-06-24,OP-019,Chilled Pick,1.94,111,242,0
2026-06-24,OP-019,Bulk,5.14,202,401,0
2026-06-24,OP-020,Chilled Pick,4.52,251,805,0
2026-06-24,OP-020,Returns,3.31,118,314,1
2026-06-24,OP-021,Bulk,6.93,345,1094,1
2026-06-24,OP-022,Chilled Pick,1.17,59,111,0
2026-06-24,OP-022,Bulk,6.57,228,504,0
2026-06-24,OP-023,Ambient Pick,7.26,628,1995,0
2026-06-24,OP-024,Ambient Pick,7.42,480,1172,4
2026-06-24,OP-025,Ambient Pick,7.13,510,1634,3
2026-06-24,OP-027,Ambient Pick,4.51,304,989,1
2026-06-24,OP-027,Chilled Pick,3.7,199,583,2
2026-06-24,OP-028,Ambient Pick,6.46,489,1573,1
2026-06-24,OP-028,Bulk,0.9,38,74,0
2026-06-24,OP-029,Chilled Pick,8.23,493,1056,3
2026-06-24,OP-030,Bulk,8.85,391,1245,1
2026-06-24,OP-031,Ambient Pick,7.67,528,1127,3
2026-06-24,OP-032,Bulk,7.74,414,1258,3
2026-06-24,OP-033,Bulk,7.86,363,833,0
2026-06-24,OP-034,Ambient Pick,7.25,506,1705,2
2026-06-24,OP-036,Ambient Pick,8.07,701,1373,2
2026-06-24,OP-037,Bulk,7.94,373,1112,2
2026-06-24,OP-038,Returns,4.68,128,267,2
2026-06-24,OP-038,Ambient Pick,2.55,164,378,3
2026-06-24,OP-040,Chilled Pick,1.75,132,257,2
2026-06-24,OP-040,Bulk,6.16,309,843,2
2026-06-24,OP-041,Ambient Pick,0.54,33,106,0
2026-06-24,OP-041,Chilled Pick,7.67,410,864,1
2026-06-24,OP-042,Ambient Pick,7.71,626,2078,5
2026-06-24,OP-043,Ambient Pick,7.86,487,1493,3
2026-06-24,OP-044,Returns,5.4,128,386,0
2026-06-24,OP-044,Ambient Pick,2.41,107,196,0
2026-06-24,OP-045,Returns,8.69,247,821,10
2026-06-24,OP-046,Bulk,8.18,293,976,0
2026-06-24,OP-048,Chilled Pick,6.7,343,619,3
2026-06-24,OP-048,Ambient Pick,0.59,42,134,0
2026-06-25,OP-001,Chilled Pick,7.7,448,1207,5
2026-06-25,OP-003,Ambient Pick,7.84,596,954,3
2026-06-25,OP-004,Chilled Pick,7.21,430,790,2
2026-06-25,OP-005,Ambient Pick,7.46,599,1686,7
2026-06-25,OP-006,Bulk,7.06,292,580,0
2026-06-25,OP-007,Ambient Pick,8.4,796,2240,1
2026-06-25,OP-008,Bulk,7.6,323,782,2
2026-06-25,OP-010,Bulk,7.33,303,721,0
2026-06-25,OP-011,Bulk,9.5,511,1117,1
2026-06-25,OP-012,Ambient Pick,3.29,306,1036,1
2026-06-25,OP-012,Bulk,4.96,294,686,1
2026-06-25,OP-013,Ambient Pick,5.4,326,837,1
2026-06-25,OP-013,Bulk,0.77,30,57,0
2026-06-25,OP-016,Ambient Pick,5.74,418,734,2
2026-06-25,OP-016,Returns,2.64,86,137,1
2026-06-25,OP-017,Chilled Pick,7.64,475,1231,1
2026-06-25,OP-019,Chilled Pick,7.89,500,1042,1
2026-06-25,OP-020,Ambient Pick,7.97,630,1400,3
2026-06-25,OP-021,Ambient Pick,7.57,658,2082,2
2026-06-25,OP-022,Ambient Pick,6.06,404,1043,2
2026-06-25,OP-022,Bulk,1.26,45,82,0
2026-06-25,OP-023,Chilled Pick,4.96,316,921,4
2026-06-25,OP-023,Ambient Pick,2.75,236,642,0
2026-06-25,OP-024,Ambient Pick,7.17,461,743,2
2026-06-25,OP-025,Ambient Pick,8.46,779,2323,2
2026-06-25,OP-026,Returns,2.62,100,258,0
2026-06-25,OP-026,Ambient Pick,4.54,354,1096,2
2026-06-25,OP-028,Bulk,6.65,260,813,0
2026-06-25,OP-028,Returns,1.51,53,160,1
2026-06-25,OP-030,Ambient Pick,7.46,660,1805,1
2026-06-25,OP-031,Bulk,8.49,361,821,1
2026-06-25,OP-032,Returns,6.77,267,514,3
2026-06-25,OP-034,Chilled Pick,5.61,324,574,0
2026-06-25,OP-034,Bulk,1.82,71,168,0
2026-06-25,OP-035,Ambient Pick,7.48,550,1473,3
2026-06-25,OP-037,Bulk,7.76,331,1057,2
2026-06-25,OP-038,Ambient Pick,7.88,539,1797,9
2026-06-25,OP-039,Ambient Pick,8.27,517,1344,6
2026-06-25,OP-040,Bulk,4.94,244,593,1
2026-06-25,OP-040,Ambient Pick,2.23,229,557,1
2026-06-25,OP-041,Bulk,7.93,258,857,2
2026-06-25,OP-042,Returns,8.06,263,495,2
2026-06-25,OP-043,Bulk,7.04,265,593,1
2026-06-25,OP-044,Ambient Pick,8.16,424,1330,5
2026-06-25,OP-045,Chilled Pick,7.05,354,743,1
2026-06-25,OP-046,Ambient Pick,7.45,444,811,1
2026-06-25,OP-047,Ambient Pick,2.1,163,360,0
2026-06-25,OP-047,Bulk,5.79,240,815,3
2026-06-25,OP-048,Chilled Pick,7.44,431,1347,1
2026-06-26,OP-001,Ambient Pick,8.28,598,1909,2
2026-06-26,OP-002,Ambient Pick,4.7,365,707,3
2026-06-26,OP-002,Bulk,4.36,199,507,0
2026-06-26,OP-003,Ambient Pick,3.8,301,715,0
2026-06-26,OP-003,Bulk,3.69,154,294,0
2026-06-26,OP-004,Bulk,7.4,301,541,2
2026-06-26,OP-005,Bulk,8.16,390,1222,3
2026-06-26,OP-006,Ambient Pick,8.2,726,2088,4
2026-06-26,OP-008,Returns,8.45,265,525,5
2026-06-26,OP-009,Chilled Pick,4.08,196,510,0
2026-06-26,OP-009,Ambient Pick,3.13,205,398,0
2026-06-26,OP-010,Bulk,7.61,344,1116,0
2026-06-26,OP-011,Bulk,6.82,331,1088,0
2026-06-26,OP-012,Chilled Pick,1.52,111,181,0
2026-06-26,OP-012,Ambient Pick,6.71,568,1042,0
2026-06-26,OP-014,Chilled Pick,7.48,415,832,1
2026-06-26,OP-015,Ambient Pick,5.28,272,735,0
2026-06-26,OP-015,Returns,2.95,68,206,0
2026-06-26,OP-016,Chilled Pick,7.65,436,920,4
2026-06-26,OP-017,Ambient Pick,8.01,601,1789,2
2026-06-26,OP-018,Bulk,1.3,63,173,0
2026-06-26,OP-018,Chilled Pick,5.77,376,814,0
2026-06-26,OP-019,Chilled Pick,6.74,384,884,1
2026-06-26,OP-019,Ambient Pick,1.3,96,178,0
2026-06-26,OP-020,Chilled Pick,8.46,519,1413,2
2026-06-26,OP-021,Bulk,8.09,377,1011,1
2026-06-26,OP-022,Bulk,7.69,282,831,0
2026-06-26,OP-024,Ambient Pick,7.52,529,1268,4
2026-06-26,OP-025,Bulk,7.95,375,783,0
2026-06-26,OP-026,Ambient Pick,1.62,137,265,1
2026-06-26,OP-026,Chilled Pick,5.08,383,901,2
2026-06-26,OP-027,Ambient Pick,7.93,528,1696,1
2026-06-26,OP-028,Ambient Pick,7.87,522,974,0
2026-06-26,OP-029,Chilled Pick,3.03,174,500,1
2026-06-26,OP-029,Bulk,4.92,222,625,1
2026-06-26,OP-031,Ambient Pick,6.93,545,1610,0
2026-06-26,OP-033,Returns,0.89,37,102,0
2026-06-26,OP-033,Chilled Pick,6.22,444,1349,5
2026-06-26,OP-035,Bulk,7.09,324,1037,3
2026-06-26,OP-036,Ambient Pick,0.95,97,189,0
2026-06-26,OP-036,Returns,5.64,229,656,1
2026-06-26,OP-037,Ambient Pick,7.61,608,1999,3
2026-06-26,OP-039,Chilled Pick,7.79,406,785,6
2026-06-26,OP-040,Ambient Pick,8.45,727,2029,7
2026-06-26,OP-041,Returns,6.22,170,545,1
2026-06-26,OP-042,Ambient Pick,2.03,135,327,0
2026-06-26,OP-042,Chilled Pick,6.39,430,1142,2
2026-06-26,OP-043,Returns,7.7,200,469,1
2026-06-26,OP-044,Chilled Pick,8.01,314,736,0
2026-06-26,OP-046,Ambient Pick,7.21,502,1574,0
2026-06-26,OP-047,Bulk,8.51,333,726,4
2026-06-26,OP-048,Bulk,8.15,348,1122,1
2026-06-27,OP-001,Ambient Pick,2.66,217,653,0
2026-06-27,OP-001,Bulk,3.23,146,468,0
2026-06-27,OP-003,Bulk,7.75,319,889,0
2026-06-27,OP-004,Ambient Pick,6.92,526,976,2
2026-06-27,OP-005,Chilled Pick,8.01,531,1767,2
2026-06-27,OP-006,Bulk,6.76,302,959,0
2026-06-27,OP-007,Chilled Pick,7.15,437,1483,1
2026-06-27,OP-008,Ambient Pick,7.19,569,1002,3
2026-06-27,OP-009,Chilled Pick,7.64,386,979,1
2026-06-27,OP-010,Ambient Pick,8.0,643,1141,5
2026-06-27,OP-011,Bulk,8.6,429,798,0
2026-06-27,OP-012,Ambient Pick,7.59,640,1772,2
2026-06-27,OP-013,Chilled Pick,6.99,409,867,1
2026-06-27,OP-014,Chilled Pick,8.04,435,941,0
2026-06-27,OP-015,Ambient Pick,7.58,441,726,1
2026-06-27,OP-017,Ambient Pick,2.67,205,584,0
2026-06-27,OP-017,Bulk,6.24,295,845,0
2026-06-27,OP-019,Ambient Pick,7.85,666,1884,2
2026-06-27,OP-020,Ambient Pick,7.41,540,1696,0
2026-06-27,OP-021,Chilled Pick,7.73,511,1709,6
2026-06-27,OP-023,Bulk,8.77,363,727,0
2026-06-27,OP-024,Chilled Pick,8.35,452,788,4
2026-06-27,OP-025,Chilled Pick,7.66,488,1597,3
2026-06-27,OP-026,Bulk,0.57,27,55,0
2026-06-27,OP-026,Ambient Pick,7.2,574,1192,4
2026-06-27,OP-027,Ambient Pick,7.23,579,1565,3
2026-06-27,OP-028,Chilled Pick,8.31,505,1160,3
2026-06-27,OP-032,Ambient Pick,7.0,652,1733,3
2026-06-27,OP-033,Ambient Pick,2.19,197,518,1
2026-06-27,OP-033,Chilled Pick,5.43,380,1232,2
2026-06-27,OP-034,Ambient Pick,6.6,539,1317,1
2026-06-27,OP-035,Chilled Pick,8.43,485,1119,7
2026-06-27,OP-036,Ambient Pick,7.62,744,1747,4
2026-06-27,OP-037,Chilled Pick,4.05,255,792,2
2026-06-27,OP-037,Bulk,4.02,162,429,1
2026-06-27,OP-038,Chilled Pick,7.66,339,835,4
2026-06-27,OP-039,Ambient Pick,7.61,444,1190,4
2026-06-27,OP-040,Bulk,7.36,395,1039,0
2026-06-27,OP-041,Returns,4.71,142,418,0
2026-06-27,OP-041,Ambient Pick,3.65,208,530,4
2026-06-27,OP-042,Bulk,1.14,49,154,0
2026-06-27,OP-042,Chilled Pick,5.94,360,694,3
2026-06-27,OP-043,Ambient Pick,7.29,460,1366,3
2026-06-27,OP-044,Ambient Pick,5.48,275,647,0
2026-06-27,OP-044,Chilled Pick,2.14,87,217,1
2026-06-27,OP-046,Ambient Pick,7.43,500,1151,2
2026-06-27,OP-047,Returns,8.43,316,1006,4
2026-06-27,OP-048,Ambient Pick,8.14,523,1310,4
2026-06-29,OP-001,Bulk,5.58,296,601,0
2026-06-29,OP-001,Returns,1.01,35,86,0
2026-06-29,OP-002,Chilled Pick,6.57,460,1558,1
2026-06-29,OP-003,Ambient Pick,7.83,679,1288,2
2026-06-29,OP-004,Ambient Pick,7.85,686,1884,0
2026-06-29,OP-005,Ambient Pick,5.19,515,1616,4
2026-06-29,OP-005,Chilled Pick,2.3,149,359,2
2026-06-29,OP-007,Bulk,7.43,370,760,1
2026-06-29,OP-008,Ambient Pick,1.78,174,377,1
2026-06-29,OP-008,Chilled Pick,5.9,376,800,1
2026-06-29,OP-009,Ambient Pick,7.03,564,1616,1
2026-06-29,OP-010,Bulk,8.12,395,861,1
2026-06-29,OP-011,Chilled Pick,8.15,710,1148,6
2026-06-29,OP-012,Returns,6.92,316,728,5
2026-06-29,OP-014,Chilled Pick,7.06,498,1691,4
2026-06-29,OP-015,Ambient Pick,1.79,118,372,0
2026-06-29,OP-015,Chilled Pick,5.91,284,651,0
2026-06-29,OP-016,Ambient Pick,8.23,798,2017,7
2026-06-29,OP-017,Ambient Pick,7.94,687,1234,4
2026-06-29,OP-018,Bulk,7.3,429,1370,1
2026-06-29,OP-019,Ambient Pick,8.66,788,2609,3
2026-06-29,OP-020,Ambient Pick,8.21,674,1615,6
2026-06-29,OP-021,Ambient Pick,3.36,326,852,4
2026-06-29,OP-021,Bulk,3.34,196,512,2
2026-06-29,OP-022,Chilled Pick,7.68,484,1073,5
2026-06-29,OP-023,Chilled Pick,7.34,537,1078,2
2026-06-29,OP-024,Chilled Pick,4.97,333,641,3
2026-06-29,OP-024,Bulk,2.63,114,354,0
2026-06-29,OP-025,Chilled Pick,8.08,667,1479,2
2026-06-29,OP-026,Ambient Pick,7.24,693,1525,2
2026-06-29,OP-027,Ambient Pick,6.92,582,1012,2
2026-06-29,OP-028,Ambient Pick,7.61,628,1047,2
2026-06-29,OP-029,Ambient Pick,7.33,657,2031,8
2026-06-29,OP-030,Returns,9.37,440,733,3
2026-06-29,OP-032,Bulk,7.58,497,1167,0
2026-06-29,OP-033,Ambient Pick,7.01,728,1474,2
2026-06-29,OP-034,Ambient Pick,7.79,686,1978,4
2026-06-29,OP-035,Ambient Pick,8.59,693,1855,2
2026-06-29,OP-036,Ambient Pick,8.9,1020,2204,1
2026-06-29,OP-037,Chilled Pick,7.58,590,1357,5
2026-06-29,OP-038,Bulk,7.64,312,845,0
2026-06-29,OP-039,Chilled Pick,8.0,482,772,1
2026-06-29,OP-041,Returns,1.63,49,96,0
2026-06-29,OP-041,Ambient Pick,6.82,465,1191,8
2026-06-29,OP-043,Bulk,7.89,322,877,2
2026-06-29,OP-044,Ambient Pick,3.18,166,517,0
2026-06-29,OP-044,Bulk,4.22,151,308,1
2026-06-29,OP-045,Ambient Pick,7.54,609,1359,3
2026-06-29,OP-046,Bulk,2.01,95,197,0
2026-06-29,OP-046,Chilled Pick,5.32,384,791,6
2026-06-29,OP-047,Chilled Pick,6.13,439,1391,11
2026-06-29,OP-047,Ambient Pick,1.82,159,498,2
2026-06-30,OP-002,Ambient Pick,4.85,370,948,1
2026-06-30,OP-002,Returns,3.45,124,376,1
2026-06-30,OP-004,Ambient Pick,8.58,586,1461,0
2026-06-30,OP-005,Chilled Pick,7.44,480,1582,1
2026-06-30,OP-007,Ambient Pick,7.69,626,1140,2
2026-06-30,OP-011,Chilled Pick,8.41,594,1664,0
2026-06-30,OP-012,Bulk,6.73,305,494,0
2026-06-30,OP-013,Ambient Pick,7.54,522,1067,3
2026-06-30,OP-014,Ambient Pick,7.71,570,1047,1
2026-06-30,OP-015,Bulk,6.88,211,524,0
2026-06-30,OP-016,Bulk,7.67,360,818,1
2026-06-30,OP-017,Ambient Pick,8.0,687,2039,2
2026-06-30,OP-018,Returns,8.76,338,774,0
2026-06-30,OP-020,Chilled Pick,8.6,470,928,1
2026-06-30,OP-021,Ambient Pick,7.57,722,2184,4
2026-06-30,OP-022,Returns,7.33,216,717,1
2026-06-30,OP-023,Ambient Pick,7.5,595,1858,1
2026-06-30,OP-024,Ambient Pick,0.88,64,124,0
2026-06-30,OP-024,Returns,6.14,186,498,1
2026-06-30,OP-025,Bulk,7.71,384,841,3
2026-06-30,OP-026,Bulk,7.69,416,1050,0
2026-06-30,OP-027,Bulk,7.92,337,631,0
2026-06-30,OP-028,Ambient Pick,7.1,569,1418,1
2026-06-30,OP-029,Ambient Pick,7.58,647,1435,3
2026-06-30,OP-030,Ambient Pick,7.47,658,2204,3
2026-06-30,OP-031,Ambient Pick,2.37,180,546,0
2026-06-30,OP-031,Chilled Pick,5.79,325,1096,0
2026-06-30,OP-032,Returns,7.9,317,893,1
2026-06-30,OP-033,Chilled Pick,9.34,648,1367,2
2026-06-30,OP-034,Ambient Pick,7.92,587,1524,1
2026-06-30,OP-035,Chilled Pick,6.81,415,896,7
2026-06-30,OP-036,Ambient Pick,8.07,789,1520,1
2026-06-30,OP-037,Chilled Pick,6.0,417,992,0
2026-06-30,OP-037,Bulk,2.29,93,263,0
2026-06-30,OP-038,Bulk,8.27,275,929,1
2026-06-30,OP-039,Returns,6.86,193,575,2
2026-06-30,OP-040,Bulk,3.38,179,433,2
2026-06-30,OP-040,Ambient Pick,3.78,394,1157,5
2026-06-30,OP-043,Chilled Pick,7.58,388,1205,4
2026-06-30,OP-044,Returns,7.25,171,326,1
2026-06-30,OP-045,Ambient Pick,4.95,269,863,0
2026-06-30,OP-045,Chilled Pick,2.94,143,442,2
2026-06-30,OP-046,Ambient Pick,8.61,627,1301,5
2026-06-30,OP-047,Chilled Pick,6.87,363,1054,5
2026-06-30,OP-048,Bulk,7.45,308,860,3
