merchant_id,month,txn_count,txn_value_gbp,declined_count,fee_revenue_gbp
M-0001,2026-01,185,7917.98,8,150.99
M-0001,2026-02,340,14267.69,15,263.22
M-0001,2026-03,494,19644.65,16,361.38
M-0001,2026-04,590,27313.12,25,520.83
M-0001,2026-05,802,31492.16,47,623.64
M-0001,2026-06,881,37535.58,48,723.62
M-0002,2024-01,77,6897.53,0,83.14
M-0002,2024-02,138,11530.92,6,137.59
M-0002,2024-03,189,17052.11,3,197.87
M-0002,2024-04,276,21963.25,3,270.92
M-0002,2024-05,308,26781.06,5,315.16
M-0002,2024-06,365,30270.64,7,363.98
M-0002,2024-07,359,29929.88,4,361.46
M-0002,2024-08,362,31714.68,11,371.15
M-0002,2024-09,342,31828.72,5,359.55
M-0002,2024-10,326,28820.37,7,345.11
M-0002,2024-11,374,31686.21,9,354.46
M-0002,2024-12,362,32273.0,9,376.95
M-0002,2025-01,394,32042.5,10,384.2
M-0002,2025-02,385,32531.82,7,390.59
M-0002,2025-03,353,31664.63,5,377.2
M-0002,2025-04,379,30834.23,10,365.57
M-0002,2025-05,345,29926.9,9,354.59
M-0002,2025-06,316,29254.15,16,344.08
M-0002,2025-07,244,20878.18,18,248.39
M-0002,2025-08,195,14770.73,6,173.39
M-0003,2024-01,763,14699.4,13,222.85
M-0003,2024-02,1001,18114.09,12,280.64
M-0003,2024-03,1051,20269.14,20,323.72
M-0003,2024-04,1059,20333.81,28,315.84
M-0003,2024-05,1036,20513.8,19,345.36
M-0003,2024-06,887,17601.69,22,274.93
M-0003,2024-07,1192,22789.8,27,377.16
M-0003,2024-08,1119,20843.73,20,325.28
M-0003,2024-09,989,19614.58,15,303.31
M-0003,2024-10,1108,18707.81,15,293.67
M-0003,2024-11,1063,21391.07,30,351.18
M-0003,2024-12,1672,30257.45,30,505.48
M-0003,2025-01,771,14460.73,13,232.52
M-0003,2025-02,1077,21640.47,18,346.25
M-0003,2025-03,1069,20543.74,21,322.38
M-0003,2025-04,1234,22664.62,29,387.76
M-0003,2025-05,930,19895.14,26,306.99
M-0003,2025-06,1204,22274.86,18,350.51
M-0003,2025-07,1432,26621.97,31,425.32
M-0003,2025-08,1163,23251.95,23,377.66
M-0003,2025-09,1218,22996.16,29,376.32
M-0003,2025-10,1114,21218.81,30,334.52
M-0003,2025-11,1198,21947.56,28,342.93
M-0003,2025-12,1573,26886.03,40,438.54
M-0003,2026-01,826,17103.05,14,273.68
M-0003,2026-02,1231,24914.87,32,406.02
M-0003,2026-03,1194,22749.46,20,363.32
M-0003,2026-04,1316,23943.93,47,377.47
M-0003,2026-05,1259,22814.48,16,365.53
M-0003,2026-06,1193,22715.31,26,356.98
M-0004,2025-05,459,8218.98,4,122.87
M-0004,2025-06,707,13185.03,22,210.57
M-0004,2025-07,1245,21443.99,31,334.3
M-0004,2025-08,1298,25457.35,32,401.25
M-0004,2025-09,1539,30913.5,44,492.03
M-0004,2025-10,1898,36453.55,39,582.9
M-0004,2025-11,1948,36878.37,47,621.06
M-0004,2025-12,2615,47551.75,46,790.62
M-0004,2026-01,1470,28846.57,18,456.56
M-0004,2026-02,1785,34404.59,43,572.96
M-0004,2026-03,1990,37580.27,43,617.72
M-0004,2026-04,1749,35647.58,38,586.22
M-0004,2026-05,2344,39067.92,44,606.63
M-0004,2026-06,2020,37461.65,39,591.27
M-0005,2024-01,260,11158.11,12,217.03
M-0005,2024-02,327,13871.49,20,258.55
M-0005,2024-03,306,14689.35,12,290.69
M-0005,2024-04,332,14473.24,12,285.44
M-0005,2024-05,365,14923.58,13,288.49
M-0005,2024-06,361,15989.52,18,305.3
M-0005,2024-07,347,13544.67,16,250.81
M-0005,2024-08,352,16096.9,23,304.9
M-0005,2024-09,352,14927.63,18,283.35
M-0005,2024-10,392,16700.42,16,319.09
M-0005,2024-11,462,20156.58,19,395.69
M-0005,2024-12,510,21626.03,24,401.57
M-0005,2025-01,315,13433.96,22,244.43
M-0005,2025-02,405,17073.19,28,308.63
M-0005,2025-03,383,16688.83,21,322.24
M-0005,2025-04,381,15031.47,23,287.99
M-0005,2025-05,396,16956.52,23,309.71
M-0005,2025-06,415,16292.16,28,305.0
M-0005,2025-07,377,14543.41,15,279.71
M-0005,2025-08,455,18479.26,15,348.82
M-0005,2025-09,394,16298.8,25,297.44
M-0005,2025-10,437,17095.51,16,330.03
M-0005,2025-11,504,21846.39,20,392.88
M-0005,2025-12,593,24227.13,33,456.41
M-0005,2026-01,407,15247.22,25,279.9
M-0005,2026-02,415,18294.08,21,335.48
M-0005,2026-03,493,18094.71,19,351.1
M-0005,2026-04,432,19496.18,27,387.7
M-0005,2026-05,425,17696.7,23,319.07
M-0005,2026-06,431,17959.53,20,361.0
M-0006,2024-02,42,1250.83,0,17.33
M-0006,2024-03,71,1973.84,4,27.73
M-0006,2024-04,100,2848.16,2,38.5
M-0006,2024-05,98,3081.19,2,42.21
M-0006,2024-06,145,4245.7,2,59.94
M-0006,2024-07,182,5006.61,2,69.16
M-0006,2024-08,167,4453.7,3,63.2
M-0006,2024-09,168,4489.98,5,66.08
M-0006,2024-10,173,5200.24,3,76.08
M-0006,2024-11,188,5988.36,4,81.24
M-0006,2024-12,261,7362.97,6,100.97
M-0006,2025-01,149,4428.01,3,66.36
M-0006,2025-02,187,4741.7,3,69.03
M-0006,2025-03,156,4371.58,14,60.56
M-0006,2025-04,138,4023.69,11,55.36
M-0006,2025-05,115,3215.25,11,48.6
M-0006,2025-06,99,2769.9,11,37.72
M-0007,2024-08,41,9677.09,0,105.17
M-0007,2024-09,46,12155.77,0,140.89
M-0007,2024-10,75,17865.09,1,212.47
M-0007,2024-11,77,20267.67,3,228.06
M-0007,2024-12,117,28828.69,1,310.54
M-0007,2025-01,88,21382.64,3,224.97
M-0007,2025-02,108,26921.71,1,295.33
M-0007,2025-03,152,33345.96,7,399.69
M-0007,2025-04,117,28823.91,3,330.45
M-0007,2025-05,117,30391.24,2,330.0
M-0007,2025-06,166,43256.33,9,488.62
M-0007,2025-07,186,44563.43,6,490.11
M-0007,2025-08,163,42338.39,4,450.49
M-0007,2025-09,142,36846.29,8,394.28
M-0007,2025-10,135,33970.75,8,374.24
M-0007,2025-11,129,34144.46,3,396.75
M-0007,2025-12,129,32239.95,3,353.14
M-0007,2026-01,106,23446.43,4,264.27
M-0007,2026-02,100,25630.34,5,282.11
M-0007,2026-03,170,40156.65,8,447.28
M-0007,2026-04,142,33891.47,3,370.82
M-0007,2026-05,161,35437.05,7,389.33
M-0007,2026-06,191,47559.24,4,519.54
M-0008,2024-01,722,19695.06,15,272.47
M-0008,2024-02,719,21220.05,21,289.49
M-0008,2024-03,763,20435.91,17,288.76
M-0008,2024-04,726,20761.2,15,291.82
M-0008,2024-05,899,24367.2,15,331.78
M-0008,2024-06,720,21060.14,16,292.95
M-0008,2024-07,850,24029.52,27,327.97
M-0008,2024-08,800,21962.34,27,302.28
M-0008,2024-09,800,22628.79,18,318.83
M-0008,2024-10,867,25039.52,27,349.22
M-0008,2024-11,1156,28908.72,24,400.02
M-0008,2024-12,1193,33050.64,34,445.07
M-0008,2025-01,671,18936.27,14,260.54
M-0008,2025-02,761,22594.07,20,330.77
M-0008,2025-03,865,25189.23,20,334.33
M-0008,2025-04,809,22296.75,17,313.09
M-0008,2025-05,816,21239.51,18,293.67
M-0008,2025-06,859,22851.71,18,325.59
M-0008,2025-07,951,25589.55,20,363.09
M-0008,2025-08,801,21899.65,19,309.72
M-0008,2025-09,906,26707.39,22,387.7
M-0008,2025-10,907,27244.33,21,382.41
M-0008,2025-11,1037,30175.53,21,430.69
M-0008,2025-12,1530,38129.8,36,521.6
M-0008,2026-01,766,22188.73,18,318.76
M-0008,2026-02,841,23277.71,21,316.84
M-0008,2026-03,946,25401.86,38,344.72
M-0008,2026-04,1054,28491.22,32,412.14
M-0008,2026-05,1050,28126.02,21,377.41
M-0008,2026-06,913,24719.96,35,346.85
M-0009,2024-01,1311,40043.26,44,566.85
M-0009,2024-02,1986,53460.17,49,723.69
M-0009,2024-03,1711,48645.07,41,690.34
M-0009,2024-04,1997,53278.66,45,697.58
M-0009,2024-05,1947,53690.45,55,725.59
M-0009,2024-06,2012,49880.33,49,675.99
M-0009,2024-07,2069,53481.59,54,754.3
M-0009,2024-08,1915,52423.85,56,725.96
M-0009,2024-09,2065,58157.08,55,794.26
M-0009,2024-10,1857,54954.74,52,769.69
M-0009,2024-11,2483,62429.35,56,841.81
M-0009,2024-12,2963,80284.59,54,1136.13
M-0009,2025-01,1464,43171.95,42,599.03
M-0009,2025-02,1786,50801.37,51,736.73
M-0009,2025-03,2005,57555.67,45,803.21
M-0009,2025-04,2114,58476.57,48,787.3
M-0009,2025-05,1717,53269.47,45,723.36
M-0009,2025-06,1876,57286.05,58,801.54
M-0009,2025-07,1929,55654.04,32,747.87
M-0009,2025-08,2109,62061.59,57,890.03
M-0009,2025-09,2031,56625.04,48,795.7
M-0009,2025-10,2014,57381.8,49,800.49
M-0009,2025-11,2354,70299.93,66,1048.88
M-0009,2025-12,3060,86980.65,84,1185.51
M-0009,2026-01,1719,52519.2,37,755.66
M-0009,2026-02,2336,64295.23,61,897.4
M-0009,2026-03,2148,59008.21,50,863.69
M-0009,2026-04,1959,53714.44,47,748.7
M-0009,2026-05,2040,57418.44,56,818.22
M-0009,2026-06,2137,62795.77,32,858.54
M-0010,2026-01,2179,39875.46,56,624.93
M-0010,2026-02,3704,73244.4,67,1142.89
M-0010,2026-03,6274,112643.08,141,1876.49
M-0010,2026-04,7117,126565.24,147,2189.28
M-0010,2026-05,8770,161033.6,158,2509.51
M-0010,2026-06,9854,185690.32,240,2848.07
M-0011,2025-06,2845,73220.46,65,1013.49
M-0011,2025-07,4213,125717.94,88,1667.38
M-0011,2025-08,5296,160993.56,133,2212.81
M-0011,2025-09,7619,217865.91,184,3171.14
M-0011,2025-10,8814,251141.81,199,3601.27
M-0011,2025-11,13035,403572.14,320,5667.16
M-0011,2025-12,15358,438348.73,340,6284.69
M-0011,2026-01,9488,285023.83,271,3876.44
M-0011,2026-02,11722,322596.82,224,4426.48
M-0011,2026-03,12250,330335.97,293,4384.4
M-0011,2026-04,12374,335080.53,288,4954.49
M-0011,2026-05,10697,308518.93,319,4454.35
M-0011,2026-06,13535,373320.14,310,5540.06
M-0012,2024-02,460,18140.22,25,352.99
M-0012,2024-03,912,34102.26,44,647.7
M-0012,2024-04,1038,43480.82,58,818.79
M-0012,2024-05,1350,54114.68,59,1025.31
M-0012,2024-06,1463,62901.66,75,1230.7
M-0012,2024-07,1952,75569.76,79,1465.61
M-0012,2024-08,1681,65492.57,85,1225.0
M-0012,2024-09,1867,79796.17,78,1471.22
M-0012,2024-10,2057,87627.25,68,1722.21
M-0012,2024-11,2150,93075.71,107,1848.99
M-0012,2024-12,2811,121428.68,145,2395.89
M-0012,2025-01,1717,68619.63,67,1276.89
M-0012,2025-02,1891,85120.76,64,1582.87
M-0012,2025-03,1943,79395.0,56,1444.49
M-0012,2025-04,1952,82657.84,77,1555.75
M-0012,2025-05,1986,76414.86,82,1454.61
M-0012,2025-06,1828,82161.69,91,1523.31
M-0012,2025-07,2285,90544.05,107,1668.97
M-0012,2025-08,2309,91668.89,99,1642.11
M-0012,2025-09,2192,89410.09,106,1706.58
M-0012,2025-10,2393,90317.21,111,1766.52
M-0012,2025-11,2820,117772.02,106,2228.93
M-0012,2025-12,2724,114947.7,136,2307.61
M-0012,2026-01,1765,71138.5,56,1365.1
M-0012,2026-02,1967,87049.49,97,1686.0
M-0012,2026-03,2407,95816.99,130,1808.82
M-0012,2026-04,2172,86949.59,78,1684.26
M-0012,2026-05,2385,99794.4,110,1877.87
M-0012,2026-06,2121,87917.76,110,1661.82
M-0013,2025-05,1519,44132.8,45,586.48
M-0013,2025-06,2563,72400.64,56,1037.42
M-0013,2025-07,3477,103869.33,71,1461.81
M-0013,2025-08,5776,132129.33,136,1863.36
M-0013,2025-09,6276,172328.85,161,2372.85
M-0013,2025-10,6225,184673.81,136,2566.04
M-0013,2025-11,8453,242179.47,206,3360.9
M-0013,2025-12,10670,306738.67,267,4344.97
M-0013,2026-01,6613,172073.94,172,2437.35
M-0013,2026-02,7494,194730.14,161,2799.74
M-0013,2026-03,7284,212929.4,242,2672.32
M-0013,2026-04,6594,193583.65,169,2827.87
M-0013,2026-05,7269,189426.05,189,2755.14
M-0013,2026-06,7548,213180.66,165,2967.69
M-0014,2025-07,337,14800.18,14,278.73
M-0014,2025-08,526,22992.24,23,440.72
M-0014,2025-09,713,31327.2,27,607.34
M-0014,2025-10,1054,42196.6,29,773.3
M-0014,2025-11,1536,65769.66,79,1221.46
M-0014,2025-12,2054,86489.71,111,1651.57
M-0014,2026-01,1293,52247.34,71,983.69
M-0014,2026-02,1691,61929.31,65,1225.54
M-0014,2026-03,1450,60256.01,63,1125.63
M-0014,2026-04,1480,61483.09,68,1192.94
M-0014,2026-05,1431,63185.79,73,1196.29
M-0014,2026-06,1492,63640.56,63,1209.34
M-0015,2025-12,2286,45334.49,43,766.08
M-0015,2026-01,2301,44684.88,60,697.23
M-0015,2026-02,4521,79675.31,107,1272.09
M-0015,2026-03,5999,109525.71,122,1721.59
M-0015,2026-04,7277,138386.1,151,2243.65
M-0015,2026-05,8663,165873.63,196,2734.82
M-0015,2026-06,8346,165538.24,197,2646.5
M-0016,2024-01,195,5493.57,5,76.45
M-0016,2024-02,245,7046.61,10,100.27
M-0016,2024-03,276,7321.3,9,102.7
M-0016,2024-04,296,7402.88,9,108.84
M-0016,2024-05,248,6748.28,8,95.71
M-0016,2024-06,264,7595.63,11,108.6
M-0016,2024-07,243,7506.39,6,103.17
M-0016,2024-08,305,7964.26,5,109.76
M-0016,2024-09,289,7902.0,6,112.62
M-0016,2024-10,277,7415.14,7,105.23
M-0016,2024-11,344,9702.88,14,138.72
M-0016,2024-12,356,10440.94,20,143.57
M-0016,2025-01,214,5908.67,11,80.85
M-0016,2025-02,171,5181.08,9,71.97
M-0016,2025-03,158,4525.43,7,63.91
M-0017,2025-02,265,10489.46,13,196.84
M-0017,2025-03,328,14506.4,8,282.23
M-0017,2025-04,517,21682.04,24,402.77
M-0017,2025-05,600,25715.96,27,485.92
M-0017,2025-06,743,30579.36,39,584.89
M-0017,2025-07,1002,39532.73,40,769.15
M-0017,2025-08,837,36954.28,33,689.31
M-0017,2025-09,907,39695.14,34,750.61
M-0017,2025-10,866,36458.81,39,663.23
M-0017,2025-11,1151,49056.48,56,889.91
M-0017,2025-12,1256,58371.41,58,1135.87
M-0017,2026-01,679,32278.44,27,626.44
M-0017,2026-02,978,41687.9,53,827.12
M-0017,2026-03,989,41892.57,43,808.02
M-0017,2026-04,993,42804.52,49,836.64
M-0017,2026-05,995,42847.28,37,827.48
M-0017,2026-06,841,40891.44,55,756.06
M-0018,2024-01,603,24659.49,20,459.26
M-0018,2024-02,769,30035.74,32,571.7
M-0018,2024-03,788,32547.31,44,660.75
M-0018,2024-04,837,33121.93,35,630.74
M-0018,2024-05,759,30234.83,49,559.86
M-0018,2024-06,701,32274.82,30,649.83
M-0018,2024-07,749,29575.3,27,581.89
M-0018,2024-08,709,30379.27,32,605.23
M-0018,2024-09,834,33245.5,37,610.22
M-0018,2024-10,760,31393.76,50,604.75
M-0018,2024-11,1057,40956.1,39,791.05
M-0018,2024-12,1213,48401.09,52,893.3
M-0018,2025-01,688,27117.42,28,513.68
M-0018,2025-02,782,33701.11,26,641.1
M-0018,2025-03,844,37546.72,34,695.78
M-0018,2025-04,919,38118.39,37,725.36
M-0018,2025-05,837,33914.49,53,653.69
M-0018,2025-06,899,38206.63,35,710.36
M-0018,2025-07,918,37184.23,30,727.42
M-0018,2025-08,757,33444.14,32,651.23
M-0018,2025-09,1059,38705.8,42,732.18
M-0018,2025-10,854,34172.63,45,633.02
M-0018,2025-11,1096,42257.67,49,824.19
M-0018,2025-12,1306,51209.47,42,966.7
M-0018,2026-01,749,33167.77,26,592.22
M-0018,2026-02,756,33976.3,44,637.65
M-0018,2026-03,823,36294.33,26,682.8
M-0018,2026-04,960,38667.82,28,734.92
M-0018,2026-05,981,41060.95,40,796.1
M-0018,2026-06,868,36124.59,32,722.85
M-0019,2026-05,127,5194.95,7,99.16
M-0019,2026-06,190,7974.0,8,153.33
M-0020,2024-01,3141,61921.75,55,970.15
M-0020,2024-02,3903,83799.5,58,1403.43
M-0020,2024-03,4425,85582.74,84,1323.32
M-0020,2024-04,4482,80427.8,128,1235.04
M-0020,2024-05,5021,88184.13,133,1383.11
M-0020,2024-06,4190,83467.67,86,1313.79
M-0020,2024-07,4777,93392.33,100,1484.82
M-0020,2024-08,4660,95027.48,129,1489.07
M-0020,2024-09,4902,92076.06,102,1460.85
M-0020,2024-10,4207,83402.44,63,1304.66
M-0020,2024-11,4745,90233.52,123,1379.79
M-0020,2024-12,6312,119826.26,128,1951.49
M-0020,2025-01,3558,70880.92,83,1169.97
M-0020,2025-02,4694,91283.89,110,1540.49
M-0020,2025-03,4687,90614.17,92,1350.22
M-0020,2025-04,4290,81324.23,110,1296.39
M-0020,2025-05,4813,89246.72,79,1355.68
M-0020,2025-06,4780,92931.52,121,1451.87
M-0020,2025-07,5226,98759.89,87,1579.09
M-0020,2025-08,5435,107898.79,107,1766.56
M-0020,2025-09,4539,85823.96,81,1430.55
M-0020,2025-10,3779,80057.51,102,1235.27
M-0020,2025-11,4896,95638.14,102,1510.85
M-0020,2025-12,7068,129843.86,163,2004.43
M-0020,2026-01,4784,84617.71,108,1374.53
M-0020,2026-02,5079,97339.71,108,1652.43
M-0020,2026-03,4380,85032.23,93,1448.63
M-0020,2026-04,4961,96797.63,135,1578.27
M-0020,2026-05,5583,106860.03,123,1751.67
M-0020,2026-06,4895,94546.98,112,1469.37
M-0021,2025-02,135,12047.46,5,153.57
M-0021,2025-03,220,19649.53,5,232.26
M-0021,2025-04,264,22723.05,7,261.39
M-0021,2025-05,444,39113.79,6,471.32
M-0021,2025-06,492,42076.34,9,519.26
M-0021,2025-07,594,53071.75,10,636.44
M-0021,2025-08,519,47172.5,7,567.8
M-0021,2025-09,592,50416.75,7,592.31
M-0021,2025-10,715,58957.07,21,692.08
M-0021,2025-11,652,54869.74,13,652.41
M-0021,2025-12,571,49494.95,13,580.47
M-0021,2026-01,631,53002.28,11,617.92
M-0021,2026-02,640,54196.49,17,669.73
M-0021,2026-03,659,55353.46,7,682.57
M-0021,2026-04,637,53287.2,21,620.24
M-0021,2026-05,566,51938.23,26,639.43
M-0021,2026-06,582,48024.26,16,578.53
M-0022,2024-01,263,7763.0,8,115.11
M-0022,2024-02,347,9614.11,10,136.28
M-0022,2024-03,342,9874.92,7,137.33
M-0022,2024-04,339,9098.36,13,127.26
M-0022,2024-05,377,11023.1,4,155.29
M-0022,2024-06,388,10497.63,8,158.52
M-0022,2024-07,374,10127.7,15,146.84
M-0022,2024-08,336,10301.5,8,140.38
M-0022,2024-09,385,11000.7,5,153.91
M-0022,2024-10,401,11424.55,10,164.26
M-0022,2024-11,443,13505.21,10,188.58
M-0022,2024-12,549,14577.12,5,205.67
M-0022,2025-01,275,7963.39,5,108.3
M-0022,2025-02,440,11587.92,11,162.17
M-0022,2025-03,406,11494.36,11,157.76
M-0022,2025-04,405,10351.58,9,147.73
M-0022,2025-05,409,10929.35,7,150.09
M-0022,2025-06,434,11887.6,10,164.81
M-0022,2025-07,446,12221.09,8,167.12
M-0022,2025-08,375,10660.07,5,148.9
M-0022,2025-09,405,11104.23,10,161.27
M-0022,2025-10,487,12453.83,9,177.56
M-0022,2025-11,554,14474.19,20,198.83
M-0022,2025-12,619,18248.48,9,244.68
M-0022,2026-01,350,9324.38,10,135.78
M-0022,2026-02,432,12040.97,13,175.93
M-0022,2026-03,443,12168.04,14,166.41
M-0022,2026-04,399,11230.73,12,155.4
M-0022,2026-05,496,13273.9,15,181.94
M-0022,2026-06,391,11915.93,18,166.73
M-0023,2024-03,358,85170.14,7,820.33
M-0023,2024-04,554,133197.68,19,1239.01
M-0023,2024-05,831,201298.24,29,1825.5
M-0023,2024-06,1242,300959.33,33,2665.32
M-0023,2024-07,1994,476250.32,74,4309.41
M-0023,2024-08,2089,474628.78,67,4448.57
M-0023,2024-09,1370,330750.19,46,3133.86
M-0023,2024-10,1566,383723.43,68,3498.98
M-0023,2024-11,1680,395548.27,62,3838.49
M-0023,2024-12,1578,374630.64,57,3573.78
M-0023,2025-01,1020,246579.48,42,2376.28
M-0023,2025-02,1107,262827.62,48,2526.46
M-0023,2025-03,1479,328622.14,52,2980.09
M-0023,2025-04,1510,339070.06,59,2999.13
M-0023,2025-05,1565,372252.18,56,3516.43
M-0023,2025-06,2288,554600.13,74,5413.27
M-0023,2025-07,2187,522409.07,57,4537.79
M-0023,2025-08,2369,536719.45,70,5263.65
M-0023,2025-09,1472,370581.9,37,3234.82
M-0023,2025-10,1695,429826.55,50,3964.39
M-0023,2025-11,2023,433781.22,72,4011.16
M-0023,2025-12,1545,368942.35,46,3417.52
M-0023,2026-01,1197,275710.46,49,2678.87
M-0023,2026-02,1270,313000.64,39,2971.03
M-0023,2026-03,1902,455741.1,75,4327.22
M-0023,2026-04,1891,412392.67,59,3948.81
M-0023,2026-05,1651,385776.75,70,3520.18
M-0023,2026-06,2307,528394.24,45,4993.33
M-0024,2025-06,1021,19035.23,26,307.45
M-0024,2025-07,1812,34525.86,32,580.8
M-0024,2025-08,2821,47584.83,67,711.99
M-0024,2025-09,3154,57731.71,79,944.84
M-0024,2025-10,3027,63137.05,70,1005.75
M-0024,2025-11,3949,76568.44,85,1270.85
M-0024,2025-12,6600,119287.32,123,1858.3
M-0024,2026-01,3260,62269.92,78,965.25
M-0024,2026-02,3845,73671.53,64,1144.39
M-0024,2026-03,4537,81874.96,130,1357.2
M-0024,2026-04,4593,86703.06,108,1363.27
M-0024,2026-05,4764,93847.29,119,1450.0
M-0024,2026-06,4380,86027.68,95,1382.81
M-0025,2026-05,288,5214.55,4,78.17
M-0025,2026-06,465,8702.1,12,139.16
M-0026,2025-10,618,17843.75,14,247.02
M-0026,2025-11,1457,39701.13,38,558.17
M-0026,2025-12,1780,49071.69,48,675.18
M-0026,2026-01,1487,38611.58,34,526.66
M-0026,2026-02,2227,61301.91,43,880.03
M-0026,2026-03,2473,66333.91,64,960.08
M-0026,2026-04,2167,63955.97,48,916.14
M-0026,2026-05,2591,70126.97,70,1009.89
M-0026,2026-06,2624,75396.24,60,1081.99
M-0027,2024-01,1094,20503.52,18,322.76
M-0027,2024-02,1483,27304.15,37,425.3
M-0027,2024-03,1639,29770.6,48,455.83
M-0027,2024-04,1429,29184.62,25,473.99
M-0027,2024-05,1376,28397.36,55,443.03
M-0027,2024-06,1391,26670.28,18,459.57
M-0027,2024-07,1682,32865.02,34,535.2
M-0027,2024-08,1415,28170.08,38,439.12
M-0027,2024-09,1344,26711.11,25,413.0
M-0027,2024-10,1494,29916.83,36,491.32
M-0027,2024-11,1579,31172.65,36,508.4
M-0027,2024-12,1978,41935.62,52,691.22
M-0027,2025-01,1275,22964.0,26,355.61
M-0027,2025-02,1486,29790.16,22,488.7
M-0027,2025-03,1309,26354.93,25,422.53
M-0027,2025-04,1478,28523.14,19,441.2
M-0027,2025-05,1696,30619.96,34,504.45
M-0027,2025-06,1346,26294.43,28,425.55
M-0027,2025-07,2054,36952.72,42,574.77
M-0027,2025-08,1921,33975.96,44,557.45
M-0027,2025-09,1536,28387.88,28,459.18
M-0027,2025-10,1557,29869.07,41,477.09
M-0027,2025-11,1750,32849.06,39,518.53
M-0027,2025-12,2085,40723.81,40,658.56
M-0027,2026-01,1290,25805.59,31,396.91
M-0027,2026-02,1722,35002.35,40,585.77
M-0027,2026-03,1691,32235.33,41,491.16
M-0027,2026-04,1854,34419.91,33,545.13
M-0027,2026-05,1483,28943.29,28,466.36
M-0027,2026-06,1798,33923.22,30,542.36
M-0028,2024-01,2617,52707.13,83,828.14
M-0028,2024-02,3362,61381.34,78,929.68
M-0028,2024-03,3315,58679.41,61,945.03
M-0028,2024-04,3636,67348.72,102,1031.49
M-0028,2024-05,3089,60482.77,64,995.87
M-0028,2024-06,3434,69404.16,79,1121.07
M-0028,2024-07,3540,72831.02,70,1182.34
M-0028,2024-08,3936,79390.68,81,1243.96
M-0028,2024-09,3629,64968.6,99,1032.21
M-0028,2024-10,3600,69369.32,90,1075.87
M-0028,2024-11,4006,76848.27,112,1181.95
M-0028,2024-12,4911,95945.28,104,1594.45
M-0028,2025-01,2629,50968.35,43,837.8
M-0028,2025-02,3533,64846.55,88,1022.87
M-0028,2025-03,3536,67862.17,83,1115.68
M-0028,2025-04,3686,63787.3,67,1028.09
M-0028,2025-05,3941,67012.46,92,1093.82
M-0028,2025-06,3363,66976.86,67,1060.4
M-0028,2025-07,4079,83158.51,101,1232.87
M-0028,2025-08,4526,82068.38,97,1294.99
M-0028,2025-09,3848,73061.45,95,1226.17
M-0028,2025-10,4375,77333.49,96,1210.55
M-0028,2025-11,4003,77188.68,93,1229.12
M-0028,2025-12,4715,91997.31,106,1474.33
M-0028,2026-01,2972,56959.74,96,907.81
M-0028,2026-02,3473,62734.97,175,972.87
M-0028,2026-03,2560,48662.13,108,791.12
M-0028,2026-04,2121,37402.31,157,590.36
M-0029,2024-01,945,16486.09,21,261.39
M-0029,2024-02,1082,21484.49,19,348.87
M-0029,2024-03,1161,21031.92,18,339.21
M-0029,2024-04,1140,21506.58,17,346.26
M-0029,2024-05,1178,21777.63,26,353.58
M-0029,2024-06,1188,22105.68,42,345.64
M-0029,2024-07,1378,24673.5,36,405.84
M-0029,2024-08,1309,25018.49,26,395.22
M-0029,2024-09,1150,22223.42,23,333.98
M-0029,2024-10,1177,23858.69,34,384.92
M-0029,2024-11,1141,21113.96,33,351.63
M-0029,2024-12,1462,26816.49,36,426.25
M-0029,2025-01,968,19374.27,14,315.54
M-0029,2025-02,1327,23738.9,28,384.2
M-0029,2025-03,1228,24186.9,35,371.37
M-0029,2025-04,1183,21753.92,18,344.75
M-0029,2025-05,1317,25999.74,34,420.35
M-0029,2025-06,1207,24735.77,27,385.97
M-0029,2025-07,1417,27713.72,31,455.7
M-0029,2025-08,1438,27140.43,35,432.0
M-0029,2025-09,1339,26312.07,33,438.68
M-0029,2025-10,1188,22317.06,18,357.17
M-0029,2025-11,1462,25208.36,32,417.44
M-0029,2025-12,1758,32751.76,38,517.78
M-0029,2026-01,1043,20132.39,13,316.75
M-0029,2026-02,1565,26992.54,25,425.6
M-0029,2026-03,1347,25523.16,25,402.59
M-0029,2026-04,1130,23750.31,22,377.99
M-0029,2026-05,1546,28170.18,32,467.06
M-0029,2026-06,1283,24702.47,35,399.93
M-0030,2024-08,2285,43928.42,51,721.89
M-0030,2024-09,2945,56210.72,66,884.93
M-0030,2024-10,3929,72958.94,88,1154.76
M-0030,2024-11,5610,109942.26,123,1676.76
M-0030,2024-12,9085,181119.36,191,2711.63
M-0030,2025-01,5827,113853.03,159,1863.23
M-0030,2025-02,7770,148676.0,165,2475.78
M-0030,2025-03,8087,149007.21,169,2364.94
M-0030,2025-04,7825,144419.72,97,2365.84
M-0030,2025-05,8161,161678.64,131,2493.39
M-0030,2025-06,7200,142821.48,131,2219.9
M-0030,2025-07,9250,183337.22,197,2889.03
M-0030,2025-08,9090,175085.27,203,2804.41
M-0030,2025-09,9514,173011.28,171,2809.77
M-0030,2025-10,7913,159807.66,183,2554.66
M-0030,2025-11,8712,163500.46,199,2474.44
M-0030,2025-12,11365,220680.72,227,3423.99
M-0030,2026-01,6667,123525.98,166,1980.06
M-0030,2026-02,8079,149366.6,155,2374.45
M-0030,2026-03,9037,175976.77,208,2787.22
M-0030,2026-04,8908,172171.6,192,2746.4
M-0030,2026-05,9083,168895.64,211,2659.93
M-0030,2026-06,8340,169889.14,234,2635.52
M-0031,2026-03,24,5845.33,0,64.18
M-0031,2026-04,35,9020.45,3,94.16
M-0031,2026-05,51,11905.48,1,132.35
M-0031,2026-06,88,20325.43,6,213.85
M-0032,2025-01,122,4802.98,7,94.75
M-0032,2025-02,234,9503.39,9,183.85
M-0032,2025-03,300,13323.64,13,255.24
M-0032,2025-04,430,17019.56,16,324.86
M-0032,2025-05,497,19825.54,33,379.24
M-0032,2025-06,566,21908.93,16,413.96
M-0032,2025-07,584,25470.89,31,491.7
M-0032,2025-08,599,24481.46,30,475.37
M-0032,2025-09,588,25725.39,26,486.61
M-0032,2025-10,587,23778.82,26,458.07
M-0032,2025-11,779,30672.41,27,587.14
M-0032,2025-12,938,40331.72,50,774.32
M-0032,2026-01,548,23198.28,16,421.37
M-0032,2026-02,709,27300.79,31,542.01
M-0032,2026-03,742,28302.91,39,560.62
M-0032,2026-04,577,26689.09,30,524.4
M-0032,2026-05,709,30164.31,37,580.97
M-0032,2026-06,644,27797.41,36,522.92
M-0033,2024-05,115,26612.98,6,292.61
M-0033,2024-06,212,53422.13,4,577.07
M-0033,2024-07,380,86220.53,14,1014.97
M-0033,2024-08,497,110016.56,24,1165.09
M-0033,2024-09,416,99953.76,15,1078.3
M-0033,2024-10,462,102891.02,21,1119.69
M-0033,2024-11,434,109318.55,8,1207.49
M-0033,2024-12,530,115247.44,19,1230.0
M-0033,2025-01,320,75176.11,15,852.78
M-0033,2025-02,286,75419.68,10,864.15
M-0033,2025-03,525,118592.46,22,1339.74
M-0033,2025-04,468,113579.83,11,1234.05
M-0033,2025-05,552,131433.38,18,1420.44
M-0033,2025-06,595,149282.71,13,1754.48
M-0033,2025-07,826,179973.16,25,1954.7
M-0033,2025-08,654,163994.89,21,1768.03
M-0033,2025-09,495,124344.92,19,1436.15
M-0033,2025-10,525,122828.19,12,1316.12
M-0033,2025-11,580,133266.56,12,1374.72
M-0033,2025-12,502,124490.68,15,1404.65
M-0033,2026-01,400,99435.75,17,1027.64
M-0033,2026-02,414,100090.46,16,1089.54
M-0033,2026-03,574,136078.08,29,1551.76
M-0033,2026-04,561,135534.41,22,1491.96
M-0033,2026-05,584,135922.05,12,1491.5
M-0033,2026-06,677,176387.05,20,1911.04
M-0034,2025-12,410,11795.8,8,163.44
M-0034,2026-01,432,12258.3,10,162.73
M-0034,2026-02,631,17246.04,18,223.78
M-0034,2026-03,718,21428.58,9,294.9
M-0034,2026-04,960,26283.31,25,344.93
M-0034,2026-05,1245,35739.61,35,506.02
M-0034,2026-06,1217,33157.19,24,463.59
M-0035,2024-01,292,12101.32,18,226.68
M-0035,2024-02,270,11648.09,9,226.15
M-0035,2024-03,293,12193.67,11,223.7
M-0035,2024-04,304,12810.48,8,248.5
M-0035,2024-05,328,12842.14,9,254.93
M-0035,2024-06,318,13991.36,12,273.56
M-0035,2024-07,303,13106.77,11,251.13
M-0035,2024-08,286,12653.58,15,238.78
M-0035,2024-09,329,13855.41,15,271.27
M-0035,2024-10,289,12368.44,15,245.56
M-0035,2024-11,453,18456.88,16,335.42
M-0035,2024-12,487,20786.93,19,387.75
M-0035,2025-01,291,12223.58,9,241.17
M-0035,2025-02,307,13790.44,15,249.85
M-0035,2025-03,313,13932.61,12,269.48
M-0035,2025-04,330,14153.98,24,265.85
M-0035,2025-05,390,15457.55,20,281.45
M-0035,2025-06,357,13978.7,14,257.4
M-0035,2025-07,367,15235.64,27,296.1
M-0035,2025-08,300,13063.26,10,255.15
M-0035,2025-09,362,14806.66,15,274.45
M-0035,2025-10,367,14480.75,12,278.53
M-0035,2025-11,435,17716.97,16,324.32
M-0035,2025-12,561,22052.62,16,429.77
M-0035,2026-01,280,12245.21,16,228.55
M-0035,2026-02,363,16101.79,18,300.22
M-0035,2026-03,400,15624.55,19,305.17
M-0035,2026-04,337,14343.06,22,276.58
M-0035,2026-05,400,16451.41,24,309.86
M-0035,2026-06,449,17951.92,20,333.41
M-0036,2024-07,144,4496.93,3,64.83
M-0036,2024-08,268,7438.04,7,104.17
M-0036,2024-09,357,10655.42,5,155.75
M-0036,2024-10,459,13208.32,10,185.02
M-0036,2024-11,647,18731.56,14,246.15
M-0036,2024-12,1023,26807.27,31,398.82
M-0036,2025-01,580,17401.32,11,249.07
M-0036,2025-02,705,18867.38,18,269.71
M-0036,2025-03,632,17397.6,31,245.38
M-0036,2025-04,589,15814.58,36,226.22
M-0036,2025-05,406,12587.66,32,175.26
M-0036,2025-06,317,9180.86,31,128.45
M-0037,2024-06,357,9150.44,14,127.06
M-0037,2024-07,540,14624.9,19,215.72
M-0037,2024-08,795,22310.87,19,319.54
M-0037,2024-09,1062,29405.11,33,368.12
M-0037,2024-10,1064,30740.25,19,444.92
M-0037,2024-11,1786,53581.64,44,752.7
M-0037,2024-12,1935,56308.16,59,809.02
M-0037,2025-01,1212,33547.24,30,480.2
M-0037,2025-02,1423,40710.43,45,564.79
M-0037,2025-03,1450,42170.21,36,576.64
M-0037,2025-04,1395,40861.23,41,572.45
M-0037,2025-05,1624,46173.51,31,606.8
M-0037,2025-06,1546,43046.47,46,610.52
M-0037,2025-07,1506,42703.92,29,575.28
M-0037,2025-08,1648,46114.55,34,646.04
M-0037,2025-09,1477,43286.39,22,571.12
M-0037,2025-10,1464,40694.64,44,531.86
M-0037,2025-11,1852,53276.83,43,781.88
M-0037,2025-12,2503,61758.91,49,836.29
M-0037,2026-01,1340,40907.06,28,568.63
M-0037,2026-02,1656,49089.9,44,697.72
M-0037,2026-03,1485,43599.3,39,620.73
M-0037,2026-04,1619,44837.3,36,636.04
M-0037,2026-05,1948,50171.35,57,696.5
M-0037,2026-06,1728,49424.7,54,686.8
M-0038,2026-04,696,13521.35,14,216.83
M-0038,2026-05,1216,22232.82,18,353.68
M-0038,2026-06,1628,29620.29,39,450.77
M-0039,2024-01,728,33207.05,32,623.77
M-0039,2024-02,943,39549.0,47,770.62
M-0039,2024-03,929,42349.09,34,784.21
M-0039,2024-04,1025,41947.38,56,791.71
M-0039,2024-05,918,40778.88,44,809.41
M-0039,2024-06,939,37627.64,56,729.36
M-0039,2024-07,868,38394.38,39,736.59
M-0039,2024-08,860,36782.38,40,683.18
M-0039,2024-09,951,40131.2,47,792.81
M-0039,2024-10,879,40145.05,33,799.79
M-0039,2024-11,1211,51142.43,52,958.73
M-0039,2024-12,1528,56753.26,91,1085.7
M-0039,2025-01,807,34091.64,30,657.28
M-0039,2025-02,1184,46803.6,50,851.22
M-0039,2025-03,1101,47145.24,44,904.34
M-0039,2025-04,1147,43144.99,55,766.56
M-0039,2025-05,968,41803.65,44,771.85
M-0039,2025-06,1097,50624.32,60,934.79
M-0039,2025-07,1205,46628.55,70,846.42
M-0039,2025-08,1113,43432.41,51,793.04
M-0039,2025-09,1065,44252.45,39,835.86
M-0039,2025-10,1253,51636.45,74,957.9
M-0039,2025-11,1468,59522.9,61,1208.63
M-0039,2025-12,1737,74105.2,89,1451.26
M-0039,2026-01,987,42369.87,44,777.62
M-0039,2026-02,1247,48839.13,58,917.48
M-0039,2026-03,1058,46660.28,53,895.76
M-0039,2026-04,953,42378.92,54,817.15
M-0039,2026-05,1263,50883.06,63,945.61
M-0039,2026-06,1137,48588.88,50,947.63
M-0040,2024-01,334,28590.19,8,341.43
M-0040,2024-02,366,31196.84,13,372.97
M-0040,2024-03,334,27134.52,3,325.76
M-0040,2024-04,414,29762.74,15,337.85
M-0040,2024-05,342,29302.46,9,333.61
M-0040,2024-06,384,29579.03,6,355.31
M-0040,2024-07,289,28578.64,5,324.42
M-0040,2024-08,336,28054.62,5,326.08
M-0040,2024-09,390,30925.21,5,366.82
M-0040,2024-10,379,31728.89,2,383.2
M-0040,2024-11,392,34155.83,8,398.15
M-0040,2024-12,373,31024.89,8,383.79
M-0040,2025-01,384,33018.96,8,383.11
M-0040,2025-02,368,31584.33,9,380.98
M-0040,2025-03,390,32839.49,6,393.42
M-0040,2025-04,385,30903.12,10,389.78
M-0040,2025-05,434,35188.3,10,413.2
M-0040,2025-06,398,32076.41,7,388.16
M-0040,2025-07,370,32140.28,4,397.78
M-0040,2025-08,423,35097.52,4,406.24
M-0040,2025-09,365,30746.75,7,363.0
M-0040,2025-10,422,34255.31,8,427.31
M-0040,2025-11,349,30229.78,6,360.01
M-0040,2025-12,442,32840.68,13,379.59
M-0040,2026-01,464,36094.51,4,442.33
M-0040,2026-02,389,33790.95,12,407.35
M-0040,2026-03,427,35677.06,4,431.42
M-0040,2026-04,384,34220.17,6,421.36
M-0040,2026-05,385,31805.79,5,371.91
M-0040,2026-06,463,37981.19,8,455.96
M-0041,2025-12,289,22835.83,5,271.93
M-0041,2026-01,429,37898.38,8,450.11
M-0041,2026-02,590,50778.79,10,604.58
M-0041,2026-03,788,72114.64,18,837.93
M-0041,2026-04,1021,79279.72,18,976.18
M-0041,2026-05,1300,109213.34,29,1349.38
M-0041,2026-06,1146,100834.25,14,1142.13
M-0042,2024-01,1654,45417.15,39,665.14
M-0042,2024-02,2904,78664.64,55,1077.51
M-0042,2024-03,2750,81108.52,88,1156.49
M-0042,2024-04,3902,106574.29,114,1485.6
M-0042,2024-05,5489,136418.2,129,1971.86
M-0042,2024-06,4245,120696.14,89,1628.23
M-0042,2024-07,5166,141295.1,113,2028.74
M-0042,2024-08,4489,130072.53,119,1800.07
M-0042,2024-09,5196,131456.21,138,1840.7
M-0042,2024-10,4768,132958.2,139,1941.97
M-0042,2024-11,5199,149171.41,115,2031.09
M-0042,2024-12,6862,191144.06,222,2676.7
M-0042,2025-01,3478,101380.52,145,1379.33
M-0042,2025-02,4310,120684.21,264,1660.49
M-0042,2025-03,3776,102902.12,184,1511.14
M-0042,2025-04,2206,64436.87,190,953.13
M-0043,2024-01,3928,95614.88,103,1326.22
M-0043,2024-02,3778,104674.52,127,1451.57
M-0043,2024-03,3574,103959.17,77,1449.63
M-0043,2024-04,3708,109814.81,109,1552.16
M-0043,2024-05,4313,120440.21,126,1612.91
M-0043,2024-06,3903,112098.79,102,1545.23
M-0043,2024-07,4028,112463.7,109,1537.35
M-0043,2024-08,4225,119787.29,123,1695.31
M-0043,2024-09,4040,116304.92,87,1555.1
M-0043,2024-10,4626,122007.79,137,1674.78
M-0043,2024-11,5618,159788.39,134,2304.25
M-0043,2024-12,6204,164374.02,146,2234.38
M-0043,2025-01,3141,94887.23,66,1360.0
M-0043,2025-02,4417,121308.73,95,1593.41
M-0043,2025-03,4636,131543.69,120,1786.3
M-0043,2025-04,4245,115145.17,103,1613.1
M-0043,2025-05,3726,103714.79,100,1473.28
M-0043,2025-06,4227,116366.51,127,1607.11
M-0043,2025-07,3964,117493.37,114,1688.25
M-0043,2025-08,4405,124232.36,107,1726.9
M-0043,2025-09,4219,119592.14,97,1689.12
M-0043,2025-10,3949,111366.38,92,1576.33
M-0043,2025-11,5582,150124.27,138,2106.48
M-0043,2025-12,6590,181440.8,183,2504.81
M-0043,2026-01,3178,95875.3,83,1302.73
M-0043,2026-02,4744,138160.28,104,1993.85
M-0043,2026-03,4483,128369.96,107,1716.84
M-0043,2026-04,4427,124056.05,88,1743.48
M-0043,2026-05,4141,113017.44,81,1589.56
M-0043,2026-06,4910,131967.18,146,1881.59
M-0044,2024-01,703,29791.58,47,548.58
M-0044,2024-02,1318,52578.76,52,987.93
M-0044,2024-03,1512,63917.09,65,1248.61
M-0044,2024-04,1919,82073.96,108,1640.56
M-0044,2024-05,2212,96866.25,118,1858.48
M-0044,2024-06,2130,95573.0,117,1842.35
M-0044,2024-07,2388,98118.73,75,1970.09
M-0044,2024-08,2287,101549.8,118,1969.59
M-0044,2024-09,2372,97362.24,111,1781.36
M-0044,2024-10,2281,96314.66,149,1797.49
M-0044,2024-11,2905,108484.93,173,2152.56
M-0044,2024-12,2405,110361.68,269,2136.05
M-0044,2025-01,1268,52100.11,162,1058.68
M-0044,2025-02,1184,48100.13,162,902.9
M-0045,2024-07,86,3514.82,3,70.97
M-0045,2024-08,150,6500.01,7,118.65
M-0045,2024-09,204,8476.58,3,162.73
M-0045,2024-10,296,11610.29,10,218.11
M-0045,2024-11,440,17843.2,27,337.77
M-0045,2024-12,530,22416.05,19,431.15
M-0045,2025-01,326,12551.92,21,231.38
M-0045,2025-02,386,15782.52,17,284.22
M-0045,2025-03,418,17855.59,14,338.53
M-0045,2025-04,378,16847.08,11,323.41
M-0045,2025-05,363,16187.65,19,306.67
M-0045,2025-06,426,16156.74,18,299.49
M-0045,2025-07,427,16477.52,16,296.08
M-0045,2025-08,377,15888.05,16,300.92
M-0045,2025-09,484,19146.21,19,356.96
M-0045,2025-10,420,16927.65,16,322.37
M-0045,2025-11,507,21122.81,19,407.5
M-0045,2025-12,629,26903.31,14,541.95
M-0045,2026-01,344,14922.3,17,268.58
M-0045,2026-02,381,17011.11,19,313.39
M-0045,2026-03,488,20491.3,14,405.15
M-0045,2026-04,436,18430.75,19,352.42
M-0045,2026-05,364,16051.02,25,305.22
M-0045,2026-06,431,18570.23,26,347.88
M-0046,2024-02,1309,55325.14,56,1067.42
M-0046,2024-03,2232,87935.6,136,1728.68
M-0046,2024-04,3071,136234.57,109,2598.59
M-0046,2024-05,4340,184878.01,203,3529.22
M-0046,2024-06,5641,236452.97,286,4495.99
M-0046,2024-07,5793,255623.99,202,4698.34
M-0046,2024-08,6341,258549.57,337,4855.13
M-0046,2024-09,6023,246732.43,273,4611.68
M-0046,2024-10,5717,252328.22,263,4328.22
M-0046,2024-11,7221,307316.78,330,5902.5
M-0046,2024-12,8891,368066.28,405,6910.63
M-0046,2025-01,4937,206825.59,193,3952.34
M-0046,2025-02,7238,286844.41,307,5462.23
M-0046,2025-03,6467,268201.59,270,4953.61
M-0046,2025-04,6837,297666.88,289,5727.82
M-0046,2025-05,6604,291836.52,328,5440.96
M-0046,2025-06,6972,296482.78,312,5396.35
M-0046,2025-07,6587,256166.09,337,4914.37
M-0046,2025-08,6795,282494.44,295,5548.42
M-0046,2025-09,7051,302690.6,382,5875.11
M-0046,2025-10,6843,300127.84,330,5896.26
M-0046,2025-11,8907,366711.06,348,6803.05
M-0046,2025-12,9743,410022.64,382,7994.66
M-0046,2026-01,5927,251249.71,276,4428.71
M-0046,2026-02,6555,291961.21,334,5703.53
M-0046,2026-03,6991,289506.68,242,5536.7
M-0046,2026-04,7157,285377.61,313,5399.67
M-0046,2026-05,7449,318888.73,297,6296.9
M-0046,2026-06,8326,325966.24,304,6127.98
M-0047,2024-01,206,17695.13,3,210.78
M-0047,2024-02,207,19226.03,1,225.72
M-0047,2024-03,245,18861.19,4,217.68
M-0047,2024-04,213,17397.22,8,206.85
M-0047,2024-05,256,20579.29,3,240.77
M-0047,2024-06,209,18735.54,3,226.16
M-0047,2024-07,220,19102.53,3,235.08
M-0047,2024-08,223,18272.03,1,203.32
M-0047,2024-09,223,18494.9,7,234.03
M-0047,2024-10,228,20773.99,2,241.29
M-0047,2024-11,266,22435.36,5,270.32
M-0047,2024-12,199,17956.57,3,214.13
M-0047,2025-01,240,21457.32,2,259.57
M-0047,2025-02,233,19833.44,6,234.3
M-0047,2025-03,255,20478.12,2,240.98
M-0047,2025-04,234,20040.49,1,240.93
M-0047,2025-05,219,18603.31,3,217.16
M-0047,2025-06,236,18946.08,8,224.25
M-0047,2025-07,218,19053.02,3,234.14
M-0047,2025-08,266,23007.91,6,277.16
M-0047,2025-09,218,20454.58,2,247.46
M-0047,2025-10,266,21612.78,7,255.87
M-0047,2025-11,238,19849.46,5,243.13
M-0047,2025-12,242,20020.53,9,240.76
M-0047,2026-01,267,21854.48,11,263.61
M-0047,2026-02,273,22682.66,7,258.96
M-0047,2026-03,230,18971.95,3,215.48
M-0047,2026-04,292,22755.11,5,274.36
M-0047,2026-05,266,21797.39,6,249.39
M-0047,2026-06,252,20638.98,5,235.63
M-0048,2024-01,124,5390.16,3,103.38
M-0048,2024-02,178,7565.44,6,142.25
M-0048,2024-03,163,6616.51,5,123.5
M-0048,2024-04,159,6156.95,14,122.79
M-0048,2024-05,179,7292.69,13,139.13
M-0048,2024-06,161,7124.23,8,135.61
M-0048,2024-07,144,6226.5,5,116.55
M-0048,2024-08,164,7332.78,5,141.48
M-0048,2024-09,185,7271.36,9,133.54
M-0048,2024-10,166,6841.41,7,126.41
M-0048,2024-11,214,9121.17,19,176.4
M-0048,2024-12,234,10514.75,16,210.65
M-0048,2025-01,142,5956.57,7,113.31
M-0048,2025-02,169,7488.07,7,144.14
M-0048,2025-03,193,7727.47,8,149.87
M-0048,2025-04,199,7816.98,11,141.39
M-0048,2025-05,198,7591.0,8,143.17
M-0048,2025-06,198,8232.85,9,161.04
M-0048,2025-07,163,7400.01,10,140.26
M-0048,2025-08,186,7566.29,8,148.91
M-0048,2025-09,180,7588.6,4,141.19
M-0048,2025-10,196,8401.12,13,163.07
M-0048,2025-11,189,8531.68,8,155.15
M-0048,2025-12,248,10378.7,10,199.29
M-0048,2026-01,150,6577.19,7,121.01
M-0048,2026-02,184,7432.34,7,139.85
M-0048,2026-03,213,8669.38,8,159.04
M-0048,2026-04,218,8561.55,14,164.04
M-0048,2026-05,202,8509.76,10,159.98
M-0048,2026-06,211,8789.49,14,168.98
M-0049,2025-10,78,6421.86,2,79.16
M-0049,2025-11,106,9298.72,5,114.62
M-0049,2025-12,163,13534.77,2,157.57
M-0049,2026-01,186,16692.68,1,199.71
M-0049,2026-02,237,20398.24,6,250.36
M-0049,2026-03,275,25176.79,3,317.27
M-0049,2026-04,316,27029.86,12,330.76
M-0049,2026-05,301,25595.02,6,297.5
M-0049,2026-06,320,26765.75,8,334.02
M-0050,2025-07,69,2763.26,5,52.84
M-0050,2025-08,109,4561.54,5,85.8
M-0050,2025-09,161,6337.39,7,122.41
M-0050,2025-10,187,7953.98,9,149.89
M-0050,2025-11,323,12922.72,14,248.53
M-0050,2025-12,466,18736.43,20,363.64
M-0050,2026-01,237,10358.69,17,190.43
M-0050,2026-02,307,12748.86,19,247.88
M-0050,2026-03,274,11656.15,22,226.94
M-0050,2026-04,292,12451.27,12,236.6
M-0050,2026-05,301,12339.59,11,224.57
M-0050,2026-06,315,13526.98,11,255.75
M-0051,2025-08,158,6789.95,6,135.14
M-0051,2025-09,275,10968.76,11,200.6
M-0051,2025-10,399,16653.75,25,296.18
M-0051,2025-11,589,24949.24,20,462.83
M-0051,2025-12,937,38294.24,46,723.01
M-0051,2026-01,662,28381.01,33,551.67
M-0051,2026-02,802,30674.98,38,578.17
M-0051,2026-03,821,31259.64,23,583.3
M-0051,2026-04,729,29707.17,34,554.04
M-0051,2026-05,710,29098.3,34,540.49
M-0051,2026-06,807,32540.68,40,629.71
M-0052,2026-02,75,6353.21,0,71.45
M-0052,2026-03,117,10623.4,4,133.76
M-0052,2026-04,175,15652.56,2,191.13
M-0052,2026-05,208,18133.88,6,217.33
M-0052,2026-06,334,26592.39,8,309.93
M-0053,2024-01,2978,83054.93,74,1171.15
M-0053,2024-02,3528,99335.96,97,1410.79
M-0053,2024-03,3037,92335.56,76,1343.92
M-0053,2024-04,3575,98951.76,53,1389.88
M-0053,2024-05,3181,89800.2,62,1185.45
M-0053,2024-06,3201,90698.05,80,1316.18
M-0053,2024-07,3902,105818.46,106,1484.75
M-0053,2024-08,3934,110789.17,116,1603.66
M-0053,2024-09,4039,110105.77,91,1479.69
M-0053,2024-10,3563,95177.72,113,1333.65
M-0053,2024-11,4145,118962.23,161,1708.67
M-0053,2024-12,4042,125431.19,202,1743.47
M-0053,2025-01,2411,73498.06,176,1033.91
M-0053,2025-02,2136,55337.23,181,787.01
M-0054,2024-08,426,8052.23,6,131.44
M-0054,2024-09,711,12567.13,17,202.92
M-0054,2024-10,853,15665.29,16,252.58
M-0054,2024-11,1268,23058.85,24,369.4
M-0054,2024-12,2250,42688.46,35,675.12
M-0054,2025-01,1224,21979.63,33,351.4
M-0054,2025-02,1533,30352.38,34,492.57
M-0054,2025-03,1673,32001.25,35,509.62
M-0054,2025-04,1833,33415.11,39,553.67
M-0054,2025-05,1540,28910.2,39,493.29
M-0054,2025-06,1862,34521.21,39,587.53
M-0054,2025-07,2081,38163.94,55,621.4
M-0054,2025-08,1715,33583.21,44,541.15
M-0054,2025-09,1817,33318.58,40,508.84
M-0054,2025-10,1930,34741.51,43,576.4
M-0054,2025-11,1918,35316.6,36,573.66
M-0054,2025-12,2490,46265.84,60,716.19
M-0054,2026-01,1551,28332.31,41,433.73
M-0054,2026-02,1738,33497.13,46,529.34
M-0054,2026-03,2062,36972.2,43,572.82
M-0054,2026-04,2123,38560.79,47,627.96
M-0054,2026-05,2148,38017.68,44,615.2
M-0054,2026-06,2108,37591.78,52,613.85
M-0055,2024-01,4028,114843.79,81,1608.21
M-0055,2024-02,4096,118234.64,85,1603.02
M-0055,2024-03,4609,122733.22,115,1736.51
M-0055,2024-04,4479,120319.57,94,1668.34
M-0055,2024-05,4386,131593.01,112,1839.78
M-0055,2024-06,5050,141505.83,121,1994.11
M-0055,2024-07,4271,124952.66,99,1792.14
M-0055,2024-08,4436,129700.14,110,1887.64
M-0055,2024-09,4400,118724.26,102,1624.44
M-0055,2024-10,4881,131517.29,113,1887.19
M-0055,2024-11,6286,164447.55,161,2279.18
M-0055,2024-12,6353,191233.43,173,2801.95
M-0055,2025-01,4480,120889.98,123,1696.8
M-0055,2025-02,4597,131784.99,101,1848.26
M-0055,2025-03,5317,150407.38,114,2034.66
M-0055,2025-04,4185,130626.87,107,1851.93
M-0055,2025-05,5496,144087.81,160,2079.76
M-0055,2025-06,4704,130688.99,112,1805.3
M-0055,2025-07,4639,135763.23,113,1989.75
M-0055,2025-08,5003,135234.24,95,1953.93
M-0055,2025-09,5196,142080.22,143,1987.26
M-0055,2025-10,5707,160797.8,152,2287.12
M-0055,2025-11,5898,177619.86,160,2368.07
M-0055,2025-12,7299,212376.42,192,3103.57
M-0055,2026-01,4237,123726.82,120,1702.29
M-0055,2026-02,5587,144220.45,116,2033.53
M-0055,2026-03,5232,144336.84,120,1963.54
M-0055,2026-04,5063,154278.86,137,2292.49
M-0055,2026-05,6433,157056.16,178,2075.57
M-0055,2026-06,5569,164939.09,143,2256.34
M-0056,2024-11,102,1982.64,3,31.74
M-0056,2024-12,221,4666.53,3,72.08
M-0056,2025-01,196,3522.53,6,54.66
M-0056,2025-02,278,5483.53,3,86.74
M-0056,2025-03,388,7541.16,13,116.96
M-0056,2025-04,431,8591.12,7,133.11
M-0056,2025-05,459,9226.58,19,146.8
M-0056,2025-06,486,8723.92,7,139.36
M-0056,2025-07,541,9572.24,15,153.02
M-0056,2025-08,481,8567.89,9,140.96
M-0056,2025-09,429,8507.41,10,141.92
M-0056,2025-10,477,9655.79,9,151.81
M-0056,2025-11,485,9313.68,9,141.98
M-0056,2025-12,715,12694.29,12,207.26
M-0056,2026-01,368,7243.62,9,114.76
M-0056,2026-02,465,9450.22,10,150.77
M-0056,2026-03,469,9652.81,12,152.6
M-0056,2026-04,493,8750.33,19,143.76
M-0056,2026-05,527,9680.61,9,148.25
M-0056,2026-06,472,9348.73,10,150.66
M-0057,2025-06,463,12877.59,7,179.16
M-0057,2025-07,764,22634.98,13,327.19
M-0057,2025-08,989,29704.21,25,416.45
M-0057,2025-09,1459,37535.89,31,512.75
M-0057,2025-10,1534,45874.95,36,624.99
M-0057,2025-11,2496,64027.34,61,886.61
M-0057,2025-12,2674,81651.1,66,1175.15
M-0057,2026-01,1668,43746.55,36,601.59
M-0057,2026-02,2101,55310.94,62,762.44
M-0057,2026-03,2005,54400.6,45,782.47
M-0057,2026-04,1914,55317.4,41,765.94
M-0057,2026-05,1896,53877.86,42,722.47
M-0057,2026-06,2244,61876.94,53,839.63
M-0058,2024-01,1110,46252.39,46,893.54
M-0058,2024-02,1183,51399.36,38,1014.48
M-0058,2024-03,1279,53468.22,50,980.45
M-0058,2024-04,1368,52257.61,71,993.79
M-0058,2024-05,1256,49397.37,62,879.69
M-0058,2024-06,1270,53736.44,56,976.27
M-0058,2024-07,1329,53757.2,66,1018.38
M-0058,2024-08,1286,53949.0,52,979.38
M-0058,2024-09,1188,52037.94,47,984.32
M-0058,2024-10,1367,55940.67,63,1090.39
M-0058,2024-11,1695,67206.04,68,1235.28
M-0058,2024-12,1991,83937.15,93,1618.01
M-0058,2025-01,1117,47451.72,58,859.93
M-0058,2025-02,1291,55505.58,68,1055.06
M-0058,2025-03,1473,58852.14,48,1126.38
M-0058,2025-04,1510,63883.81,66,1135.24
M-0058,2025-05,1414,62370.22,67,1186.67
M-0058,2025-06,1538,60483.61,76,1152.61
M-0058,2025-07,1447,65464.59,65,1242.0
M-0058,2025-08,1366,54517.66,82,1014.1
M-0058,2025-09,1073,45177.33,95,844.86
M-0058,2025-10,826,34541.62,92,653.54
M-0058,2025-11,823,34318.83,114,632.73
M-0059,2024-01,2280,63135.07,47,891.95
M-0059,2024-02,2725,72938.79,62,1022.69
M-0059,2024-03,2609,72493.77,42,1035.85
M-0059,2024-04,2772,78845.24,61,1109.39
M-0059,2024-05,2817,74907.17,74,1049.44
M-0059,2024-06,2267,65399.37,65,913.5
M-0059,2024-07,2523,72661.84,65,950.89
M-0059,2024-08,2693,76700.78,66,1079.73
M-0059,2024-09,2945,82275.22,80,1147.61
M-0059,2024-10,2714,75692.64,70,1046.84
M-0059,2024-11,4062,106527.72,142,1546.37
M-0059,2024-12,4108,118279.07,109,1670.31
M-0059,2025-01,2534,67324.28,56,1022.34
M-0059,2025-02,2955,79508.96,70,1142.55
M-0059,2025-03,2802,76830.63,89,1047.23
M-0059,2025-04,3153,84022.76,72,1143.78
M-0059,2025-05,3084,83742.11,83,1195.79
M-0059,2025-06,3112,83033.31,62,1180.01
M-0059,2025-07,3101,85420.32,101,1259.33
M-0059,2025-08,2619,74762.58,51,1080.37
M-0059,2025-09,3113,89104.77,62,1253.49
M-0059,2025-10,2780,83724.65,90,1155.62
M-0059,2025-11,3877,112551.19,88,1575.68
M-0059,2025-12,4060,116462.82,113,1604.03
M-0059,2026-01,2823,77326.61,83,1060.99
M-0059,2026-02,2901,85090.61,99,1198.43
M-0059,2026-03,3023,87758.55,91,1234.11
M-0059,2026-04,3062,85395.14,73,1205.62
M-0059,2026-05,3558,95626.77,102,1360.9
M-0059,2026-06,3519,97881.82,69,1447.34
M-0060,2024-09,235,6719.98,1,97.1
M-0060,2024-10,367,10343.83,8,144.93
M-0060,2024-11,614,17617.67,17,246.62
M-0060,2024-12,910,26367.3,19,365.35
M-0060,2025-01,662,18137.33,18,256.65
M-0060,2025-02,895,24195.25,22,337.66
M-0060,2025-03,923,28001.63,29,386.78
M-0060,2025-04,871,26241.54,17,361.45
M-0060,2025-05,985,27637.23,30,359.4
M-0060,2025-06,941,26611.37,19,372.61
M-0060,2025-07,877,24793.63,24,354.87
M-0060,2025-08,951,26655.35,28,380.13
M-0060,2025-09,925,25991.64,19,345.4
M-0060,2025-10,1172,30890.27,29,429.21
M-0060,2025-11,1506,38551.58,34,523.26
M-0060,2025-12,1457,40898.03,31,562.97
M-0060,2026-01,845,23553.22,23,322.29
M-0060,2026-02,1130,30534.53,29,428.96
M-0060,2026-03,954,28000.23,19,407.15
M-0060,2026-04,1036,30853.15,25,439.2
M-0060,2026-05,1009,30236.55,27,420.75
M-0060,2026-06,1010,29493.49,18,414.05
M-0061,2026-02,158,4433.25,4,61.31
M-0061,2026-03,235,6584.26,6,90.23
M-0061,2026-04,333,9287.42,5,135.01
M-0061,2026-05,403,12275.23,16,175.33
M-0061,2026-06,495,13858.89,13,190.48
M-0062,2025-10,861,25823.84,11,354.67
M-0062,2025-11,1870,54633.09,42,741.55
M-0062,2025-12,2775,82815.81,47,1129.63
M-0062,2026-01,2510,66076.46,72,942.79
M-0062,2026-02,3339,92973.52,101,1333.14
M-0062,2026-03,3501,99184.44,104,1371.0
M-0062,2026-04,4175,113474.12,125,1581.96
M-0062,2026-05,4090,110526.36,110,1504.33
M-0062,2026-06,4318,116017.11,106,1589.31
M-0063,2024-01,917,39183.14,54,743.86
M-0063,2024-02,1171,51251.61,51,937.07
M-0063,2024-03,1346,54077.79,61,1044.62
M-0063,2024-04,1137,48696.47,49,913.21
M-0063,2024-05,1097,46303.24,44,873.08
M-0063,2024-06,1118,49185.36,38,942.53
M-0063,2024-07,1069,47180.29,47,889.18
M-0063,2024-08,1117,48141.47,59,891.56
M-0063,2024-09,1067,45234.88,68,828.53
M-0063,2024-10,983,46177.94,37,867.7
M-0063,2024-11,1679,65478.36,68,1252.8
M-0063,2024-12,1911,82255.78,82,1541.62
M-0063,2025-01,1169,45663.63,58,889.44
M-0063,2025-02,1017,44163.29,92,864.39
M-0063,2025-03,1172,45008.35,118,875.57
M-0063,2025-04,841,36048.32,87,676.38
M-0063,2025-05,711,28693.81,111,566.04
M-0064,2024-08,998,29655.93,26,387.57
M-0064,2024-09,1930,52861.62,45,729.66
M-0064,2024-10,2768,76798.55,91,1089.97
M-0064,2024-11,4189,119793.79,103,1640.59
M-0064,2024-12,5906,165036.37,163,2385.17
M-0064,2025-01,3912,114173.88,88,1571.52
M-0064,2025-02,4909,142685.92,110,2005.57
M-0064,2025-03,5691,142877.91,150,1985.6
M-0064,2025-04,5176,138398.53,119,2033.23
M-0064,2025-05,5973,157257.75,147,2273.17
M-0064,2025-06,5439,159295.21,111,2248.98
M-0064,2025-07,5440,159148.08,163,2232.19
M-0064,2025-08,5374,140336.23,132,1936.14
M-0064,2025-09,5531,160014.53,152,2250.44
M-0064,2025-10,5402,159675.58,116,2328.11
M-0064,2025-11,6872,194839.72,179,2792.79
M-0064,2025-12,8298,241825.17,230,3423.99
M-0064,2026-01,5614,143626.66,134,2125.63
M-0064,2026-02,5799,157629.93,130,2150.22
M-0064,2026-03,5314,158704.74,115,2179.05
M-0064,2026-04,5864,147528.79,186,2073.06
M-0064,2026-05,7009,183394.24,139,2497.35
M-0064,2026-06,5970,164330.6,158,2323.41
M-0065,2024-01,199,16650.71,4,189.85
M-0065,2024-02,227,19511.3,4,230.73
M-0065,2024-03,303,26774.01,8,321.13
M-0065,2024-04,428,35588.15,11,432.95
M-0065,2024-05,379,31822.26,8,392.74
M-0065,2024-06,389,35727.91,7,427.88
M-0065,2024-07,385,32243.93,9,393.13
M-0065,2024-08,391,33225.1,8,403.57
M-0065,2024-09,398,32610.58,12,385.39
M-0065,2024-10,378,33168.81,9,396.93
M-0065,2024-11,400,34071.55,12,400.47
M-0065,2024-12,394,34260.8,6,400.45
M-0065,2025-01,393,33211.26,11,396.48
M-0065,2025-02,370,32959.12,10,406.86
M-0065,2025-03,417,35660.23,15,440.7
M-0065,2025-04,427,37411.66,9,454.93
M-0065,2025-05,430,37773.08,6,456.72
M-0065,2025-06,384,36872.81,5,444.29
M-0065,2025-07,458,39038.3,8,469.16
M-0065,2025-08,420,35589.83,15,423.79
M-0065,2025-09,409,36447.44,6,439.58
M-0065,2025-10,431,34442.12,6,414.22
M-0065,2025-11,437,36015.16,11,429.2
M-0065,2025-12,427,37136.36,13,430.15
M-0065,2026-01,417,35499.99,14,428.33
M-0065,2026-02,468,40379.39,6,494.38
M-0065,2026-03,476,38880.77,10,480.16
M-0065,2026-04,386,35510.04,8,433.99
M-0065,2026-05,453,38636.43,8,482.09
M-0065,2026-06,463,38820.51,5,451.24
M-0066,2026-05,353,33119.57,5,405.33
M-0066,2026-06,539,46182.88,7,553.74
M-0067,2024-06,114,9572.09,0,116.8
M-0067,2024-07,178,16090.6,3,190.33
M-0067,2024-08,238,21309.29,8,255.12
M-0067,2024-09,332,27786.35,7,342.39
M-0067,2024-10,400,34687.29,12,410.04
M-0067,2024-11,509,37892.38,5,467.75
M-0067,2024-12,452,40551.44,6,500.71
M-0067,2025-01,515,45819.57,17,554.23
M-0067,2025-02,465,41673.04,7,496.63
M-0067,2025-03,506,42910.72,7,521.85
M-0067,2025-04,501,43747.66,10,529.18
M-0067,2025-05,567,43387.67,6,493.78
M-0067,2025-06,505,44087.99,14,535.32
M-0067,2025-07,456,41112.07,9,494.13
M-0067,2025-08,482,40047.4,14,474.79
M-0067,2025-09,456,41240.51,6,515.48
M-0067,2025-10,544,47443.84,13,607.23
M-0067,2025-11,465,40507.82,6,472.63
M-0067,2025-12,598,45393.02,12,547.07
M-0067,2026-01,540,46409.76,11,546.69
M-0067,2026-02,458,40880.92,13,519.74
M-0067,2026-03,509,45095.96,7,523.4
M-0067,2026-04,473,41621.22,6,494.91
M-0067,2026-05,553,44165.18,4,524.64
M-0067,2026-06,485,44795.52,11,535.73
M-0068,2025-09,146,11547.37,2,137.89
M-0068,2025-10,254,20965.02,1,266.78
M-0068,2025-11,306,25276.21,10,309.11
M-0068,2025-12,414,35696.03,9,425.85
M-0068,2026-01,478,39228.16,13,480.81
M-0068,2026-02,586,52513.79,10,638.1
M-0068,2026-03,648,51724.91,13,641.25
M-0068,2026-04,630,55278.68,11,698.1
M-0068,2026-05,659,56316.88,16,680.31
M-0068,2026-06,626,51532.02,10,624.76
M-0069,2025-01,586,10035.38,18,160.56
M-0069,2025-02,1081,20764.73,25,351.34
M-0069,2025-03,1366,28242.51,38,441.34
M-0069,2025-04,2189,39426.73,52,661.85
M-0069,2025-05,2420,44073.96,41,720.08
M-0069,2025-06,2969,54246.47,50,863.78
M-0069,2025-07,3162,62650.45,58,929.88
M-0069,2025-08,3601,61135.44,82,957.64
M-0069,2025-09,2612,50260.12,82,785.81
M-0069,2025-10,2951,58501.1,48,897.08
M-0069,2025-11,3361,60384.32,65,1026.87
M-0069,2025-12,4305,84502.02,117,1339.3
M-0069,2026-01,2489,45190.52,45,731.87
M-0069,2026-02,2929,56430.15,59,927.78
M-0069,2026-03,3061,59191.06,65,911.09
M-0069,2026-04,2750,54931.13,55,860.97
M-0069,2026-05,2972,52787.93,65,797.25
M-0069,2026-06,3490,61880.56,56,981.68
M-0070,2025-09,678,29946.87,37,577.25
M-0070,2025-10,1170,48101.87,52,918.13
M-0070,2025-11,1874,79326.7,98,1481.56
M-0070,2025-12,2908,121511.43,97,2216.97
M-0070,2026-01,1645,72986.91,68,1353.73
M-0070,2026-02,3152,117124.46,147,2064.4
M-0070,2026-03,2930,124153.99,134,2483.41
M-0070,2026-04,2750,117170.3,119,2160.0
M-0070,2026-05,3485,135190.85,169,2583.06
M-0070,2026-06,3269,126395.1,143,2399.44
M-0071,2024-01,16,3947.4,1,43.5
M-0071,2024-02,21,5164.81,0,57.11
M-0071,2024-03,41,9783.36,1,102.65
M-0071,2024-04,44,10706.0,1,112.07
M-0071,2024-05,43,10555.07,1,119.9
M-0071,2024-06,65,14865.59,2,178.63
M-0071,2024-07,73,18194.34,5,197.59
M-0071,2024-08,70,16805.31,0,186.24
M-0071,2024-09,52,12693.13,1,136.82
M-0071,2024-10,46,11279.99,2,123.59
M-0071,2024-11,47,10630.79,0,112.37
M-0071,2024-12,50,11996.09,1,132.26
M-0071,2025-01,35,7218.57,1,78.39
M-0071,2025-02,34,8052.72,2,87.35
M-0071,2025-03,56,13163.58,5,150.34
M-0071,2025-04,49,11800.4,2,128.25
M-0071,2025-05,47,11306.68,1,130.24
M-0071,2025-06,63,15656.19,4,173.7
M-0071,2025-07,67,17164.26,2,185.12
M-0071,2025-08,60,14549.55,3,165.81
M-0071,2025-09,57,12430.67,3,131.89
M-0071,2025-10,53,12696.22,1,138.02
M-0071,2025-11,47,12243.72,2,131.09
M-0071,2025-12,57,14166.47,3,162.48
M-0071,2026-01,38,9489.26,3,102.4
M-0071,2026-02,40,9602.71,2,105.63
M-0071,2026-03,50,12656.55,1,135.45
M-0071,2026-04,56,13484.25,2,142.86
M-0071,2026-05,55,12723.01,1,135.19
M-0071,2026-06,78,16784.67,4,188.15
M-0072,2025-09,221,6503.36,7,85.26
M-0072,2025-10,383,10361.27,5,149.09
M-0072,2025-11,660,17841.64,17,253.73
M-0072,2025-12,942,24192.55,23,323.54
M-0072,2026-01,643,18994.96,20,265.01
M-0072,2026-02,943,27187.39,26,392.88
M-0072,2026-03,969,27761.84,22,379.85
M-0072,2026-04,971,26761.1,26,383.75
M-0072,2026-05,920,25574.04,34,330.69
M-0072,2026-06,1117,27448.39,29,378.59
M-0073,2024-04,700,19770.76,13,270.34
M-0073,2024-05,1152,32788.24,38,448.7
M-0073,2024-06,1568,44282.06,42,624.35
M-0073,2024-07,1888,52179.66,52,752.43
M-0073,2024-08,2455,66141.29,54,923.2
M-0073,2024-09,2908,86077.02,103,1189.16
M-0073,2024-10,2924,80119.09,62,1121.91
M-0073,2024-11,3457,94289.46,78,1315.88
M-0073,2024-12,3586,96513.18,94,1331.99
M-0073,2025-01,2362,68348.98,80,944.08
M-0073,2025-02,2897,84346.89,67,1187.4
M-0073,2025-03,2969,80072.93,60,1156.01
M-0073,2025-04,2853,82821.62,55,1180.57
M-0073,2025-05,3326,87135.57,66,1258.71
M-0073,2025-06,2886,80800.38,77,1182.32
M-0073,2025-07,3191,89705.64,78,1199.81
M-0073,2025-08,3108,89827.97,79,1226.73
M-0073,2025-09,3483,97313.43,86,1379.02
M-0073,2025-10,3358,80876.08,51,1155.56
M-0073,2025-11,4481,123552.93,88,1684.98
M-0073,2025-12,5007,137605.87,94,1862.49
M-0073,2026-01,2955,81499.51,70,1127.06
M-0073,2026-02,3237,97211.61,88,1351.21
M-0073,2026-03,2953,94343.36,78,1373.31
M-0073,2026-04,3163,86687.43,78,1238.79
M-0073,2026-05,3722,95395.54,110,1290.86
M-0073,2026-06,3568,97157.66,95,1320.43
M-0074,2025-01,102,4350.41,5,81.57
M-0074,2025-02,202,9018.34,8,171.55
M-0074,2025-03,273,10792.0,16,204.18
M-0074,2025-04,290,12860.64,10,240.14
M-0074,2025-05,373,15850.48,22,304.71
M-0074,2025-06,474,21663.24,29,421.92
M-0074,2025-07,478,18861.59,24,383.19
M-0074,2025-08,521,21754.47,15,415.48
M-0074,2025-09,621,22628.64,31,426.19
M-0074,2025-10,466,19646.96,21,389.83
M-0074,2025-11,588,26700.78,29,529.15
M-0074,2025-12,771,31989.65,44,595.53
M-0074,2026-01,458,18981.07,16,357.92
M-0074,2026-02,599,24414.93,25,472.78
M-0074,2026-03,531,22013.68,23,422.87
M-0074,2026-04,580,23058.55,23,448.33
M-0074,2026-05,571,24145.99,31,457.93
M-0074,2026-06,562,22654.18,18,441.97
M-0075,2024-05,20,4908.13,1,52.7
M-0075,2024-06,37,8391.09,1,91.84
M-0075,2024-07,58,14309.49,3,161.47
M-0075,2024-08,63,15544.89,5,162.69
M-0075,2024-09,65,16265.26,3,178.74
M-0075,2024-10,76,18574.65,4,205.18
M-0075,2024-11,79,19346.64,3,211.88
M-0075,2024-12,70,17816.84,0,197.13
M-0075,2025-01,52,12120.87,2,129.16
M-0075,2025-02,53,13552.19,1,150.08
M-0075,2025-03,82,20346.34,3,216.95
M-0075,2025-04,85,19076.27,5,206.81
M-0075,2025-05,78,18764.15,4,204.58
M-0075,2025-06,108,26276.55,4,287.89
M-0075,2025-07,136,31831.03,7,355.79
M-0075,2025-08,124,27805.26,3,303.99
M-0075,2025-09,92,19929.45,4,219.98
M-0075,2025-10,72,18697.35,2,209.12
M-0075,2025-11,88,20324.73,2,232.02
M-0075,2025-12,86,21776.39,2,234.41
M-0075,2026-01,68,15028.57,4,156.2
M-0075,2026-02,68,16335.73,2,177.2
M-0075,2026-03,77,18504.34,2,202.97
M-0075,2026-04,93,22706.31,4,252.4
M-0075,2026-05,89,22434.35,3,256.89
M-0075,2026-06,114,26652.3,6,302.47
M-0076,2024-01,4650,120750.46,134,1675.81
M-0076,2024-02,4433,125291.5,144,1707.88
M-0076,2024-03,5604,154176.38,151,2172.05
M-0076,2024-04,5135,149872.11,145,2075.29
M-0076,2024-05,5373,145650.59,142,2005.18
M-0076,2024-06,4611,135217.86,120,1845.87
M-0076,2024-07,4996,145367.17,132,1937.27
M-0076,2024-08,5131,151078.91,135,2174.42
M-0076,2024-09,4787,139720.86,152,1982.06
M-0076,2024-10,5672,163843.44,138,2216.46
M-0076,2024-11,6755,194818.61,171,2699.73
M-0076,2024-12,7501,218512.29,172,3128.36
M-0076,2025-01,5026,138262.73,118,1945.82
M-0076,2025-02,5540,161702.58,126,2360.99
M-0076,2025-03,5515,167901.98,118,2483.73
M-0076,2025-04,4662,135211.05,88,1977.62
M-0076,2025-05,6050,164152.75,150,2274.21
M-0076,2025-06,5590,144502.54,136,2055.11
M-0076,2025-07,5947,169638.06,171,2352.09
M-0076,2025-08,6256,171710.41,139,2363.74
M-0076,2025-09,5525,157043.25,154,2236.66
M-0076,2025-10,5584,167036.44,180,2544.0
M-0076,2025-11,7823,222937.19,185,3200.74
M-0076,2025-12,7913,222135.58,209,3267.0
M-0076,2026-01,4496,130118.74,87,1704.62
M-0076,2026-02,5771,167304.51,156,2375.41
M-0076,2026-03,5406,166241.81,126,2335.31
M-0076,2026-04,6587,189518.19,154,2681.01
M-0076,2026-05,6103,167949.69,157,2363.59
M-0076,2026-06,5829,162805.23,149,2231.15
M-0077,2024-09,1075,19044.81,34,305.93
M-0077,2024-10,1692,30528.04,38,470.76
M-0077,2024-11,2762,47169.92,49,677.46
M-0077,2024-12,3884,75241.76,94,1226.75
M-0077,2025-01,2516,51518.68,61,777.4
M-0077,2025-02,4015,79378.86,76,1234.3
M-0077,2025-03,4741,90911.28,105,1419.15
M-0077,2025-04,4303,85470.06,106,1396.66
M-0077,2025-05,4159,85539.86,67,1427.3
M-0077,2025-06,4672,91402.69,124,1545.14
M-0077,2025-07,5559,101842.95,147,1559.9
M-0077,2025-08,4427,84676.79,77,1354.28
M-0077,2025-09,4351,85286.75,103,1377.22
M-0077,2025-10,4535,84237.93,108,1360.93
M-0077,2025-11,4338,83314.23,81,1289.08
M-0077,2025-12,6081,119012.52,135,1794.14
M-0077,2026-01,3942,70320.64,81,1105.35
M-0077,2026-02,4943,85993.33,110,1408.3
M-0077,2026-03,4639,87729.45,105,1472.16
M-0077,2026-04,5100,95250.39,84,1606.27
M-0077,2026-05,4902,88809.57,96,1481.53
M-0077,2026-06,5023,92079.28,106,1535.74
M-0078,2024-01,319,9611.57,7,136.13
M-0078,2024-02,420,12278.34,10,176.46
M-0078,2024-03,438,13422.91,14,184.57
M-0078,2024-04,462,12844.64,8,176.92
M-0078,2024-05,494,14130.19,12,201.86
M-0078,2024-06,445,12731.81,13,181.88
M-0078,2024-07,517,14715.2,7,196.3
M-0078,2024-08,510,14113.22,10,187.0
M-0078,2024-09,478,14094.89,9,190.27
M-0078,2024-10,482,13349.45,13,188.6
M-0078,2024-11,651,18055.39,16,248.27
M-0078,2024-12,731,20824.56,26,279.22
M-0078,2025-01,473,12672.4,9,172.28
M-0078,2025-02,537,16409.67,16,233.22
M-0078,2025-03,493,14515.52,11,201.98
M-0078,2025-04,467,14059.24,16,195.59
M-0078,2025-05,511,15247.68,11,214.17
M-0078,2025-06,469,14399.4,3,205.39
M-0078,2025-07,615,16505.44,19,235.21
M-0078,2025-08,532,15160.1,14,215.02
M-0078,2025-09,548,15418.68,14,222.01
M-0078,2025-10,541,15405.52,10,217.04
M-0078,2025-11,611,19269.15,14,262.7
M-0078,2025-12,803,21826.05,17,316.39
M-0078,2026-01,490,12525.57,8,182.83
M-0078,2026-02,516,14629.85,11,211.63
M-0078,2026-03,574,16421.33,16,243.71
M-0078,2026-04,595,16363.02,9,229.84
M-0078,2026-05,591,17574.66,12,249.54
M-0078,2026-06,559,15478.78,13,209.19
M-0079,2024-01,827,16269.76,19,275.68
M-0079,2024-02,1198,22141.96,29,351.63
M-0079,2024-03,1275,23264.28,40,384.48
M-0079,2024-04,1087,20961.49,21,334.33
M-0079,2024-05,1048,20486.82,30,335.88
M-0079,2024-06,1085,21638.8,22,353.75
M-0079,2024-07,1322,25973.08,20,413.68
M-0079,2024-08,1286,25102.71,27,419.3
M-0079,2024-09,1114,21258.53,26,337.2
M-0079,2024-10,1110,20866.85,17,340.19
M-0079,2024-11,1360,24299.43,21,404.33
M-0079,2024-12,1583,30998.93,36,506.53
M-0079,2025-01,872,16834.02,16,267.99
M-0079,2025-02,1123,22190.78,14,344.38
M-0079,2025-03,1047,22105.24,31,370.51
M-0079,2025-04,1232,23969.81,27,368.94
M-0079,2025-05,1248,21949.28,31,359.22
M-0079,2025-06,1141,21224.52,22,348.25
M-0079,2025-07,1292,26468.55,32,419.91
M-0079,2025-08,1470,27179.85,31,438.12
M-0079,2025-09,1162,23315.28,30,369.79
M-0079,2025-10,1383,24797.47,35,408.35
M-0079,2025-11,1566,27726.65,37,447.75
M-0079,2025-12,1771,33016.08,45,531.25
M-0079,2026-01,1074,21199.89,15,336.28
M-0079,2026-02,1353,24842.3,40,406.88
M-0079,2026-03,1197,23855.57,20,389.38
M-0079,2026-04,1164,24798.53,27,407.89
M-0079,2026-05,1236,23663.33,35,394.91
M-0079,2026-06,1214,23314.28,33,393.5
M-0080,2024-01,1503,42442.67,40,578.19
M-0080,2024-02,1971,57089.16,63,855.47
M-0080,2024-03,2149,57280.94,44,798.62
M-0080,2024-04,1829,52614.12,36,715.85
M-0080,2024-05,2048,60514.87,53,823.6
M-0080,2024-06,2025,55540.12,60,792.64
M-0080,2024-07,2201,52517.82,67,762.18
M-0080,2024-08,1931,55668.91,39,776.66
M-0080,2024-09,2284,62093.41,66,888.57
M-0080,2024-10,1953,56592.42,58,799.75
M-0080,2024-11,2364,69179.62,40,961.93
M-0080,2024-12,3171,77302.59,59,1145.45
M-0080,2025-01,1832,51903.14,35,783.56
M-0080,2025-02,2058,60176.74,37,934.29
M-0080,2025-03,2204,60153.9,68,816.39
M-0080,2025-04,1999,52859.57,58,726.64
M-0080,2025-05,2247,61528.25,47,835.89
M-0080,2025-06,2013,56904.49,37,801.26
M-0080,2025-07,2273,63829.8,41,921.76
M-0080,2025-08,2901,69850.19,72,928.54
M-0080,2025-09,2521,62364.89,71,881.06
M-0080,2025-10,2195,59625.47,49,779.6
M-0080,2025-11,3254,88779.49,69,1252.2
M-0080,2025-12,2651,79653.54,54,1115.06
M-0080,2026-01,2122,56260.31,58,764.54
M-0080,2026-02,2172,63269.05,49,884.92
M-0080,2026-03,2366,58456.33,42,813.36
M-0080,2026-04,2479,62705.09,58,841.7
M-0080,2026-05,2180,66245.47,58,907.12
M-0080,2026-06,2176,67759.63,53,921.05
M-0081,2025-02,441,12046.19,14,161.08
M-0081,2025-03,621,18338.28,13,263.61
M-0081,2025-04,825,24597.87,16,336.1
M-0081,2025-05,1162,33787.9,35,479.35
M-0081,2025-06,1638,44345.53,58,625.8
M-0081,2025-07,1655,46657.12,43,663.09
M-0081,2025-08,1755,47659.56,46,622.67
M-0081,2025-09,1599,47589.78,37,682.05
M-0081,2025-10,1650,48709.58,38,725.07
M-0081,2025-11,2367,64698.24,44,852.21
M-0081,2025-12,2653,75302.9,69,1075.86
M-0081,2026-01,1456,39628.2,38,576.64
M-0081,2026-02,1901,50047.97,42,735.01
M-0081,2026-03,1767,49869.38,37,684.77
M-0081,2026-04,1987,50757.92,35,739.47
M-0081,2026-05,1767,50399.67,45,710.54
M-0081,2026-06,1740,50514.89,51,720.47
M-0082,2024-01,684,52552.46,8,655.37
M-0082,2024-02,501,46556.86,15,550.49
M-0082,2024-03,495,43732.97,5,504.84
M-0082,2024-04,584,45528.42,7,519.67
M-0082,2024-05,542,47622.25,12,559.66
M-0082,2024-06,579,48516.46,11,601.93
M-0082,2024-07,593,49094.13,14,568.83
M-0082,2024-08,603,52530.26,9,605.15
M-0082,2024-09,512,45527.8,6,538.76
M-0082,2024-10,537,46616.56,18,535.79
M-0082,2024-11,630,54382.87,6,663.55
M-0082,2024-12,614,52243.11,13,650.12
M-0082,2025-01,586,46668.93,13,546.23
M-0082,2025-02,607,55237.32,12,664.38
M-0082,2025-03,535,48491.36,8,597.53
M-0082,2025-04,682,52083.99,7,636.08
M-0082,2025-05,669,57133.94,12,708.08
M-0082,2025-06,592,53175.38,14,645.62
M-0082,2025-07,640,49611.76,23,590.98
M-0082,2025-08,578,52807.31,12,668.6
M-0082,2025-09,663,52715.0,10,626.41
M-0082,2025-10,708,54424.77,18,636.75
M-0082,2025-11,671,55976.89,16,647.87
M-0082,2025-12,666,57915.09,12,724.24
M-0082,2026-01,637,52916.54,21,632.18
M-0082,2026-02,654,59300.93,12,726.53
M-0082,2026-03,697,63273.14,9,724.71
M-0082,2026-04,644,59537.24,12,715.52
M-0082,2026-05,678,59139.16,8,740.4
M-0082,2026-06,829,64789.07,8,781.68
M-0083,2024-08,1005,26424.04,28,359.4
M-0083,2024-09,1672,45257.06,37,624.91
M-0083,2024-10,2029,56088.59,47,752.93
M-0083,2024-11,3262,88303.8,83,1256.34
M-0083,2024-12,4758,127361.75,134,1778.4
M-0083,2025-01,3338,90011.48,72,1244.44
M-0083,2025-02,3347,103234.2,82,1450.58
M-0083,2025-03,4011,105022.64,110,1507.93
M-0083,2025-04,3610,109334.23,80,1506.1
M-0083,2025-05,4468,112917.92,126,1640.05
M-0083,2025-06,3892,108756.4,124,1474.16
M-0083,2025-07,3852,105206.3,90,1577.78
M-0083,2025-08,4588,119984.2,92,1747.1
M-0083,2025-09,3651,108637.32,111,1466.1
M-0083,2025-10,4309,112300.49,124,1441.17
M-0083,2025-11,5456,158515.51,127,2147.7
M-0083,2025-12,6817,189640.8,160,2762.92
M-0083,2026-01,3548,99171.76,76,1394.18
M-0083,2026-02,4515,129863.63,95,1836.63
M-0083,2026-03,4009,111375.99,81,1622.84
M-0083,2026-04,4710,122465.05,134,1717.85
M-0083,2026-05,4458,117110.0,95,1625.64
M-0083,2026-06,4595,131533.59,86,1870.97
M-0084,2025-03,340,9679.03,4,136.71
M-0084,2025-04,550,15308.68,12,219.73
M-0084,2025-05,660,17848.01,13,257.82
M-0084,2025-06,975,25940.27,36,352.14
M-0084,2025-07,1128,31268.08,34,436.73
M-0084,2025-08,1302,35954.66,38,474.68
M-0084,2025-09,1253,36846.36,31,515.44
M-0084,2025-10,1556,38562.09,33,514.81
M-0084,2025-11,1644,47565.82,50,678.24
M-0084,2025-12,1766,51761.15,55,809.34
M-0084,2026-01,1123,34371.13,18,487.52
M-0084,2026-02,1303,40091.84,26,579.41
M-0084,2026-03,1396,37812.55,39,525.72
M-0084,2026-04,1470,40883.56,36,583.32
M-0084,2026-05,1386,38588.47,50,528.28
M-0084,2026-06,1327,39346.61,19,562.85
M-0085,2026-05,211,6690.5,5,95.43
M-0085,2026-06,399,11747.84,5,161.0
M-0086,2026-02,227,4670.71,4,77.47
M-0086,2026-03,410,7680.33,16,122.58
M-0086,2026-04,550,10562.03,10,162.04
M-0086,2026-05,882,15230.78,13,222.91
M-0086,2026-06,931,16250.19,23,245.56
M-0087,2025-09,426,36942.59,8,466.29
M-0087,2025-10,747,59338.38,22,674.4
M-0087,2025-11,1002,85940.79,19,1096.74
M-0087,2025-12,1107,95798.01,32,1082.92
M-0087,2026-01,1543,128345.42,32,1546.57
M-0087,2026-02,1793,154027.95,32,1889.48
M-0087,2026-03,1741,142942.75,39,1780.05
M-0087,2026-04,1693,141731.1,29,1781.67
M-0087,2026-05,1676,152849.48,34,1839.15
M-0087,2026-06,1548,129881.5,36,1467.08
M-0088,2024-05,446,8379.67,9,134.39
M-0088,2024-06,659,12513.89,12,196.88
M-0088,2024-07,1019,19462.6,22,331.86
M-0088,2024-08,1364,23606.59,27,387.93
M-0088,2024-09,1387,29761.41,34,499.73
M-0088,2024-10,1818,35717.95,32,561.34
M-0088,2024-11,1665,31237.51,23,497.75
M-0088,2024-12,2613,47348.37,52,763.96
M-0088,2025-01,1610,29202.94,28,465.55
M-0088,2025-02,1760,32524.26,37,520.71
M-0088,2025-03,2018,35004.53,38,553.1
M-0088,2025-04,2149,37961.82,52,613.01
M-0088,2025-05,2018,38292.98,57,628.41
M-0088,2025-06,1565,30244.97,30,496.84
M-0088,2025-07,2360,44420.92,57,701.31
M-0088,2025-08,1890,37810.5,34,594.21
M-0088,2025-09,1982,37026.15,53,584.65
M-0088,2025-10,2062,37550.81,45,586.39
M-0088,2025-11,2107,39285.1,45,638.91
M-0088,2025-12,2865,53416.2,47,852.64
M-0088,2026-01,1673,31276.45,42,496.95
M-0088,2026-02,2057,41180.34,38,652.54
M-0088,2026-03,1943,37690.79,33,628.95
M-0088,2026-04,1956,37681.77,46,587.87
M-0088,2026-05,2094,40035.85,49,629.73
M-0088,2026-06,2237,41174.99,58,679.81
M-0089,2024-01,105,26590.59,4,293.25
M-0089,2024-02,109,25264.88,3,282.51
M-0089,2024-03,168,40320.27,6,440.5
M-0089,2024-04,164,38645.72,7,418.86
M-0089,2024-05,157,40509.88,3,464.55
M-0089,2024-06,190,46974.65,7,514.82
M-0089,2024-07,262,63930.83,7,739.2
M-0089,2024-08,254,56177.11,9,609.88
M-0089,2024-09,176,40827.34,8,461.47
M-0089,2024-10,178,40594.79,8,429.89
M-0089,2024-11,184,41642.31,2,440.7
M-0089,2024-12,115,29492.47,12,317.72
M-0089,2025-01,101,23340.17,7,255.13
M-0089,2025-02,82,19557.22,5,215.48
M-0089,2025-03,85,18825.81,10,209.39
M-0090,2024-03,282,5711.8,12,91.28
M-0090,2024-04,491,9067.0,12,142.09
M-0090,2024-05,642,12099.02,18,192.54
M-0090,2024-06,838,16337.35,15,254.98
M-0090,2024-07,1257,24714.96,34,392.23
M-0090,2024-08,1229,22515.58,34,361.33
M-0090,2024-09,1321,26034.9,43,400.44
M-0090,2024-10,1281,23803.92,31,364.49
M-0090,2024-11,1406,25029.55,51,405.75
M-0090,2024-12,1529,30329.63,32,469.86
M-0090,2025-01,1031,19346.74,24,309.36
M-0090,2025-02,1199,22628.03,48,362.4
M-0090,2025-03,1208,21797.7,47,355.85
M-0090,2025-04,1124,19558.81,55,309.5
M-0090,2025-05,803,15383.59,54,242.62
M-0090,2025-06,663,12473.42,41,206.46
M-0091,2025-02,166,15218.83,3,176.62
M-0091,2025-03,281,23700.97,12,282.04
M-0091,2025-04,364,33093.35,12,384.48
M-0091,2025-05,506,43532.12,9,516.44
M-0091,2025-06,641,52996.08,13,647.22
M-0091,2025-07,708,60804.47,13,748.41
M-0091,2025-08,844,67869.57,23,842.82
M-0091,2025-09,837,66017.77,13,780.58
M-0091,2025-10,810,67888.55,11,830.65
M-0091,2025-11,785,62474.28,20,744.96
M-0091,2025-12,813,66384.64,21,765.9
M-0091,2026-01,753,66990.29,20,788.21
M-0091,2026-02,877,67013.84,10,819.35
M-0091,2026-03,688,60446.07,9,711.92
M-0091,2026-04,899,73267.05,13,851.02
M-0091,2026-05,689,62167.05,15,789.61
M-0091,2026-06,799,70656.1,21,828.94
M-0092,2025-01,48,11624.76,4,125.11
M-0092,2025-02,94,23709.5,1,261.71
M-0092,2025-03,167,38682.3,5,425.36
M-0092,2025-04,217,52983.3,9,572.38
M-0092,2025-05,217,55493.11,4,624.32
M-0092,2025-06,415,102070.51,18,1094.01
M-0092,2025-07,496,120641.92,20,1312.19
M-0092,2025-08,471,102398.46,15,1111.5
M-0092,2025-09,315,77994.92,17,872.84
M-0092,2025-10,298,72533.27,9,811.5
M-0092,2025-11,381,87186.71,20,959.65
M-0092,2025-12,360,88071.05,12,987.13
M-0092,2026-01,217,56149.39,5,580.52
M-0092,2026-02,269,60789.17,9,659.28
M-0092,2026-03,380,83018.95,17,937.17
M-0092,2026-04,303,74434.9,8,826.39
M-0092,2026-05,317,72386.77,21,828.78
M-0092,2026-06,394,84680.1,35,953.16
M-0093,2025-01,86,7584.43,2,83.62
M-0093,2025-02,155,14080.2,5,160.45
M-0093,2025-03,233,19070.16,7,225.57
M-0093,2025-04,303,24910.92,4,300.29
M-0093,2025-05,362,30945.15,6,355.13
M-0093,2025-06,385,32663.94,5,366.79
M-0093,2025-07,406,35576.77,6,434.5
M-0093,2025-08,424,35862.73,5,437.55
M-0093,2025-09,462,38793.07,8,457.79
M-0093,2025-10,411,36240.34,7,444.79
M-0093,2025-11,441,37708.18,15,459.33
M-0093,2025-12,493,39383.54,6,500.35
M-0093,2026-01,461,38906.21,11,507.1
M-0093,2026-02,421,35750.34,5,412.64
M-0093,2026-03,446,37002.32,4,428.33
M-0093,2026-04,449,39886.88,11,436.23
M-0093,2026-05,499,41243.69,6,488.92
M-0093,2026-06,461,39823.09,3,470.66
M-0094,2024-02,129,10163.36,1,125.02
M-0094,2024-03,171,14625.42,6,176.16
M-0094,2024-04,236,22168.18,6,261.72
M-0094,2024-05,359,30605.88,13,355.45
M-0094,2024-06,439,35801.06,8,447.28
M-0094,2024-07,459,41366.28,17,495.91
M-0094,2024-08,466,41371.3,9,499.78
M-0094,2024-09,500,42226.23,19,532.96
M-0094,2024-10,489,42116.97,13,479.55
M-0094,2024-11,472,40566.44,6,503.35
M-0094,2024-12,490,41048.62,13,471.93
M-0094,2025-01,535,44153.93,12,523.26
M-0094,2025-02,445,40185.32,5,461.61
M-0094,2025-03,500,40784.95,14,485.91
M-0094,2025-04,569,44581.18,7,568.87
M-0094,2025-05,495,41406.32,14,501.68
M-0094,2025-06,472,40144.64,23,472.18
M-0094,2025-07,366,32221.02,16,402.98
M-0094,2025-08,376,30122.65,20,361.73
M-0094,2025-09,284,23715.06,14,282.24
M-0095,2024-02,25,5718.21,1,62.48
M-0095,2024-03,51,13540.44,3,157.35
M-0095,2024-04,65,17583.24,1,191.03
M-0095,2024-05,95,22357.82,3,242.96
M-0095,2024-06,138,33494.49,3,358.92
M-0095,2024-07,185,45538.68,3,508.36
M-0095,2024-08,187,43591.08,6,469.47
M-0095,2024-09,134,33929.29,4,370.83
M-0095,2024-10,142,34574.48,2,367.5
M-0095,2024-11,144,36335.23,4,388.5
M-0095,2024-12,141,32499.5,1,337.54
M-0095,2025-01,101,26016.8,4,266.36
M-0095,2025-02,103,25176.3,6,276.31
M-0095,2025-03,135,35468.31,5,393.33
M-0095,2025-04,157,37727.22,6,411.62
M-0095,2025-05,156,37960.01,5,414.8
M-0095,2025-06,190,46224.92,4,490.43
M-0095,2025-07,209,52688.72,7,570.82
M-0095,2025-08,185,47589.05,5,544.18
M-0095,2025-09,158,36227.04,4,385.93
M-0095,2025-10,168,38655.08,3,419.76
M-0095,2025-11,148,34141.02,6,391.3
M-0095,2025-12,151,36777.76,7,401.37
M-0095,2026-01,117,27996.11,2,321.67
M-0095,2026-02,121,27733.94,4,306.08
M-0095,2026-03,156,37781.92,3,387.05
M-0095,2026-04,160,41330.09,8,444.42
M-0095,2026-05,169,40630.22,6,455.67
M-0095,2026-06,209,54898.08,6,608.64
M-0096,2025-05,47,4444.42,0,55.19
M-0096,2025-06,82,7138.36,2,86.46
M-0096,2025-07,129,10407.19,3,126.33
M-0096,2025-08,161,13466.52,4,166.11
M-0096,2025-09,222,17536.95,2,215.67
M-0096,2025-10,240,19448.68,3,230.3
M-0096,2025-11,220,19766.31,2,244.24
M-0096,2025-12,253,21096.9,8,248.71
M-0096,2026-01,251,21461.52,3,257.19
M-0096,2026-02,242,19429.93,6,233.94
M-0096,2026-03,246,19802.61,5,235.47
M-0096,2026-04,274,22791.41,7,278.44
M-0096,2026-05,262,21824.78,2,259.92
M-0096,2026-06,241,21970.01,6,271.22
M-0097,2025-11,422,12733.63,18,180.33
M-0097,2025-12,851,24078.75,21,327.16
M-0097,2026-01,692,20165.96,19,267.31
M-0097,2026-02,1132,29677.55,37,412.43
M-0097,2026-03,1076,31668.28,32,448.19
M-0097,2026-04,1579,46793.01,38,636.61
M-0097,2026-05,1388,42738.51,26,560.55
M-0097,2026-06,1339,37776.73,31,560.72
M-0098,2024-01,350,9727.85,9,132.9
M-0098,2024-02,434,11507.97,8,157.15
M-0098,2024-03,411,11737.21,11,167.98
M-0098,2024-04,418,11371.46,5,150.69
M-0098,2024-05,476,13405.28,15,184.87
M-0098,2024-06,435,11928.07,13,162.31
M-0098,2024-07,417,10914.87,16,153.63
M-0098,2024-08,497,12846.39,7,181.59
M-0098,2024-09,409,10911.92,6,152.5
M-0098,2024-10,449,12557.66,13,175.09
M-0098,2024-11,565,15358.05,15,213.34
M-0098,2024-12,588,16910.7,14,231.22
M-0098,2025-01,411,11025.21,17,150.65
M-0098,2025-02,445,11709.99,10,168.06
M-0098,2025-03,498,13615.85,11,186.99
M-0098,2025-04,415,12339.9,4,170.23
M-0098,2025-05,441,12465.7,9,174.73
M-0098,2025-06,476,13111.54,16,193.23
M-0098,2025-07,473,13986.71,21,201.17
M-0098,2025-08,476,11762.75,11,158.39
M-0098,2025-09,491,13103.4,12,184.81
M-0098,2025-10,532,13088.85,15,187.42
M-0098,2025-11,613,16905.56,17,229.52
M-0098,2025-12,736,20252.83,22,302.17
M-0098,2026-01,389,11278.59,13,158.64
M-0098,2026-02,422,11789.68,13,171.59
M-0098,2026-03,518,13549.21,8,186.24
M-0098,2026-04,418,12209.64,14,162.49
M-0098,2026-05,435,12271.81,15,169.41
M-0098,2026-06,372,11311.44,21,161.6
M-0099,2025-01,83,7526.55,2,90.59
M-0099,2025-02,156,12576.88,3,154.81
M-0099,2025-03,192,17337.23,2,211.45
M-0099,2025-04,256,21467.96,4,254.54
M-0099,2025-05,331,27630.63,5,330.32
M-0099,2025-06,379,30993.24,7,378.43
M-0099,2025-07,394,33926.88,6,407.67
M-0099,2025-08,413,34765.31,10,429.31
M-0099,2025-09,419,36167.95,2,422.09
M-0099,2025-10,438,33037.28,12,392.85
M-0099,2025-11,460,36785.42,5,436.22
M-0099,2025-12,417,32855.83,6,366.96
M-0099,2026-01,464,33943.76,8,412.99
M-0099,2026-02,430,34588.77,9,401.5
M-0099,2026-03,494,38070.17,10,483.33
M-0099,2026-04,403,33891.24,12,374.7
M-0099,2026-05,431,37274.45,5,434.56
M-0099,2026-06,448,37323.89,8,450.18
M-0100,2025-12,395,16439.23,21,325.14
M-0100,2026-01,314,14294.73,13,258.63
M-0100,2026-02,500,22860.99,24,430.96
M-0100,2026-03,808,32617.06,41,627.49
M-0100,2026-04,726,32599.37,26,629.91
M-0100,2026-05,1107,45907.63,46,850.46
M-0100,2026-06,1122,46033.49,52,894.23
M-0101,2024-05,597,11463.91,18,174.49
M-0101,2024-06,1003,17296.01,16,261.12
M-0101,2024-07,1534,28771.2,31,449.33
M-0101,2024-08,2173,38257.7,22,612.56
M-0101,2024-09,2031,39246.83,34,625.01
M-0101,2024-10,2592,47537.25,60,759.53
M-0101,2024-11,2174,43147.45,51,663.91
M-0101,2024-12,2961,56839.63,85,912.21
M-0101,2025-01,2271,40056.86,34,657.26
M-0101,2025-02,2439,45646.19,53,711.98
M-0101,2025-03,2542,50472.3,59,824.05
M-0101,2025-04,2528,46129.3,60,748.34
M-0101,2025-05,2658,44742.9,61,728.13
M-0101,2025-06,2605,51317.21,63,829.15
M-0101,2025-07,3477,60285.16,73,972.79
M-0101,2025-08,2979,57997.27,67,928.72
M-0101,2025-09,2783,52410.87,64,876.88
M-0101,2025-10,2800,52083.83,67,865.86
M-0101,2025-11,2455,50707.88,67,818.84
M-0101,2025-12,3611,67513.68,45,1071.59
M-0101,2026-01,2404,43063.04,44,671.9
M-0101,2026-02,2784,51767.47,56,824.09
M-0101,2026-03,2384,49402.62,63,830.7
M-0101,2026-04,3067,54237.06,64,867.57
M-0101,2026-05,2794,52406.21,66,806.26
M-0101,2026-06,2785,51109.4,62,802.22
M-0102,2024-01,729,13517.28,18,225.53
M-0102,2024-02,1112,21149.07,27,347.81
M-0102,2024-03,1062,20644.05,24,337.35
M-0102,2024-04,1060,20346.97,36,325.97
M-0102,2024-05,1036,19538.09,24,324.8
M-0102,2024-06,1097,20304.1,28,325.91
M-0102,2024-07,1295,22938.12,26,365.48
M-0102,2024-08,1027,21198.74,22,340.42
M-0102,2024-09,1169,21741.79,38,369.41
M-0102,2024-10,1021,21169.28,21,316.13
M-0102,2024-11,1271,22434.21,28,353.94
M-0102,2024-12,1456,27354.39,29,456.95
M-0102,2025-01,926,17570.86,28,273.05
M-0102,2025-02,1126,22815.36,19,341.29
M-0102,2025-03,1185,22652.39,26,362.13
M-0102,2025-04,1081,20908.02,23,354.97
M-0102,2025-05,1088,21280.94,23,327.94
M-0102,2025-06,1157,21682.76,33,339.09
M-0102,2025-07,1471,26758.93,26,428.83
M-0102,2025-08,1404,27388.1,21,456.57
M-0102,2025-09,1213,22467.21,15,361.57
M-0102,2025-10,1319,23693.82,29,363.44
M-0102,2025-11,1082,23237.65,20,372.0
M-0102,2025-12,1789,34594.73,33,560.39
M-0102,2026-01,986,18596.94,17,303.86
M-0102,2026-02,1362,23745.17,28,372.58
M-0102,2026-03,1445,25806.13,47,392.99
M-0102,2026-04,1258,22847.75,15,356.62
M-0102,2026-05,1270,23113.26,30,365.85
M-0102,2026-06,1262,25088.26,25,387.87
M-0103,2026-04,135,2576.28,3,42.61
M-0103,2026-05,216,4336.11,8,71.21
M-0103,2026-06,256,4980.12,9,75.56
M-0104,2024-12,184,5140.07,5,71.53
M-0104,2025-01,150,3988.41,5,56.07
M-0104,2025-02,246,7336.56,8,99.85
M-0104,2025-03,321,9869.75,6,141.52
M-0104,2025-04,355,10294.06,9,139.0
M-0104,2025-05,431,12171.81,9,171.92
M-0104,2025-06,473,12972.14,13,182.57
M-0104,2025-07,462,13162.39,14,181.44
M-0104,2025-08,502,13919.45,11,201.76
M-0104,2025-09,449,12772.23,9,167.07
M-0104,2025-10,416,11724.85,19,160.92
M-0104,2025-11,584,16343.39,15,223.32
M-0104,2025-12,729,19762.38,15,274.71
M-0104,2026-01,395,11183.36,6,165.77
M-0104,2026-02,409,12743.16,16,185.65
M-0104,2026-03,593,15041.56,19,211.17
M-0104,2026-04,499,13480.22,11,185.55
M-0104,2026-05,529,14521.47,14,198.86
M-0104,2026-06,507,14334.25,16,199.97
M-0105,2024-08,119,5022.86,6,98.45
M-0105,2024-09,223,9675.77,7,191.12
M-0105,2024-10,315,13012.92,12,242.17
M-0105,2024-11,477,21027.77,19,424.31
M-0105,2024-12,678,28786.27,28,528.45
M-0105,2025-01,451,18699.82,23,342.65
M-0105,2025-02,562,23373.91,30,457.33
M-0105,2025-03,610,25106.96,25,467.04
M-0105,2025-04,553,24863.44,16,467.06
M-0105,2025-05,647,25740.49,24,489.2
M-0105,2025-06,525,24278.94,21,465.35
M-0105,2025-07,621,25788.3,26,465.4
M-0105,2025-08,708,27237.87,30,492.12
M-0105,2025-09,626,28225.66,35,545.63
M-0105,2025-10,627,26243.82,27,511.41
M-0105,2025-11,759,30764.14,39,582.61
M-0105,2025-12,763,33530.96,38,645.53
M-0105,2026-01,543,23492.33,16,447.43
M-0105,2026-02,673,28974.28,31,590.1
M-0105,2026-03,692,28538.64,30,578.63
M-0105,2026-04,653,26935.72,26,500.94
M-0105,2026-05,664,25708.25,31,494.16
M-0105,2026-06,669,28633.87,29,563.57
M-0106,2024-09,191,5176.05,2,70.69
M-0106,2024-10,291,7644.15,4,107.9
M-0106,2024-11,463,12080.93,11,174.64
M-0106,2024-12,697,19268.37,23,280.99
M-0106,2025-01,535,14989.78,14,202.42
M-0106,2025-02,762,20932.79,19,291.4
M-0106,2025-03,654,19380.05,17,282.85
M-0106,2025-04,688,19389.23,16,266.03
M-0106,2025-05,739,21819.7,19,305.0
M-0106,2025-06,671,19061.66,21,256.55
M-0106,2025-07,692,20259.21,14,274.3
M-0106,2025-08,927,24224.77,22,347.86
M-0106,2025-09,834,22426.58,19,313.91
M-0106,2025-10,839,22949.57,23,316.43
M-0106,2025-11,1021,28282.57,27,388.02
M-0106,2025-12,1067,32692.54,36,477.9
M-0106,2026-01,744,19526.83,24,268.42
M-0106,2026-02,825,24165.84,21,319.08
M-0106,2026-03,764,21430.3,18,289.15
M-0106,2026-04,774,21930.95,18,292.95
M-0106,2026-05,805,23552.73,19,336.17
M-0106,2026-06,784,22059.31,18,300.12
M-0107,2025-11,866,16336.69,20,261.96
M-0107,2025-12,1953,37180.55,68,613.68
M-0107,2026-01,1479,30064.23,40,482.19
M-0107,2026-02,2204,40917.56,48,670.04
M-0107,2026-03,3104,59009.07,70,933.81
M-0107,2026-04,3954,74517.68,103,1190.33
M-0107,2026-05,3781,71661.5,90,1144.75
M-0107,2026-06,3455,67335.95,83,1055.89
M-0108,2026-02,293,5457.18,5,85.71
M-0108,2026-03,451,8658.18,14,140.0
M-0108,2026-04,679,12035.02,16,192.15
M-0108,2026-05,809,13818.16,19,211.32
M-0108,2026-06,915,17921.11,16,292.01
M-0109,2024-01,391,9960.0,7,137.83
M-0109,2024-02,484,13016.04,14,185.55
M-0109,2024-03,496,14526.82,11,215.44
M-0109,2024-04,457,12807.37,11,181.06
M-0109,2024-05,452,13161.1,14,188.39
M-0109,2024-06,478,13025.1,7,196.06
M-0109,2024-07,473,13811.7,21,194.09
M-0109,2024-08,547,14670.5,15,200.6
M-0109,2024-09,555,15450.34,12,212.7
M-0109,2024-10,494,14314.02,7,190.6
M-0109,2024-11,689,18324.42,24,257.91
M-0109,2024-12,813,22529.11,26,325.32
M-0109,2025-01,446,12779.82,12,174.76
M-0109,2025-02,508,14689.38,12,216.31
M-0109,2025-03,580,15655.09,14,223.76
M-0109,2025-04,533,15131.54,14,222.76
M-0109,2025-05,596,16209.48,13,231.66
M-0109,2025-06,521,15226.43,9,220.97
M-0109,2025-07,537,15695.88,18,224.02
M-0109,2025-08,555,16363.06,11,220.64
M-0109,2025-09,533,15295.68,14,207.11
M-0109,2025-10,620,16478.58,14,225.58
M-0109,2025-11,630,18479.35,24,267.08
M-0109,2025-12,800,24667.28,20,347.92
M-0109,2026-01,433,11789.44,6,156.73
M-0109,2026-02,568,17437.8,18,248.63
M-0109,2026-03,621,16781.3,8,245.16
M-0109,2026-04,563,15751.47,14,218.12
M-0109,2026-05,673,17604.78,21,241.22
M-0109,2026-06,587,16573.18,10,237.78
M-0110,2026-01,175,3190.71,3,52.28
M-0110,2026-02,319,6344.07,6,97.49
M-0110,2026-03,442,8755.1,9,137.14
M-0110,2026-04,593,11267.49,19,182.69
M-0110,2026-05,725,14999.22,14,258.69
M-0110,2026-06,791,16064.43,13,253.99
M-0111,2025-08,62,4992.47,2,59.49
M-0111,2025-09,93,7925.84,2,96.73
M-0111,2025-10,121,10884.61,1,135.9
M-0111,2025-11,149,14011.09,2,177.04
M-0111,2025-12,228,18162.43,6,214.01
M-0111,2026-01,217,19654.56,2,236.75
M-0111,2026-02,246,21166.93,5,252.7
M-0111,2026-03,202,17663.16,3,222.65
M-0111,2026-04,210,19281.98,2,220.78
M-0111,2026-05,257,20676.39,5,264.55
M-0111,2026-06,266,23114.94,3,279.34
M-0112,2025-09,185,3307.04,6,53.21
M-0112,2025-10,249,5111.31,3,80.54
M-0112,2025-11,406,7627.76,8,118.88
M-0112,2025-12,730,13067.52,20,215.53
M-0112,2026-01,471,9854.77,9,157.81
M-0112,2026-02,679,12905.23,19,202.02
M-0112,2026-03,815,15656.43,16,239.34
M-0112,2026-04,740,13564.93,14,221.1
M-0112,2026-05,704,15233.34,19,244.3
M-0112,2026-06,793,14926.27,10,233.23
M-0113,2024-08,68,5538.63,1,66.82
M-0113,2024-09,97,8153.88,1,101.41
M-0113,2024-10,156,12625.24,3,142.1
M-0113,2024-11,178,14716.94,0,168.61
M-0113,2024-12,193,17043.23,2,209.03
M-0113,2025-01,245,21182.44,6,263.54
M-0113,2025-02,257,21488.97,3,263.17
M-0113,2025-03,259,22543.36,5,279.52
M-0113,2025-04,233,20360.15,3,239.35
M-0113,2025-05,315,24279.22,7,300.16
M-0113,2025-06,242,21996.7,6,268.26
M-0113,2025-07,271,22243.68,6,256.71
M-0113,2025-08,268,23396.26,8,265.75
M-0113,2025-09,263,22517.23,3,286.42
M-0113,2025-10,300,24886.82,4,304.72
M-0113,2025-11,286,25105.13,3,294.0
M-0113,2025-12,240,21193.45,5,250.86
M-0113,2026-01,357,28555.77,9,347.65
M-0113,2026-02,276,23814.52,5,286.73
M-0113,2026-03,291,24849.29,9,306.33
M-0113,2026-04,297,23000.86,3,265.59
M-0113,2026-05,284,24805.23,11,286.51
M-0113,2026-06,225,20200.09,7,243.33
M-0114,2025-07,415,12065.63,8,170.64
M-0114,2025-08,727,20474.84,23,286.94
M-0114,2025-09,1074,27551.32,26,383.73
M-0114,2025-10,1158,34927.1,29,474.56
M-0114,2025-11,1900,54000.08,37,770.32
M-0114,2025-12,2969,77313.19,93,1077.63
M-0114,2026-01,1688,43284.97,36,590.21
M-0114,2026-02,1717,47792.05,52,671.81
M-0114,2026-03,1949,50776.28,48,730.0
M-0114,2026-04,1919,52816.89,54,731.31
M-0114,2026-05,1751,48767.36,41,674.51
M-0114,2026-06,1843,54056.27,40,732.07
M-0115,2026-02,1515,42960.5,42,588.11
M-0115,2026-03,2679,70814.52,85,1014.68
M-0115,2026-04,3704,102553.47,83,1476.43
M-0115,2026-05,4406,120607.04,102,1676.54
M-0115,2026-06,5204,147594.67,159,2031.32
M-0116,2024-01,125,29222.87,5,321.9
M-0116,2024-02,119,28948.52,1,320.84
M-0116,2024-03,202,48149.02,12,529.06
M-0116,2024-04,170,43831.29,10,490.38
M-0116,2024-05,179,44346.51,1,478.36
M-0116,2024-06,271,63980.35,8,688.06
M-0116,2024-07,288,64437.3,8,693.57
M-0116,2024-08,250,58214.12,11,657.0
M-0116,2024-09,187,44681.0,3,489.81
M-0116,2024-10,204,45544.81,6,509.3
M-0116,2024-11,185,43854.93,5,500.69
M-0116,2024-12,186,42444.72,7,472.69
M-0116,2025-01,148,33345.5,4,375.71
M-0116,2025-02,149,36693.97,8,397.19
M-0116,2025-03,207,46891.88,9,524.79
M-0116,2025-04,193,44702.92,4,489.03
M-0116,2025-05,206,46595.11,11,480.26
M-0116,2025-06,235,60691.62,9,657.58
M-0116,2025-07,285,66293.92,13,670.78
M-0116,2025-08,261,65803.62,5,756.07
M-0116,2025-09,196,47428.48,10,521.46
M-0116,2025-10,184,40970.86,8,457.07
M-0116,2025-11,205,49756.45,10,577.17
M-0116,2025-12,228,50822.37,7,558.61
M-0116,2026-01,146,35016.86,9,384.84
M-0116,2026-02,150,34832.48,4,388.06
M-0116,2026-03,219,51569.86,6,586.88
M-0116,2026-04,196,47404.83,8,521.0
M-0116,2026-05,210,54172.35,5,596.27
M-0116,2026-06,281,70423.47,16,802.13
M-0117,2024-12,998,29963.73,24,402.36
M-0117,2025-01,909,26938.74,18,379.46
M-0117,2025-02,1880,47875.4,53,675.86
M-0117,2025-03,2118,60066.92,56,860.15
M-0117,2025-04,2696,76927.91,56,1078.65
M-0117,2025-05,2925,80660.07,65,1122.52
M-0117,2025-06,3025,88895.45,68,1231.37
M-0117,2025-07,3400,92449.68,87,1284.76
M-0117,2025-08,3421,92066.62,86,1301.99
M-0117,2025-09,3304,91599.23,70,1290.93
M-0117,2025-10,3470,100517.54,96,1410.8
M-0117,2025-11,4154,117038.73,97,1623.5
M-0117,2025-12,5802,136736.46,161,1982.73
M-0117,2026-01,2936,80408.1,69,1089.64
M-0117,2026-02,3401,89056.24,81,1253.08
M-0117,2026-03,3526,94198.31,72,1302.99
M-0117,2026-04,3497,95444.36,91,1402.19
M-0117,2026-05,3142,92874.33,81,1386.75
M-0117,2026-06,3123,95327.28,76,1358.02
M-0118,2024-10,225,5959.19,8,83.74
M-0118,2024-11,484,13505.35,11,188.56
M-0118,2024-12,725,18869.73,15,278.2
M-0118,2025-01,484,15023.73,11,204.17
M-0118,2025-02,786,22360.86,19,303.13
M-0118,2025-03,940,24967.89,27,351.75
M-0118,2025-04,845,25474.1,21,359.84
M-0118,2025-05,977,25534.14,23,352.84
M-0118,2025-06,1036,28306.42,14,397.32
M-0118,2025-07,945,24799.88,25,320.43
M-0118,2025-08,834,24349.49,42,339.8
M-0118,2025-09,735,21476.06,15,307.8
M-0118,2025-10,584,16719.06,33,234.28
M-0118,2025-11,608,16488.73,53,221.62
M-0119,2025-12,53,12502.43,3,132.12
M-0119,2026-01,60,15275.12,3,173.44
M-0119,2026-02,89,22177.46,3,242.48
M-0119,2026-03,138,33387.84,1,364.93
M-0119,2026-04,212,49221.48,3,542.07
M-0119,2026-05,219,55494.34,11,613.82
M-0119,2026-06,266,65209.97,7,749.52
M-0120,2024-08,416,8257.87,10,131.45
M-0120,2024-09,653,11508.81,16,181.12
M-0120,2024-10,802,15978.49,25,246.22
M-0120,2024-11,1116,21609.08,35,334.7
M-0120,2024-12,1621,31519.71,24,498.48
M-0120,2025-01,1182,21577.96,16,341.75
M-0120,2025-02,1601,30306.52,31,484.97
M-0120,2025-03,1456,28602.7,26,462.57
M-0120,2025-04,1550,28754.11,25,457.66
M-0120,2025-05,1682,30578.59,36,491.29
M-0120,2025-06,1579,29958.73,35,481.93
M-0120,2025-07,1788,36128.66,26,589.19
M-0120,2025-08,1607,32402.04,46,497.57
M-0120,2025-09,1513,29571.81,18,458.85
M-0120,2025-10,1643,30570.1,33,495.66
M-0120,2025-11,1682,32018.53,51,521.8
M-0120,2025-12,2384,41035.98,61,663.21
M-0120,2026-01,1287,24632.07,29,400.01
M-0120,2026-02,1632,30853.44,38,484.39
M-0120,2026-03,1445,25968.75,39,399.94
M-0120,2026-04,1708,33176.37,39,533.3
M-0120,2026-05,1785,34446.82,46,549.63
M-0120,2026-06,1647,32002.84,34,510.6
M-0121,2024-01,1043,29843.97,33,430.2
M-0121,2024-02,1131,31028.48,34,435.06
M-0121,2024-03,1153,32235.49,29,445.46
M-0121,2024-04,1080,31273.73,27,440.36
M-0121,2024-05,1054,32243.27,32,439.38
M-0121,2024-06,1195,32911.81,22,461.36
M-0121,2024-07,1021,30700.84,24,419.38
M-0121,2024-08,1237,31565.75,23,438.74
M-0121,2024-09,1137,31792.71,31,454.33
M-0121,2024-10,1149,34218.53,27,473.33
M-0121,2024-11,1313,39424.78,38,526.35
M-0121,2024-12,1928,53295.05,46,741.01
M-0121,2025-01,1069,31221.55,27,447.69
M-0121,2025-02,1366,36451.87,32,536.41
M-0121,2025-03,1237,34257.32,38,473.27
M-0121,2025-04,1419,36214.71,33,514.03
M-0121,2025-05,1223,35044.84,30,494.93
M-0121,2025-06,1310,37004.48,31,525.88
M-0121,2025-07,1346,38157.45,31,572.13
M-0121,2025-08,1221,35985.95,33,490.88
M-0121,2025-09,1418,37763.66,33,545.24
M-0121,2025-10,1274,34890.35,29,469.72
M-0121,2025-11,1447,42908.39,35,601.19
M-0121,2025-12,2093,52680.94,70,763.98
M-0121,2026-01,1201,32160.06,27,446.41
M-0121,2026-02,1352,37773.85,29,519.8
M-0121,2026-03,1483,41303.19,38,575.45
M-0121,2026-04,1226,35523.45,33,505.32
M-0121,2026-05,1233,34984.88,54,485.37
M-0121,2026-06,1074,31357.08,39,442.21
M-0122,2024-01,51,12466.25,3,131.22
M-0122,2024-02,81,19876.59,4,224.25
M-0122,2024-03,143,33599.41,7,362.5
M-0122,2024-04,176,40646.03,3,440.17
M-0122,2024-05,237,53277.6,7,569.39
M-0122,2024-06,268,64571.7,14,729.46
M-0122,2024-07,336,79703.88,9,871.6
M-0122,2024-08,259,64771.85,8,717.9
M-0122,2024-09,212,52503.76,6,594.45
M-0122,2024-10,217,54585.37,8,617.65
M-0122,2024-11,202,49600.36,8,565.95
M-0122,2024-12,205,50214.87,5,558.29
M-0122,2025-01,146,36588.0,6,412.74
M-0122,2025-02,168,42067.9,9,464.67
M-0122,2025-03,230,57389.07,12,639.63
M-0122,2025-04,220,53903.2,6,621.28
M-0122,2025-05,223,55635.97,9,633.28
M-0122,2025-06,307,74406.87,7,783.88
M-0122,2025-07,327,85561.69,17,907.34
M-0122,2025-08,333,77093.19,17,842.75
M-0122,2025-09,232,55754.12,6,599.25
M-0122,2025-10,238,58672.09,5,631.12
M-0122,2025-11,251,57926.9,8,603.77
M-0122,2025-12,256,59799.07,12,675.52
M-0122,2026-01,153,37791.03,5,422.88
M-0122,2026-02,212,46062.11,4,496.0
M-0122,2026-03,251,53390.52,10,613.26
M-0122,2026-04,210,48385.64,9,518.38
M-0122,2026-05,243,56255.63,14,611.43
M-0122,2026-06,275,67425.06,20,741.28
M-0123,2024-01,445,8454.56,24,138.69
M-0123,2024-02,997,18735.06,25,291.11
M-0123,2024-03,1041,19564.02,29,311.62
M-0123,2024-04,1423,27068.23,31,459.57
M-0123,2024-05,1393,27123.94,27,449.86
M-0123,2024-06,1833,33512.93,46,551.8
M-0123,2024-07,1989,36473.29,44,566.31
M-0123,2024-08,1850,37068.87,47,582.25
M-0123,2024-09,1579,31600.2,39,494.62
M-0123,2024-10,1829,33437.0,31,553.83
M-0123,2024-11,1806,33084.2,42,551.58
M-0123,2024-12,2150,40413.64,55,645.27
M-0123,2025-01,1458,27737.68,31,468.54
M-0123,2025-02,1555,31218.02,26,510.78
M-0123,2025-03,1770,35280.9,50,561.69
M-0123,2025-04,1732,33708.62,44,525.48
M-0123,2025-05,1859,35796.56,48,599.94
M-0123,2025-06,1453,30612.47,29,515.85
M-0123,2025-07,2482,45557.52,54,711.25
M-0123,2025-08,1913,36458.91,44,562.92
M-0123,2025-09,1981,36601.08,54,587.32
M-0123,2025-10,1753,35087.46,53,543.4
M-0123,2025-11,1779,35284.11,40,546.73
M-0123,2025-12,2688,48859.14,52,795.99
M-0123,2026-01,1374,28142.93,25,442.04
M-0123,2026-02,1893,35739.94,32,573.52
M-0123,2026-03,2019,37631.31,31,605.23
M-0123,2026-04,1593,31079.93,33,511.51
M-0123,2026-05,2166,37589.23,57,612.37
M-0123,2026-06,2065,39821.86,44,631.95
M-0124,2024-12,759,21736.0,14,314.74
M-0124,2025-01,819,21344.04,21,296.19
M-0124,2025-02,1294,39070.95,40,567.33
M-0124,2025-03,1616,42341.53,39,578.76
M-0124,2025-04,1982,53484.12,36,742.99
M-0124,2025-05,2259,63162.37,47,873.28
M-0124,2025-06,2016,58355.04,57,802.42
M-0124,2025-07,2168,63395.94,68,899.54
M-0124,2025-08,2297,63105.12,57,861.85
M-0124,2025-09,2409,64748.97,46,853.85
M-0124,2025-10,2546,67676.43,64,967.02
M-0124,2025-11,3274,88795.13,70,1257.4
M-0124,2025-12,3293,98811.93,97,1362.47
M-0124,2026-01,2109,59154.46,47,816.81
M-0124,2026-02,2484,78272.45,60,1148.28
M-0124,2026-03,2637,72649.75,58,1061.59
M-0124,2026-04,2617,66987.17,80,937.04
M-0124,2026-05,2879,75764.86,64,1063.01
M-0124,2026-06,2629,69457.57,67,938.29
M-0125,2025-06,687,19467.17,21,269.35
M-0125,2025-07,1158,29940.75,21,422.76
M-0125,2025-08,1623,44864.9,41,640.4
M-0125,2025-09,1935,55034.71,47,746.76
M-0125,2025-10,1961,60689.84,54,815.55
M-0125,2025-11,3488,105522.55,90,1472.35
M-0125,2025-12,4323,121143.44,87,1694.25
M-0125,2026-01,2273,66055.46,64,923.82
M-0125,2026-02,3128,79413.58,75,1079.65
M-0125,2026-03,3048,89598.85,69,1255.43
M-0125,2026-04,2685,75928.82,62,1062.11
M-0125,2026-05,2740,83323.62,63,1131.2
M-0125,2026-06,3197,88614.38,87,1162.33
M-0126,2024-07,338,14138.11,9,265.86
M-0126,2024-08,573,24859.72,35,458.24
M-0126,2024-09,804,32813.13,36,642.03
M-0126,2024-10,924,41316.95,33,748.17
M-0126,2024-11,1519,56648.96,58,1048.42
M-0126,2024-12,2126,88973.19,121,1760.41
M-0126,2025-01,1174,49450.39,70,894.64
M-0126,2025-02,1659,64863.12,88,1238.37
M-0126,2025-03,1588,62981.01,75,1198.94
M-0126,2025-04,1482,67212.94,73,1345.79
M-0126,2025-05,1420,57572.87,53,1083.35
M-0126,2025-06,1356,56991.12,58,1054.48
M-0126,2025-07,1164,51633.01,59,896.38
M-0126,2025-08,1396,63267.12,77,1188.94
M-0126,2025-09,1333,56029.84,93,1023.36
M-0126,2025-10,1360,58367.93,101,1119.91
M-0126,2025-11,1481,68130.34,127,1324.99
M-0126,2025-12,1486,65583.68,183,1172.6
M-0126,2026-01,667,29090.2,95,558.15
M-0127,2024-01,1716,48676.25,40,680.93
M-0127,2024-02,2361,62829.57,77,906.99
M-0127,2024-03,2621,62060.18,79,875.91
M-0127,2024-04,2593,68922.38,60,890.75
M-0127,2024-05,2480,66543.69,56,932.4
M-0127,2024-06,2248,63846.7,54,878.06
M-0127,2024-07,2333,66115.64,60,938.51
M-0127,2024-08,2413,67002.7,53,926.42
M-0127,2024-09,2115,57327.7,58,795.56
M-0127,2024-10,2775,68885.8,59,932.19
M-0127,2024-11,3424,90902.84,90,1305.95
M-0127,2024-12,3605,106982.28,106,1423.04
M-0127,2025-01,2372,66003.83,71,846.08
M-0127,2025-02,2790,78358.0,71,1109.19
M-0127,2025-03,2583,69263.66,68,985.8
M-0127,2025-04,2697,71770.3,81,956.04
M-0127,2025-05,2331,68350.97,56,972.27
M-0127,2025-06,2482,70990.51,56,1026.86
M-0127,2025-07,2593,73177.92,60,1016.14
M-0127,2025-08,2629,68949.13,63,942.64
M-0127,2025-09,2470,69292.64,54,957.63
M-0127,2025-10,2334,70551.78,62,994.9
M-0127,2025-11,3071,86875.41,68,1205.33
M-0127,2025-12,3938,109283.95,90,1512.8
M-0127,2026-01,2672,67833.73,78,957.69
M-0127,2026-02,2562,70979.93,68,935.67
M-0127,2026-03,2697,75598.06,77,1104.19
M-0127,2026-04,2765,72085.32,84,1028.05
M-0127,2026-05,2922,79304.83,82,1110.22
M-0127,2026-06,2560,72814.22,70,1011.46
M-0128,2025-06,213,53088.07,11,573.1
M-0128,2025-07,415,104535.5,8,1218.84
M-0128,2025-08,499,114019.16,22,1284.25
M-0128,2025-09,447,120398.39,16,1386.23
M-0128,2025-10,545,131578.59,24,1466.98
M-0128,2025-11,620,144757.07,25,1602.26
M-0128,2025-12,661,165220.07,21,1837.94
M-0128,2026-01,510,127551.28,17,1428.45
M-0128,2026-02,593,131629.14,20,1407.01
M-0128,2026-03,749,177198.0,31,1991.52
M-0128,2026-04,759,187282.22,17,2001.41
M-0128,2026-05,739,175551.02,22,1832.85
M-0128,2026-06,897,216446.98,22,2407.28
M-0129,2025-11,330,14277.38,19,272.48
M-0129,2025-12,626,28088.18,42,517.07
M-0129,2026-01,643,25240.21,26,494.57
M-0129,2026-02,819,31978.58,49,610.59
M-0129,2026-03,976,41599.67,38,772.33
M-0129,2026-04,1200,53690.48,43,1081.2
M-0129,2026-05,1186,47698.55,54,948.91
M-0129,2026-06,1140,45637.26,47,885.69
M-0130,2025-09,626,19612.39,15,265.13
M-0130,2025-10,1109,30708.32,29,413.13
M-0130,2025-11,1917,52403.15,37,743.48
M-0130,2025-12,3135,88049.64,75,1223.25
M-0130,2026-01,2039,56335.52,43,802.13
M-0130,2026-02,2981,85366.35,63,1179.02
M-0130,2026-03,2724,77128.61,71,1071.59
M-0130,2026-04,2614,79516.65,66,1052.58
M-0130,2026-05,2975,83013.34,58,1180.78
M-0130,2026-06,2932,81813.92,87,1132.91
M-0131,2024-01,1016,85897.91,11,1061.84
M-0131,2024-02,1026,87823.02,22,1018.67
M-0131,2024-03,904,78436.11,12,913.48
M-0131,2024-04,1037,89612.77,14,1039.86
M-0131,2024-05,1138,96692.58,18,1097.02
M-0131,2024-06,1100,92850.1,23,1074.88
M-0131,2024-07,930,77970.3,22,966.44
M-0131,2024-08,1046,92121.83,27,1121.63
M-0131,2024-09,1179,98142.75,23,1191.74
M-0131,2024-10,1072,94963.34,26,1206.88
M-0131,2024-11,1086,94583.76,29,1098.31
M-0131,2024-12,1158,94250.28,28,1124.4
M-0131,2025-01,1078,90952.0,12,1120.26
M-0131,2025-02,1130,101117.86,18,1197.05
M-0131,2025-03,1158,98728.34,20,1244.14
M-0131,2025-04,1124,92542.53,24,1021.71
M-0131,2025-05,1054,91899.72,23,1183.56
M-0131,2025-06,1203,101251.05,17,1273.04
M-0131,2025-07,1050,93613.87,26,1126.44
M-0131,2025-08,1158,87798.38,21,1107.49
M-0131,2025-09,1201,102924.52,18,1255.56
M-0131,2025-10,1292,107543.83,23,1277.83
M-0131,2025-11,1166,95777.28,27,1171.39
M-0131,2025-12,1402,102201.53,33,1237.69
M-0131,2026-01,1438,107806.19,17,1254.26
M-0131,2026-02,1179,103224.0,25,1217.94
M-0131,2026-03,1364,111298.01,28,1347.07
M-0131,2026-04,1145,100653.98,25,1241.75
M-0131,2026-05,1183,99664.43,26,1175.04
M-0131,2026-06,1381,115431.25,27,1352.86
M-0132,2025-01,385,7812.64,8,127.83
M-0132,2025-02,815,14595.73,17,231.23
M-0132,2025-03,1030,19775.97,28,316.65
M-0132,2025-04,1499,26758.11,48,436.16
M-0132,2025-05,1668,31688.27,39,514.47
M-0132,2025-06,2013,37991.98,41,625.69
M-0132,2025-07,2221,42988.06,44,702.39
M-0132,2025-08,2064,37148.56,52,573.45
M-0132,2025-09,2025,37796.84,44,615.51
M-0132,2025-10,2231,42278.25,53,693.06
M-0132,2025-11,2253,42141.54,63,699.48
M-0132,2025-12,3050,55629.9,67,865.4
M-0132,2026-01,1806,35922.81,31,569.19
M-0132,2026-02,2251,43160.17,52,699.55
M-0132,2026-03,1982,37921.17,41,597.44
M-0132,2026-04,2138,40058.28,49,660.91
M-0132,2026-05,2402,45286.63,60,721.7
M-0132,2026-06,2345,45634.93,60,723.76
M-0133,2024-06,135,11127.24,7,142.81
M-0133,2024-07,191,16317.78,5,207.39
M-0133,2024-08,323,26354.67,6,316.02
M-0133,2024-09,349,31968.51,6,391.49
M-0133,2024-10,457,39061.29,5,466.3
M-0133,2024-11,500,47923.22,5,559.71
M-0133,2024-12,456,39320.65,15,458.38
M-0133,2025-01,443,42514.11,7,501.99
M-0133,2025-02,591,52045.66,12,608.8
M-0133,2025-03,539,45940.34,16,567.68
M-0133,2025-04,629,48764.73,13,584.41
M-0133,2025-05,537,44217.18,10,535.63
M-0133,2025-06,451,41638.41,11,521.67
M-0133,2025-07,569,52380.36,22,642.22
M-0133,2025-08,570,46159.78,24,572.52
M-0133,2025-09,599,51346.65,14,647.99
M-0133,2025-10,578,47784.09,13,573.67
M-0133,2025-11,582,46437.14,14,553.14
M-0133,2025-12,543,49968.73,10,628.07
M-0133,2026-01,592,50234.99,14,607.77
M-0133,2026-02,562,47395.98,5,566.62
M-0133,2026-03,579,49278.64,7,570.5
M-0133,2026-04,638,52019.23,12,629.61
M-0133,2026-05,663,55346.67,13,682.14
M-0133,2026-06,602,49689.45,15,592.92
M-0134,2025-12,19,1561.45,0,18.28
M-0134,2026-01,36,2782.63,2,33.88
M-0134,2026-02,48,3940.51,1,45.43
M-0134,2026-03,57,4895.78,2,58.93
M-0134,2026-04,80,6214.6,0,72.09
M-0134,2026-05,89,7119.25,2,86.18
M-0134,2026-06,89,7400.33,5,83.46
M-0135,2024-01,1213,34910.66,35,485.1
M-0135,2024-02,1924,51103.42,44,747.61
M-0135,2024-03,1603,45253.32,28,638.88
M-0135,2024-04,1474,42082.93,43,588.96
M-0135,2024-05,1581,43119.08,46,605.33
M-0135,2024-06,1865,48518.27,49,675.51
M-0135,2024-07,1754,46061.49,46,679.54
M-0135,2024-08,1670,50216.46,49,684.9
M-0135,2024-09,1768,48279.78,38,682.95
M-0135,2024-10,1740,52168.48,31,714.72
M-0135,2024-11,2098,56654.62,54,787.11
M-0135,2024-12,2388,70745.91,53,1051.0
M-0135,2025-01,1530,44632.2,42,637.52
M-0135,2025-02,1944,49429.29,64,677.75
M-0135,2025-03,1823,47672.06,41,637.03
M-0135,2025-04,1772,48209.88,27,686.48
M-0135,2025-05,1661,47022.77,40,650.52
M-0135,2025-06,1899,53195.07,37,744.57
M-0135,2025-07,1783,50157.84,34,697.11
M-0135,2025-08,1845,54629.72,44,751.17
M-0135,2025-09,1756,50546.71,40,708.44
M-0135,2025-10,1952,55217.03,36,810.12
M-0135,2025-11,2056,62408.69,49,862.07
M-0135,2025-12,2555,76436.51,61,1061.43
M-0135,2026-01,1548,44332.52,44,623.68
M-0135,2026-02,1836,55132.96,42,767.69
M-0135,2026-03,1716,50169.07,35,701.42
M-0135,2026-04,1851,54835.21,41,730.03
M-0135,2026-05,2229,59219.79,53,825.37
M-0135,2026-06,2283,63818.6,72,917.52
M-0136,2024-04,205,18392.92,0,223.77
M-0136,2024-05,337,31149.06,8,376.41
M-0136,2024-06,451,40339.1,11,492.7
M-0136,2024-07,618,51746.75,12,631.44
M-0136,2024-08,826,69253.71,15,846.79
M-0136,2024-09,976,76588.39,18,948.89
M-0136,2024-10,880,74644.38,24,930.06
M-0136,2024-11,980,76117.47,19,926.15
M-0136,2024-12,971,83111.4,21,966.99
M-0136,2025-01,964,81515.71,33,991.55
M-0136,2025-02,1029,86796.99,21,1076.86
M-0136,2025-03,1004,81024.35,17,965.84
M-0136,2025-04,944,82611.1,15,944.63
M-0136,2025-05,1001,79730.09,13,983.58
M-0136,2025-06,916,77318.2,14,929.71
M-0136,2025-07,967,80594.37,14,1009.66
M-0136,2025-08,1036,83431.52,24,963.47
M-0136,2025-09,997,85872.98,21,1038.27
M-0136,2025-10,1055,86182.65,13,1022.51
M-0136,2025-11,1030,88373.81,25,1050.9
M-0136,2025-12,1014,88524.05,18,1065.58
M-0136,2026-01,1172,97858.26,17,1233.0
M-0136,2026-02,1081,95918.12,31,1154.48
M-0136,2026-03,1080,92601.23,17,1099.45
M-0136,2026-04,1034,97351.36,23,1162.69
M-0136,2026-05,856,81841.77,29,937.16
M-0136,2026-06,1239,95859.1,21,1163.0
M-0137,2024-01,1147,45039.59,65,838.45
M-0137,2024-02,1268,53082.24,48,981.69
M-0137,2024-03,1392,58486.03,60,1134.43
M-0137,2024-04,1462,55677.7,83,1026.05
M-0137,2024-05,1463,58412.32,57,1155.34
M-0137,2024-06,1413,58418.15,66,1125.97
M-0137,2024-07,1594,67583.22,87,1233.94
M-0137,2024-08,1515,64079.86,59,1213.97
M-0137,2024-09,1440,63513.04,67,1119.41
M-0137,2024-10,1602,67194.29,46,1216.38
M-0137,2024-11,2075,86501.0,92,1682.53
M-0137,2024-12,2280,91511.19,128,1680.5
M-0137,2025-01,1221,50627.54,54,954.33
M-0137,2025-02,1555,65234.12,60,1234.29
M-0137,2025-03,1732,66414.18,89,1239.44
M-0137,2025-04,1792,69908.35,74,1357.53
M-0137,2025-05,1264,56550.25,63,1066.99
M-0137,2025-06,1550,64957.44,90,1216.67
M-0137,2025-07,1727,69650.88,61,1330.29
M-0137,2025-08,1626,65753.66,60,1247.63
M-0137,2025-09,1360,61846.4,66,1151.45
M-0137,2025-10,1397,62674.56,62,1230.31
M-0137,2025-11,1995,85398.22,95,1587.78
M-0137,2025-12,2542,101117.98,95,1964.23
M-0137,2026-01,1406,62114.88,74,1190.4
M-0137,2026-02,1662,73567.04,56,1374.4
M-0137,2026-03,1549,69592.2,50,1363.85
M-0137,2026-04,1869,68910.28,122,1279.37
M-0137,2026-05,1580,70155.71,99,1302.36
M-0137,2026-06,1383,58068.37,169,1050.98
M-0138,2024-10,667,26559.92,26,482.15
M-0138,2024-11,1380,55766.49,58,1078.65
M-0138,2024-12,2174,93468.52,116,1783.32
M-0138,2025-01,1688,67377.85,85,1296.88
M-0138,2025-02,2022,91755.17,81,1757.38
M-0138,2025-03,2836,106993.12,155,1936.08
M-0138,2025-04,2575,104167.01,118,1889.52
M-0138,2025-05,2607,107547.91,100,2001.09
M-0138,2025-06,2943,122875.06,110,2325.21
M-0138,2025-07,2761,105909.69,121,2047.2
M-0138,2025-08,2848,123214.72,110,2297.6
M-0138,2025-09,2586,114967.75,120,2162.43
M-0138,2025-10,2744,124485.55,136,2318.83
M-0138,2025-11,3307,146708.94,148,2773.04
M-0138,2025-12,4096,176544.05,184,3264.91
M-0138,2026-01,2341,98909.3,107,1860.9
M-0138,2026-02,3085,126324.42,147,2240.6
M-0138,2026-03,3359,134311.32,176,2636.2
M-0138,2026-04,2947,117522.54,148,2220.25
M-0138,2026-05,2939,129338.93,117,2440.95
M-0138,2026-06,2879,125129.26,104,2263.33
M-0139,2026-04,524,42132.06,10,512.47
M-0139,2026-05,896,78780.42,22,957.95
M-0139,2026-06,1237,99072.26,29,1199.86
M-0140,2025-10,564,10827.33,10,174.0
M-0140,2025-11,872,17005.93,20,260.92
M-0140,2025-12,1752,32861.08,37,516.46
M-0140,2026-01,1272,25133.7,15,389.26
M-0140,2026-02,2323,42564.68,51,679.56
M-0140,2026-03,2494,45016.35,38,701.8
M-0140,2026-04,2170,40035.35,59,634.16
M-0140,2026-05,2336,43899.33,51,729.78
M-0140,2026-06,2493,47924.77,55,764.03
M-0141,2024-07,189,5369.04,4,72.35
M-0141,2024-08,276,7976.43,8,110.89
M-0141,2024-09,403,11469.02,8,166.07
M-0141,2024-10,528,14031.19,15,194.37
M-0141,2024-11,872,23178.47,24,332.09
M-0141,2024-12,1064,29496.09,29,413.38
M-0141,2025-01,669,18831.13,24,261.68
M-0141,2025-02,834,22253.33,26,316.74
M-0141,2025-03,689,19012.39,17,265.03
M-0141,2025-04,760,21485.9,29,297.56
M-0141,2025-05,773,20499.18,11,277.93
M-0141,2025-06,872,24196.68,20,334.09
M-0141,2025-07,759,21945.68,14,329.07
M-0141,2025-08,843,23297.52,26,327.46
M-0141,2025-09,818,23882.52,31,340.34
M-0141,2025-10,816,21978.2,32,313.0
M-0141,2025-11,990,27387.14,23,397.93
M-0141,2025-12,1164,33915.66,39,475.2
M-0141,2026-01,666,19339.59,17,278.27
M-0141,2026-02,874,22705.3,16,313.19
M-0141,2026-03,858,23983.29,24,324.39
M-0141,2026-04,888,23693.7,29,331.05
M-0141,2026-05,853,26110.46,15,355.66
M-0141,2026-06,851,24466.48,18,347.05
M-0142,2025-02,1316,32632.3,41,466.98
M-0142,2025-03,1684,48558.04,28,680.3
M-0142,2025-04,2919,74350.0,74,1041.41
M-0142,2025-05,3370,97574.19,85,1342.76
M-0142,2025-06,3648,103203.09,77,1390.43
M-0142,2025-07,4692,123362.99,129,1789.49
M-0142,2025-08,4921,127891.94,142,1765.0
M-0142,2025-09,4603,129003.56,117,1851.06
M-0142,2025-10,4688,129140.27,118,1819.32
M-0142,2025-11,5513,153551.68,161,2143.89
M-0142,2025-12,6723,208694.31,134,2989.69
M-0142,2026-01,4117,123672.85,104,1750.71
M-0142,2026-02,4555,137767.12,128,1915.25
M-0142,2026-03,4984,134822.73,106,1830.74
M-0142,2026-04,4079,124058.4,115,1521.42
M-0142,2026-05,4661,129015.19,117,1887.58
M-0142,2026-06,5369,147932.98,129,2164.19
M-0143,2024-01,1123,32674.51,19,466.68
M-0143,2024-02,1234,34024.67,28,477.17
M-0143,2024-03,1189,35606.91,31,505.41
M-0143,2024-04,1313,35195.82,24,479.74
M-0143,2024-05,1143,31261.98,22,438.7
M-0143,2024-06,1407,38430.16,41,525.48
M-0143,2024-07,1299,38779.86,40,582.28
M-0143,2024-08,1140,33301.54,37,480.58
M-0143,2024-09,1565,39838.23,37,578.72
M-0143,2024-10,1305,36308.87,40,481.36
M-0143,2024-11,1939,52202.44,81,727.58
M-0143,2024-12,2077,62912.93,50,868.95
M-0143,2025-01,1134,32927.88,28,453.04
M-0143,2025-02,1370,42118.94,26,559.66
M-0143,2025-03,1390,41821.39,22,565.34
M-0143,2025-04,1340,39173.9,39,537.11
M-0143,2025-05,1544,42912.26,41,598.95
M-0143,2025-06,1548,44270.86,33,633.92
M-0143,2025-07,1402,39213.37,24,555.06
M-0143,2025-08,1427,39665.82,31,564.9
M-0143,2025-09,1627,45203.52,35,605.79
M-0143,2025-10,1504,42567.93,34,632.05
M-0143,2025-11,1983,55053.74,42,790.27
M-0143,2025-12,2296,64696.01,54,910.12
M-0143,2026-01,1310,37511.62,43,528.58
M-0143,2026-02,1561,42507.13,28,581.98
M-0143,2026-03,1638,44566.65,40,623.1
M-0143,2026-04,1653,46396.38,42,610.09
M-0143,2026-05,1586,45379.5,42,617.87
M-0143,2026-06,1574,43857.63,40,596.59
M-0144,2024-01,725,20627.52,21,281.74
M-0144,2024-02,881,23733.34,20,324.64
M-0144,2024-03,873,23555.86,29,325.85
M-0144,2024-04,1000,26413.49,27,354.94
M-0144,2024-05,992,26478.81,29,366.64
M-0144,2024-06,859,22607.35,23,321.25
M-0144,2024-07,894,24766.07,19,337.25
M-0144,2024-08,912,25776.13,18,358.74
M-0144,2024-09,1019,26001.42,22,353.51
M-0144,2024-10,936,27139.27,20,363.69
M-0144,2024-11,1107,32111.11,18,467.17
M-0144,2024-12,1195,35057.54,39,515.13
M-0144,2025-01,791,20681.1,16,291.03
M-0144,2025-02,969,27087.71,26,383.4
M-0144,2025-03,925,27374.7,21,387.33
M-0144,2025-04,1015,28376.4,19,396.91
M-0144,2025-05,950,26013.71,23,363.04
M-0144,2025-06,999,26762.57,24,356.86
M-0144,2025-07,1062,29047.38,18,417.15
M-0144,2025-08,980,26490.04,23,379.07
M-0144,2025-09,1063,29215.09,20,386.69
M-0144,2025-10,1011,29029.1,20,408.52
M-0144,2025-11,1320,36005.85,46,497.47
M-0144,2025-12,1544,40038.25,38,580.35
M-0144,2026-01,910,25068.1,22,351.03
M-0144,2026-02,1021,29938.44,29,429.3
M-0144,2026-03,1024,28086.69,30,391.82
M-0144,2026-04,1072,30314.51,34,438.42
M-0144,2026-05,1049,28843.62,27,404.02
M-0144,2026-06,1060,31835.86,30,429.01
M-0145,2025-05,42,9351.34,0,101.34
M-0145,2025-06,88,21160.94,0,227.63
M-0145,2025-07,136,30072.55,5,363.67
M-0145,2025-08,148,36884.79,4,406.88
M-0145,2025-09,146,33910.79,4,369.97
M-0145,2025-10,147,37082.38,9,420.29
M-0145,2025-11,168,40915.18,5,458.87
M-0145,2025-12,146,38053.9,3,399.5
M-0145,2026-01,117,27609.24,3,312.89
M-0145,2026-02,123,28710.31,6,314.74
M-0145,2026-03,143,37643.43,2,397.4
M-0145,2026-04,155,40914.08,7,432.99
M-0145,2026-05,157,39225.93,6,435.41
M-0145,2026-06,234,57038.56,5,608.04
M-0146,2026-02,262,7808.6,6,115.33
M-0146,2026-03,479,12728.03,15,174.3
M-0146,2026-04,741,18904.85,9,265.92
M-0146,2026-05,658,18178.24,15,240.37
M-0146,2026-06,897,26072.85,23,362.13
M-0147,2026-04,485,13313.46,20,190.84
M-0147,2026-05,770,22285.63,15,326.06
M-0147,2026-06,1197,34695.86,28,494.59
M-0148,2024-11,151,6364.59,2,119.06
M-0148,2024-12,308,12558.11,9,239.31
M-0148,2025-01,228,9583.54,9,177.95
M-0148,2025-02,316,13858.95,12,264.41
M-0148,2025-03,487,19047.68,28,375.74
M-0148,2025-04,482,22490.82,22,418.69
M-0148,2025-05,474,20334.4,28,361.85
M-0148,2025-06,484,21075.71,28,414.78
M-0148,2025-07,528,20462.1,24,397.8
M-0148,2025-08,491,20512.2,20,373.68
M-0148,2025-09,493,20970.88,20,410.46
M-0148,2025-10,551,23654.04,19,455.43
M-0148,2025-11,611,25977.72,29,509.23
M-0148,2025-12,697,29807.76,45,578.07
M-0148,2026-01,383,17190.5,27,308.32
M-0148,2026-02,421,19752.1,43,386.54
M-0148,2026-03,348,14781.9,49,286.09
M-0148,2026-04,287,11978.03,47,230.38
M-0149,2026-05,139,4027.88,3,56.96
M-0149,2026-06,235,6899.7,5,97.11
M-0150,2024-02,666,12582.77,21,198.02
M-0150,2024-03,1185,21615.94,20,350.64
M-0150,2024-04,1619,30240.45,42,483.06
M-0150,2024-05,2077,41161.22,45,690.92
M-0150,2024-06,2486,47651.69,59,737.39
M-0150,2024-07,3404,66078.32,71,1022.89
M-0150,2024-08,3392,65081.51,81,1050.36
M-0150,2024-09,3055,59495.19,77,941.63
M-0150,2024-10,3283,59504.77,78,948.8
M-0150,2024-11,2894,60811.79,60,953.38
M-0150,2024-12,4589,81964.34,102,1356.9
M-0150,2025-01,2556,51148.37,61,814.03
M-0150,2025-02,3056,53809.09,69,870.06
M-0150,2025-03,3110,60811.95,73,1034.87
M-0150,2025-04,3159,56168.99,75,867.14
M-0150,2025-05,2888,56786.59,84,927.15
M-0150,2025-06,3162,55990.28,56,868.95
M-0150,2025-07,4006,71579.54,91,1172.22
M-0150,2025-08,3703,70315.88,109,1117.88
M-0150,2025-09,2791,54796.2,126,907.04
M-0150,2025-10,2806,52379.51,121,847.73
M-0150,2025-11,2503,41419.4,113,657.02
M-0150,2025-12,2622,46796.29,172,784.2
M-0151,2025-05,312,8565.42,17,122.32
M-0151,2025-06,533,14688.51,12,205.41
M-0151,2025-07,693,19742.4,22,288.11
M-0151,2025-08,1092,27368.56,24,377.51
M-0151,2025-09,1135,31205.24,21,428.74
M-0151,2025-10,1387,37520.62,42,494.21
M-0151,2025-11,1744,45032.34,46,632.24
M-0151,2025-12,1899,53226.04,52,759.91
M-0151,2026-01,1037,29734.49,20,421.83
M-0151,2026-02,1465,39393.34,47,554.18
M-0151,2026-03,1295,37627.11,20,554.84
M-0151,2026-04,1303,38835.15,31,553.86
M-0151,2026-05,1543,42407.43,27,604.08
M-0151,2026-06,1529,39134.66,39,547.32
M-0152,2025-10,485,8740.33,16,138.54
M-0152,2025-11,780,15180.89,20,246.3
M-0152,2025-12,1469,27229.89,32,448.38
M-0152,2026-01,1213,21760.35,26,361.38
M-0152,2026-02,1625,32637.97,34,525.77
M-0152,2026-03,1924,38302.09,46,662.45
M-0152,2026-04,2224,40753.26,46,626.06
M-0152,2026-05,2241,39895.04,40,627.66
M-0152,2026-06,2060,40590.44,42,626.99
M-0153,2025-11,313,12592.31,11,233.62
M-0153,2025-12,505,22447.71,26,418.86
M-0153,2026-01,433,17542.88,27,325.7
M-0153,2026-02,617,26203.94,32,485.14
M-0153,2026-03,762,30943.03,40,556.64
M-0153,2026-04,899,38624.09,34,752.67
M-0153,2026-05,862,37420.48,35,716.83
M-0153,2026-06,954,39126.93,46,784.06
M-0154,2024-01,1602,67198.51,60,1353.83
M-0154,2024-02,2240,91896.82,105,1825.71
M-0154,2024-03,2250,89648.2,100,1710.31
M-0154,2024-04,2139,85633.45,97,1699.75
M-0154,2024-05,2021,91383.27,68,1696.35
M-0154,2024-06,2172,96758.91,103,1841.15
M-0154,2024-07,2146,86987.03,95,1649.75
M-0154,2024-08,2302,91771.14,81,1727.37
M-0154,2024-09,2062,88175.17,79,1635.47
M-0154,2024-10,1983,85387.42,83,1574.86
M-0154,2024-11,2879,115600.61,102,2217.24
M-0154,2024-12,3060,127988.2,129,2453.08
M-0154,2025-01,2010,84211.99,70,1713.09
M-0154,2025-02,1990,82028.47,81,1561.54
M-0154,2025-03,2138,93149.7,96,1748.19
M-0154,2025-04,2340,96406.74,115,1765.79
M-0154,2025-05,2379,104731.43,126,2037.02
M-0154,2025-06,2438,104759.85,85,1931.23
M-0154,2025-07,2327,98875.41,108,1914.19
M-0154,2025-08,2302,97397.78,106,1869.41
M-0154,2025-09,2127,94174.65,115,1857.1
M-0154,2025-10,2458,103646.48,130,2080.76
M-0154,2025-11,2650,122953.43,85,2294.25
M-0154,2025-12,3147,138602.75,161,2594.92
M-0154,2026-01,2311,83614.97,111,1564.43
M-0154,2026-02,2575,103028.11,101,1933.65
M-0154,2026-03,2491,105220.21,121,1972.32
M-0154,2026-04,2439,97292.4,116,1891.99
M-0154,2026-05,2659,110260.55,154,2076.62
M-0154,2026-06,2572,105401.56,109,2004.43
M-0155,2024-01,918,74389.99,20,884.28
M-0155,2024-02,838,70913.33,15,837.03
M-0155,2024-03,830,68388.25,14,811.42
M-0155,2024-04,844,70287.43,15,831.88
M-0155,2024-05,694,64086.3,11,808.68
M-0155,2024-06,884,71581.68,24,832.26
M-0155,2024-07,906,72337.82,22,866.64
M-0155,2024-08,860,69932.9,9,874.24
M-0155,2024-09,935,79126.43,16,980.82
M-0155,2024-10,831,70731.27,26,846.88
M-0155,2024-11,845,72411.0,25,871.71
M-0155,2024-12,1054,82196.19,16,1004.63
M-0155,2025-01,826,74159.55,19,860.25
M-0155,2025-02,939,82603.35,24,1082.66
M-0155,2025-03,1006,74556.29,26,915.89
M-0155,2025-04,829,70839.34,12,880.31
M-0155,2025-05,954,75427.35,24,889.81
M-0155,2025-06,1020,85304.92,29,997.16
M-0155,2025-07,1058,86073.17,24,1067.84
M-0155,2025-08,1019,80143.12,14,992.0
M-0155,2025-09,1161,82737.46,22,997.69
M-0155,2025-10,957,82326.8,16,968.55
M-0155,2025-11,931,76303.73,18,953.68
M-0155,2025-12,1056,82904.23,16,1024.15
M-0155,2026-01,1027,86554.97,11,1051.05
M-0155,2026-02,887,82805.93,7,989.06
M-0155,2026-03,1020,92334.56,16,1137.53
M-0155,2026-04,960,84030.26,24,1023.91
M-0155,2026-05,962,88796.37,15,1058.33
M-0155,2026-06,1044,85490.55,12,1032.14
M-0156,2024-01,4438,174761.76,194,3419.13
M-0156,2024-02,4242,189625.0,162,3748.57
M-0156,2024-03,6072,228722.6,296,4310.86
M-0156,2024-04,4724,191534.66,263,3705.94
M-0156,2024-05,5147,218558.12,217,4276.95
M-0156,2024-06,5030,206890.91,222,3717.89
M-0156,2024-07,5285,222793.7,265,4192.08
M-0156,2024-08,4661,197525.52,150,3681.01
M-0156,2024-09,5301,216541.56,212,4228.74
M-0156,2024-10,4890,208889.48,243,3871.77
M-0156,2024-11,7256,299534.88,324,5731.99
M-0156,2024-12,7531,329449.42,369,6474.3
M-0156,2025-01,4442,191828.58,178,3704.41
M-0156,2025-02,5272,218472.38,192,4000.14
M-0156,2025-03,6024,254745.03,275,4973.41
M-0156,2025-04,5534,218462.58,270,4123.47
M-0156,2025-05,6551,256144.95,332,4831.62
M-0156,2025-06,6517,247962.44,285,4787.75
M-0156,2025-07,5862,249028.41,278,4716.38
M-0156,2025-08,5315,233527.89,219,4223.27
M-0156,2025-09,6254,258105.81,287,5151.4
M-0156,2025-10,6148,259934.12,259,4881.59
M-0156,2025-11,7539,322774.53,262,5653.76
M-0156,2025-12,8972,371712.51,429,7247.94
M-0156,2026-01,5194,222896.22,265,4147.39
M-0156,2026-02,5461,236185.87,321,4365.45
M-0156,2026-03,6697,264771.16,341,5242.26
M-0156,2026-04,5805,256337.3,178,4700.09
M-0156,2026-05,6459,276729.41,287,5389.36
M-0156,2026-06,6862,287063.51,296,5406.37
M-0157,2024-01,215,49773.18,4,540.09
M-0157,2024-02,208,54839.35,4,586.2
M-0157,2024-03,378,82979.5,13,920.35
M-0157,2024-04,340,76534.97,16,838.69
M-0157,2024-05,359,83360.13,7,858.56
M-0157,2024-06,508,120149.93,18,1344.09
M-0157,2024-07,555,122194.21,21,1311.65
M-0157,2024-08,447,108622.33,15,1189.3
M-0157,2024-09,299,75182.12,15,841.87
M-0157,2024-10,353,85506.56,9,957.06
M-0157,2024-11,379,91110.9,15,969.75
M-0157,2024-12,339,84493.82,15,892.28
M-0157,2025-01,240,65106.28,7,739.77
M-0157,2025-02,278,64415.98,14,708.9
M-0157,2025-03,377,88484.27,16,934.62
M-0157,2025-04,351,87958.32,13,946.29
M-0157,2025-05,386,91788.78,12,1084.14
M-0157,2025-06,448,121066.41,13,1343.7
M-0157,2025-07,477,116726.02,13,1250.87
M-0157,2025-08,472,122324.67,14,1338.9
M-0157,2025-09,390,91332.62,22,1008.28
M-0157,2025-10,332,80777.98,10,846.75
M-0157,2025-11,414,99394.55,17,1058.23
M-0157,2025-12,364,84936.04,17,912.73
M-0157,2026-01,305,68163.35,10,735.45
M-0157,2026-02,282,69317.09,10,783.69
M-0157,2026-03,363,92957.73,11,961.2
M-0157,2026-04,419,107713.98,8,1197.07
M-0157,2026-05,373,92784.33,8,1001.48
M-0157,2026-06,544,135556.36,19,1490.95
M-0158,2024-01,52,13263.47,1,142.79
M-0158,2024-02,75,17558.49,5,188.25
M-0158,2024-03,107,28601.73,4,317.04
M-0158,2024-04,123,30766.53,4,341.5
M-0158,2024-05,126,30482.45,1,321.83
M-0158,2024-06,178,41999.51,5,484.82
M-0158,2024-07,217,50608.77,13,532.45
M-0158,2024-08,195,43482.07,9,469.24
M-0158,2024-09,151,35863.66,4,371.18
M-0158,2024-10,122,32746.69,2,367.96
M-0158,2024-11,129,33115.72,6,392.88
M-0158,2024-12,134,31736.75,6,349.57
M-0158,2025-01,96,23312.39,6,262.34
M-0158,2025-02,81,20841.06,5,223.46
M-0158,2025-03,99,24100.15,6,270.05
M-0158,2025-04,86,19382.02,8,208.75
M-0159,2024-01,984,18664.81,23,282.13
M-0159,2024-02,1226,24456.11,21,381.76
M-0159,2024-03,1388,26118.09,28,419.7
M-0159,2024-04,1426,28014.46,35,466.01
M-0159,2024-05,1509,27130.07,33,423.39
M-0159,2024-06,1377,27760.73,29,481.62
M-0159,2024-07,1693,31814.66,45,502.34
M-0159,2024-08,1665,32326.05,32,516.68
M-0159,2024-09,1399,28520.62,39,454.82
M-0159,2024-10,1381,25073.65,34,386.7
M-0159,2024-11,1568,29409.63,28,452.89
M-0159,2024-12,1989,37970.06,49,603.3
M-0159,2025-01,1309,23328.82,20,370.11
M-0159,2025-02,1583,31015.79,36,518.44
M-0159,2025-03,1414,27065.38,31,408.28
M-0159,2025-04,1508,29736.11,35,443.4
M-0159,2025-05,1635,30101.1,38,488.58
M-0159,2025-06,1539,27525.62,29,455.02
M-0159,2025-07,1752,34729.45,34,541.44
M-0159,2025-08,1772,31689.71,37,490.75
M-0159,2025-09,1544,32074.24,23,499.99
M-0159,2025-10,1564,28133.46,30,464.11
M-0159,2025-11,1364,25964.13,24,436.92
M-0159,2025-12,2171,40675.8,58,663.6
M-0159,2026-01,1317,23243.27,30,362.19
M-0159,2026-02,1580,29982.1,31,474.49
M-0159,2026-03,1688,31176.84,38,525.97
M-0159,2026-04,1614,31225.89,40,495.11
M-0159,2026-05,1659,31311.98,28,514.53
M-0159,2026-06,1772,33871.61,43,540.07
M-0160,2025-10,381,16323.31,10,314.84
M-0160,2025-11,754,29177.56,31,567.38
M-0160,2025-12,1138,52415.86,52,1032.73
M-0160,2026-01,848,33248.41,32,630.27
M-0160,2026-02,1310,56291.17,57,1114.46
M-0160,2026-03,1425,59269.68,54,1158.51
M-0160,2026-04,1670,71254.07,64,1364.96
M-0160,2026-05,1653,73926.36,76,1442.78
M-0160,2026-06,1755,71239.75,66,1418.28
M-0161,2025-12,410,8080.03,12,124.9
M-0161,2026-01,349,7005.58,8,117.52
M-0161,2026-02,797,14030.26,13,222.6
M-0161,2026-03,894,16308.96,26,266.94
M-0161,2026-04,927,18710.52,17,300.32
M-0161,2026-05,1212,23129.34,32,375.36
M-0161,2026-06,1259,24844.67,26,385.52
M-0162,2024-01,292,5859.18,7,93.77
M-0162,2024-02,368,7040.95,3,110.71
M-0162,2024-03,367,6907.95,8,112.51
M-0162,2024-04,352,7118.87,8,116.86
M-0162,2024-05,407,7288.54,9,112.58
M-0162,2024-06,337,6816.5,5,109.76
M-0162,2024-07,471,8878.51,6,149.05
M-0162,2024-08,481,8423.17,15,129.93
M-0162,2024-09,360,7186.44,6,119.49
M-0162,2024-10,419,7724.26,15,124.41
M-0162,2024-11,455,7858.96,10,123.48
M-0162,2024-12,655,11724.22,16,191.29
M-0162,2025-01,327,6128.8,4,100.67
M-0162,2025-02,387,7902.6,14,123.61
M-0162,2025-03,392,7761.63,7,122.7
M-0162,2025-04,412,7781.71,17,120.19
M-0162,2025-05,392,8141.53,4,128.3
M-0162,2025-06,387,7409.28,5,113.2
M-0162,2025-07,519,9939.23,10,157.23
M-0162,2025-08,487,9207.69,12,150.1
M-0162,2025-09,389,7565.84,6,120.39
M-0162,2025-10,535,9280.7,10,149.28
M-0162,2025-11,512,9644.96,13,153.67
M-0162,2025-12,655,12272.27,17,183.84
M-0162,2026-01,404,7513.69,14,115.9
M-0162,2026-02,473,9074.85,14,135.68
M-0162,2026-03,433,8615.57,10,133.98
M-0162,2026-04,447,9186.25,13,145.06
M-0162,2026-05,455,8873.2,6,141.02
M-0162,2026-06,478,9145.81,15,141.61
M-0163,2024-08,326,8523.4,5,123.76
M-0163,2024-09,498,14033.58,17,195.52
M-0163,2024-10,792,20845.62,20,289.62
M-0163,2024-11,1300,35998.75,33,497.36
M-0163,2024-12,1540,44722.07,44,620.2
M-0163,2025-01,1220,32316.35,34,460.65
M-0163,2025-02,1267,36963.89,39,510.2
M-0163,2025-03,1418,39029.18,44,530.73
M-0163,2025-04,1272,34862.2,33,481.53
M-0163,2025-05,1354,39142.8,27,548.16
M-0163,2025-06,1304,34541.55,29,495.98
M-0163,2025-07,1341,36614.88,32,487.25
M-0163,2025-08,1483,40313.0,41,565.56
M-0163,2025-09,1574,41894.68,42,594.29
M-0163,2025-10,1424,38757.35,35,532.64
M-0163,2025-11,1901,53254.07,45,765.46
M-0163,2025-12,2175,56250.6,72,820.72
M-0163,2026-01,1348,37695.9,20,538.99
M-0163,2026-02,1406,39910.58,37,555.61
M-0163,2026-03,1325,42245.26,24,598.89
M-0163,2026-04,1510,40660.34,30,596.54
M-0163,2026-05,1528,42733.51,35,602.42
M-0163,2026-06,1824,48800.04,50,739.28
M-0164,2024-01,703,19387.34,18,244.97
M-0164,2024-02,1096,30042.58,31,429.91
M-0164,2024-03,1291,38832.09,31,556.5
M-0164,2024-04,1623,44253.87,40,609.08
M-0164,2024-05,1621,46736.18,38,691.52
M-0164,2024-06,1661,45541.12,50,655.99
M-0164,2024-07,1692,46097.41,60,658.6
M-0164,2024-08,1444,40116.18,37,547.69
M-0164,2024-09,1476,41603.56,31,603.49
M-0164,2024-10,1692,45431.09,42,642.89
M-0164,2024-11,1957,49439.63,50,710.03
M-0164,2024-12,2440,69587.46,53,965.98
M-0164,2025-01,1488,41718.24,34,599.95
M-0164,2025-02,1776,48852.0,55,676.56
M-0164,2025-03,1803,51301.34,32,711.52
M-0164,2025-04,1688,49244.39,37,658.56
M-0164,2025-05,1809,51062.32,45,681.52
M-0164,2025-06,1723,52315.74,55,737.02
M-0164,2025-07,1632,46442.06,43,640.64
M-0164,2025-08,1947,51242.66,52,748.51
M-0164,2025-09,1826,55007.78,45,773.05
M-0164,2025-10,1984,54740.9,50,770.14
M-0164,2025-11,2153,64834.02,45,896.77
M-0164,2025-12,2587,75680.88,59,1031.91
M-0164,2026-01,1545,45149.15,36,625.63
M-0164,2026-02,2086,55348.39,41,799.9
M-0164,2026-03,1896,51057.5,52,711.07
M-0164,2026-04,2209,56728.28,53,804.08
M-0164,2026-05,2033,53746.83,54,760.82
M-0164,2026-06,1906,52013.25,48,717.37
M-0165,2025-10,385,7006.6,7,104.02
M-0165,2025-11,667,12877.89,25,207.34
M-0165,2025-12,1221,21534.26,33,325.45
M-0165,2026-01,877,16184.86,21,265.53
M-0165,2026-02,1492,26865.9,23,420.61
M-0165,2026-03,1600,32053.65,42,510.71
M-0165,2026-04,1531,29679.31,32,437.15
M-0165,2026-05,1499,29658.49,30,502.84
M-0165,2026-06,1535,29788.99,33,482.69
M-0166,2024-01,1599,30844.26,28,481.04
M-0166,2024-02,1800,35326.12,55,558.74
M-0166,2024-03,1784,37207.4,32,579.84
M-0166,2024-04,2131,38645.07,52,588.48
M-0166,2024-05,1695,33049.53,45,533.74
M-0166,2024-06,1888,36126.07,38,604.51
M-0166,2024-07,2133,44744.94,46,755.27
M-0166,2024-08,2058,39814.74,49,629.94
M-0166,2024-09,1965,36969.32,40,588.47
M-0166,2024-10,2010,37748.44,47,618.78
M-0166,2024-11,1952,38321.82,51,595.04
M-0166,2024-12,2641,49281.09,62,782.94
M-0166,2025-01,1658,31595.27,45,489.92
M-0166,2025-02,2076,36995.24,42,592.5
M-0166,2025-03,2033,36540.3,44,562.55
M-0166,2025-04,1924,36612.43,37,558.29
M-0166,2025-05,2207,40087.33,40,642.61
M-0166,2025-06,1978,39624.98,51,629.83
M-0166,2025-07,2216,41658.91,49,696.09
M-0166,2025-08,2269,41287.19,37,643.34
M-0166,2025-09,2283,42270.27,47,679.64
M-0166,2025-10,2143,41032.96,50,639.43
M-0166,2025-11,2118,38941.97,46,646.08
M-0166,2025-12,3014,55387.56,69,915.59
M-0166,2026-01,1870,34722.2,34,558.77
M-0166,2026-02,2278,42831.24,47,688.37
M-0166,2026-03,2134,38643.66,51,619.46
M-0166,2026-04,2476,43633.51,53,706.95
M-0166,2026-05,2211,42061.36,44,653.17
M-0166,2026-06,2124,42621.24,42,663.57
M-0167,2025-04,125,9047.56,5,106.32
M-0167,2025-05,167,13439.14,1,160.38
M-0167,2025-06,232,20076.15,8,244.87
M-0167,2025-07,290,25379.97,11,315.26
M-0167,2025-08,355,32728.92,5,374.57
M-0167,2025-09,370,32171.02,6,393.12
M-0167,2025-10,425,37345.95,5,450.09
M-0167,2025-11,486,40036.77,8,500.54
M-0167,2025-12,473,39486.58,10,490.27
M-0167,2026-01,444,37671.54,12,459.01
M-0167,2026-02,485,40552.28,9,475.43
M-0167,2026-03,418,36964.12,7,427.7
M-0167,2026-04,490,38494.75,2,465.68
M-0167,2026-05,449,38396.4,10,441.41
M-0167,2026-06,540,39642.62,6,499.34
M-0168,2024-01,790,66154.41,17,789.69
M-0168,2024-02,709,67285.12,10,800.58
M-0168,2024-03,919,78773.25,18,927.69
M-0168,2024-04,781,67561.59,7,792.06
M-0168,2024-05,802,71053.94,21,881.52
M-0168,2024-06,978,78560.83,26,961.4
M-0168,2024-07,904,82813.04,16,1008.71
M-0168,2024-08,825,75164.1,12,923.55
M-0168,2024-09,915,75068.5,23,847.66
M-0168,2024-10,856,75711.89,29,878.24
M-0168,2024-11,909,75618.16,24,913.23
M-0168,2024-12,948,76997.41,15,936.62
M-0168,2025-01,942,83598.62,21,1026.26
M-0168,2025-02,912,82603.88,15,1026.72
M-0168,2025-03,845,82431.33,13,977.2
M-0168,2025-04,1131,85939.27,13,1041.69
M-0168,2025-05,893,76836.97,28,935.98
M-0168,2025-06,1152,92437.61,33,1111.04
M-0168,2025-07,1026,84017.42,18,1015.33
M-0168,2025-08,990,88436.12,18,1044.71
M-0168,2025-09,951,79223.22,10,937.22
M-0168,2025-10,985,85346.82,16,1022.13
M-0168,2025-11,1071,91167.75,24,1057.72
M-0168,2025-12,1138,91579.79,22,1058.37
M-0168,2026-01,1081,89012.25,21,1109.9
M-0168,2026-02,793,70065.66,19,853.07
M-0168,2026-03,873,70252.12,32,825.9
M-0168,2026-04,669,58607.42,28,707.72
M-0168,2026-05,522,46210.58,34,562.85
M-0169,2024-01,1275,48931.9,50,952.81
M-0169,2024-02,1334,55830.21,47,1087.65
M-0169,2024-03,1569,62995.47,69,1214.24
M-0169,2024-04,1384,57749.4,89,1140.72
M-0169,2024-05,1200,52441.29,51,964.23
M-0169,2024-06,1427,56189.4,71,1094.52
M-0169,2024-07,1370,58932.89,68,1128.28
M-0169,2024-08,1487,58357.76,60,1100.27
M-0169,2024-09,1385,60625.81,57,1174.6
M-0169,2024-10,1393,56687.87,54,1090.0
M-0169,2024-11,1854,73322.47,51,1435.0
M-0169,2024-12,2145,94746.49,86,1833.06
M-0169,2025-01,1399,54593.63,69,1027.16
M-0169,2025-02,1693,73182.42,58,1298.7
M-0169,2025-03,1616,63399.14,60,1217.7
M-0169,2025-04,1637,70241.77,66,1367.8
M-0169,2025-05,1410,60119.34,66,1224.42
M-0169,2025-06,1474,62167.57,65,1203.42
M-0169,2025-07,1687,68797.0,85,1266.17
M-0169,2025-08,1551,65706.24,68,1213.31
M-0169,2025-09,1862,75718.28,91,1417.64
M-0169,2025-10,1442,63466.16,69,1205.78
M-0169,2025-11,1895,88039.08,66,1648.28
M-0169,2025-12,2339,106371.13,94,1955.11
M-0169,2026-01,1308,55934.08,53,1114.61
M-0169,2026-02,1383,64808.8,78,1245.97
M-0169,2026-03,1684,70486.15,73,1306.48
M-0169,2026-04,1484,62904.94,42,1219.72
M-0169,2026-05,1801,71005.83,92,1430.91
M-0169,2026-06,1896,77826.65,87,1517.88
M-0170,2026-05,502,14489.05,10,193.49
M-0170,2026-06,841,21367.95,19,288.74
M-0171,2024-01,83,20140.65,2,220.19
M-0171,2024-02,87,19559.75,1,211.23
M-0171,2024-03,110,27106.3,4,285.04
M-0171,2024-04,109,26725.64,4,305.4
M-0171,2024-05,111,28141.94,6,307.78
M-0171,2024-06,157,38927.57,4,434.23
M-0171,2024-07,189,45914.54,6,518.46
M-0171,2024-08,140,34481.79,10,382.48
M-0171,2024-09,126,31355.82,9,346.76
M-0171,2024-10,125,30927.91,4,348.18
M-0171,2024-11,136,33491.0,5,378.28
M-0171,2024-12,111,29361.86,4,317.17
M-0171,2025-01,86,22238.71,1,245.47
M-0171,2025-02,104,24281.48,4,267.53
M-0171,2025-03,135,30277.78,2,350.4
M-0171,2025-04,124,29887.31,3,332.16
M-0171,2025-05,131,32082.62,6,346.17
M-0171,2025-06,187,44533.35,6,479.75
M-0171,2025-07,203,51862.92,10,547.83
M-0171,2025-08,173,41802.59,5,466.54
M-0171,2025-09,128,31915.96,6,352.61
M-0171,2025-10,146,31895.36,5,343.97
M-0171,2025-11,135,33128.25,2,359.32
M-0171,2025-12,128,30641.15,3,339.89
M-0171,2026-01,109,24807.34,2,264.8
M-0171,2026-02,99,25808.57,5,283.21
M-0171,2026-03,136,33371.06,4,376.31
M-0171,2026-04,149,38451.95,9,422.06
M-0171,2026-05,133,34806.24,2,387.64
M-0171,2026-06,167,41888.62,6,449.38
M-0172,2026-03,114,3185.91,1,45.87
M-0172,2026-04,152,4551.33,6,65.05
M-0172,2026-05,231,7086.42,4,97.18
M-0172,2026-06,373,9418.65,17,126.87
M-0173,2025-01,106,4369.12,5,86.42
M-0173,2025-02,252,10127.83,14,192.55
M-0173,2025-03,278,12173.58,17,223.69
M-0173,2025-04,335,15548.47,19,292.44
M-0173,2025-05,462,18198.82,28,340.35
M-0173,2025-06,531,22341.0,26,421.85
M-0173,2025-07,518,21816.81,36,417.97
M-0173,2025-08,535,22708.2,23,433.22
M-0173,2025-09,504,21576.97,22,401.72
M-0173,2025-10,564,23874.9,31,444.74
M-0173,2025-11,694,29164.9,34,536.44
M-0173,2025-12,748,32167.64,36,627.29
M-0173,2026-01,447,19042.2,20,358.58
M-0173,2026-02,520,23226.36,31,421.0
M-0173,2026-03,564,24972.74,25,479.5
M-0173,2026-04,593,23498.57,28,445.1
M-0173,2026-05,559,22511.59,20,433.23
M-0173,2026-06,572,25707.33,27,509.56
M-0174,2024-05,23,6057.6,0,68.43
M-0174,2024-06,56,13709.05,1,148.95
M-0174,2024-07,80,20065.28,6,228.46
M-0174,2024-08,114,26411.1,7,294.91
M-0174,2024-09,100,23620.93,5,255.21
M-0174,2024-10,120,27965.12,7,305.28
M-0174,2024-11,100,23593.05,1,264.56
M-0174,2024-12,108,25434.84,1,273.45
M-0174,2025-01,80,19535.14,1,198.29
M-0174,2025-02,83,20542.19,2,222.73
M-0174,2025-03,114,27548.99,4,316.91
M-0174,2025-04,126,29536.09,7,334.87
M-0174,2025-05,117,26388.14,7,300.73
M-0174,2025-06,164,35648.94,5,405.68
M-0174,2025-07,162,42862.97,4,477.14
M-0174,2025-08,141,38181.74,4,399.69
M-0174,2025-09,115,29376.31,8,326.42
M-0174,2025-10,116,26739.38,3,289.29
M-0174,2025-11,109,28250.84,6,311.63
M-0174,2025-12,138,32614.72,3,375.0
M-0174,2026-01,90,21163.07,3,239.23
M-0174,2026-02,98,21622.82,6,234.28
M-0174,2026-03,126,29558.34,5,300.35
M-0174,2026-04,141,31696.34,6,353.03
M-0174,2026-05,128,30889.5,6,326.26
M-0174,2026-06,162,39101.87,10,426.42
M-0175,2025-03,38,2990.09,3,34.36
M-0175,2025-04,56,4986.33,1,59.82
M-0175,2025-05,89,7609.02,0,88.04
M-0175,2025-06,85,7797.5,4,94.03
M-0175,2025-07,124,10784.46,4,132.24
M-0175,2025-08,146,12234.11,7,145.49
M-0175,2025-09,159,12364.72,6,148.6
M-0175,2025-10,149,13468.57,3,160.48
M-0175,2025-11,153,12902.42,2,154.7
M-0175,2025-12,148,12659.96,6,155.72
M-0175,2026-01,147,13020.29,1,154.06
M-0175,2026-02,169,14344.64,7,177.46
M-0175,2026-03,153,12523.78,7,137.45
M-0175,2026-04,153,13486.65,5,148.81
M-0175,2026-05,169,13806.29,4,167.22
M-0175,2026-06,165,14048.1,3,171.86
M-0176,2026-04,83,20620.72,5,233.02
M-0176,2026-05,155,34975.56,4,388.65
M-0176,2026-06,266,62065.93,8,710.16
M-0177,2024-03,1063,20333.35,31,328.25
M-0177,2024-04,1601,30774.32,37,467.22
M-0177,2024-05,2557,48076.1,57,752.39
M-0177,2024-06,2822,58676.06,68,945.86
M-0177,2024-07,4639,82868.71,100,1332.61
M-0177,2024-08,4966,91665.14,103,1520.95
M-0177,2024-09,4626,83148.5,95,1382.84
M-0177,2024-10,4681,86558.58,121,1388.36
M-0177,2024-11,4432,89136.85,88,1348.37
M-0177,2024-12,6276,123170.52,77,2043.84
M-0177,2025-01,3796,69805.54,76,1190.79
M-0177,2025-02,4809,90088.9,135,1409.13
M-0177,2025-03,4986,95231.34,127,1488.22
M-0177,2025-04,4538,78847.86,99,1246.61
M-0177,2025-05,4670,92877.82,116,1495.84
M-0177,2025-06,5436,104958.02,100,1708.66
M-0177,2025-07,6095,111002.19,157,1831.97
M-0177,2025-08,6067,112377.81,140,1718.01
M-0177,2025-09,4875,91623.44,108,1446.42
M-0177,2025-10,4655,88023.54,127,1433.75
M-0177,2025-11,4892,91915.71,101,1467.23
M-0177,2025-12,7048,128547.01,192,2008.16
M-0177,2026-01,4676,83124.2,121,1274.19
M-0177,2026-02,5148,93328.94,111,1499.32
M-0177,2026-03,5629,103590.66,100,1650.74
M-0177,2026-04,5925,105939.95,116,1608.58
M-0177,2026-05,5533,108553.65,113,1758.25
M-0177,2026-06,5906,110241.82,132,1762.33
M-0178,2024-01,2075,39774.7,51,634.24
M-0178,2024-02,2189,44652.91,56,732.82
M-0178,2024-03,2411,47914.79,63,764.87
M-0178,2024-04,2336,45872.98,48,725.92
M-0178,2024-05,2382,44935.91,42,712.13
M-0178,2024-06,2793,50584.39,64,791.67
M-0178,2024-07,2814,54250.29,44,877.63
M-0178,2024-08,2816,55048.89,62,902.28
M-0178,2024-09,2584,49746.04,69,808.91
M-0178,2024-10,2927,52134.13,50,817.27
M-0178,2024-11,2487,50158.2,57,782.75
M-0178,2024-12,3580,66323.48,80,1065.41
M-0178,2025-01,2085,39037.35,35,597.53
M-0178,2025-02,2659,48809.15,55,790.47
M-0178,2025-03,2514,44784.56,50,736.19
M-0178,2025-04,2567,50691.21,56,798.2
M-0178,2025-05,2810,48710.76,65,747.24
M-0178,2025-06,2875,54680.74,59,886.78
M-0178,2025-07,3626,65338.21,91,1049.15
M-0178,2025-08,3200,61424.57,76,995.8
M-0178,2025-09,2734,55038.07,65,904.23
M-0178,2025-10,2592,52944.68,51,841.39
M-0178,2025-11,2562,51068.82,60,828.83
M-0178,2025-12,3847,73539.33,102,1211.87
M-0178,2026-01,2426,46205.85,69,731.31
M-0178,2026-02,2789,54161.87,67,858.29
M-0178,2026-03,2960,54880.08,70,889.26
M-0178,2026-04,2887,53917.06,65,828.01
M-0178,2026-05,2905,57162.48,78,912.45
M-0178,2026-06,3131,61830.01,56,957.82
M-0179,2025-03,83,3561.82,3,62.95
M-0179,2025-04,122,5373.3,2,98.72
M-0179,2025-05,176,7773.57,5,146.75
M-0179,2025-06,250,9494.49,7,184.17
M-0179,2025-07,272,12445.0,9,236.37
M-0179,2025-08,325,13488.23,10,253.29
M-0179,2025-09,356,14257.12,15,264.68
M-0179,2025-10,379,14512.32,12,283.31
M-0179,2025-11,417,17170.53,16,331.73
M-0179,2025-12,501,20492.16,22,387.49
M-0179,2026-01,266,12433.68,8,235.22
M-0179,2026-02,345,15134.37,9,294.71
M-0179,2026-03,297,12888.18,25,238.61
M-0179,2026-04,384,15430.25,24,286.21
M-0179,2026-05,335,13960.24,11,249.55
M-0179,2026-06,352,15322.41,14,284.29
M-0180,2024-09,120,3163.89,5,43.83
M-0180,2024-10,235,6412.6,5,92.45
M-0180,2024-11,360,10477.36,15,145.74
M-0180,2024-12,581,15186.02,14,199.32
M-0180,2025-01,350,9932.96,7,141.47
M-0180,2025-02,473,14387.88,9,193.67
M-0180,2025-03,529,15772.02,14,209.24
M-0180,2025-04,551,14391.3,6,208.92
M-0180,2025-05,512,14866.04,7,214.81
M-0180,2025-06,556,15141.35,15,215.7
M-0180,2025-07,589,16320.64,21,249.79
M-0180,2025-08,610,16789.51,16,237.1
M-0180,2025-09,464,14598.63,17,199.62
M-0180,2025-10,514,14972.02,12,213.67
M-0180,2025-11,766,19895.25,24,280.73
M-0180,2025-12,879,23917.22,32,348.42
M-0180,2026-01,505,14502.73,11,201.99
M-0180,2026-02,523,16639.07,7,227.65
M-0180,2026-03,558,15521.08,9,216.41
M-0180,2026-04,482,14711.55,10,203.58
M-0180,2026-05,617,17832.36,17,257.71
M-0180,2026-06,558,16127.87,15,232.41
M-0181,2024-01,1470,27513.26,24,460.1
M-0181,2024-02,1745,33787.03,20,525.83
M-0181,2024-03,1896,36464.78,41,597.32
M-0181,2024-04,1682,34210.1,47,573.29
M-0181,2024-05,2074,38200.45,49,612.45
M-0181,2024-06,1882,32911.92,52,516.01
M-0181,2024-07,2189,37640.23,49,598.84
M-0181,2024-08,2159,42299.84,54,662.77
M-0181,2024-09,1753,34431.98,49,542.16
M-0181,2024-10,1742,33084.09,61,497.23
M-0181,2024-11,1478,28964.42,54,463.17
M-0181,2024-12,1659,30915.14,91,482.45
M-0181,2025-01,806,15670.49,56,253.31
M-0182,2024-01,72,6233.62,1,75.69
M-0182,2024-02,110,8789.06,3,107.19
M-0182,2024-03,150,11514.75,4,131.51
M-0182,2024-04,211,16494.42,5,200.9
M-0182,2024-05,232,19687.53,5,237.5
M-0182,2024-06,311,26598.69,7,311.96
M-0182,2024-07,276,23304.27,4,284.02
M-0182,2024-08,258,23215.68,6,293.98
M-0182,2024-09,292,25598.18,8,307.05
M-0182,2024-10,275,25433.34,3,316.63
M-0182,2024-11,201,16631.21,8,208.84
M-0182,2024-12,177,15818.08,3,190.67
M-0182,2025-01,146,13501.25,11,163.71
M-0183,2024-01,2265,63410.05,71,918.08
M-0183,2024-02,3010,88938.96,58,1235.16
M-0183,2024-03,3856,101112.92,91,1428.91
M-0183,2024-04,3481,92859.97,94,1271.88
M-0183,2024-05,3853,103978.25,127,1455.68
M-0183,2024-06,3443,88050.47,90,1204.23
M-0183,2024-07,2716,83790.1,54,1137.35
M-0183,2024-08,3579,93028.39,67,1270.36
M-0183,2024-09,3376,93492.95,81,1349.8
M-0183,2024-10,3295,91920.5,87,1296.5
M-0183,2024-11,4419,128484.29,169,1841.44
M-0183,2024-12,3073,92935.46,212,1299.98
M-0183,2025-01,2120,56764.59,169,793.56
M-0183,2025-02,2073,55463.69,168,809.7
M-0184,2024-06,36,8851.35,0,94.13
M-0184,2024-07,75,19045.71,2,206.99
M-0184,2024-08,108,25247.44,4,294.03
M-0184,2024-09,89,21743.81,1,234.71
M-0184,2024-10,108,25599.71,2,291.82
M-0184,2024-11,143,34381.4,3,386.1
M-0184,2024-12,137,32137.79,5,336.17
M-0184,2025-01,98,23628.98,3,266.49
M-0184,2025-02,108,26842.26,5,292.25
M-0184,2025-03,122,31050.84,1,342.76
M-0184,2025-04,137,32834.32,8,355.95
M-0184,2025-05,147,32100.78,7,353.25
M-0184,2025-06,192,44235.0,8,476.85
M-0184,2025-07,220,49908.91,9,539.81
M-0184,2025-08,171,44261.25,8,474.7
M-0184,2025-09,159,37017.28,5,405.53
M-0184,2025-10,140,35754.46,3,403.65
M-0184,2025-11,138,34266.43,5,369.55
M-0184,2025-12,158,38743.05,7,427.21
M-0184,2026-01,107,25874.53,4,285.22
M-0184,2026-02,102,24820.23,6,284.23
M-0184,2026-03,142,34562.75,6,378.74
M-0184,2026-04,147,36482.32,4,416.5
M-0184,2026-05,140,34138.32,7,352.9
M-0184,2026-06,179,44552.0,5,493.71
M-0185,2026-02,236,9596.79,8,186.02
M-0185,2026-03,314,14297.42,14,265.7
M-0185,2026-04,514,21508.15,13,406.08
M-0185,2026-05,628,24893.13,27,484.03
M-0185,2026-06,704,29398.28,33,569.27
