po_id,supplier_id,order_date,expected_delivery_date,actual_delivery_date,expected_qty,received_qty,status
PO-000417,SUP-002,2024-07-01,2024-07-04,2024-07-04,141,141,Closed
PO-004341,SUP-039,2024-07-01,2024-07-04,2024-07-03,163,163,Closed
PO-001712,SUP-007,2024-07-01,2024-07-12,2024-07-12,506,506,Closed
PO-003227,SUP-018,2024-07-01,2024-07-06,2024-07-06,191,191,Closed
PO-002265,SUP-009,2024-07-01,2024-07-10,2024-07-10,605,605,Closed
PO-000944,SUP-004,2024-07-01,2024-07-09,2024-07-09,595,595,Closed
PO-000701,SUP-003,2024-07-01,2024-07-08,2024-07-07,238,238,Closed
PO-002696,SUP-013,2024-07-01,2024-07-08,2024-07-08,310,310,Closed
PO-000943,SUP-004,2024-07-01,2024-07-10,2024-07-10,40,40,Closed
PO-000006,SUP-001,2024-07-02,2024-07-04,2024-07-04,298,298,Closed
PO-000003,SUP-001,2024-07-02,2024-07-04,2024-07-04,532,532,Closed
PO-000004,SUP-001,2024-07-03,2024-07-08,2024-07-08,444,444,Closed
PO-001993,SUP-008,2024-07-03,2024-07-08,2024-07-08,528,528,Closed
PO-004254,SUP-037,2024-07-03,2024-07-08,2024-07-08,390,390,Closed
PO-000416,SUP-002,2024-07-04,2024-07-09,2024-07-09,328,328,Closed
PO-000949,SUP-004,2024-07-04,2024-07-11,2024-07-11,318,318,Closed
PO-001994,SUP-008,2024-07-04,2024-07-09,2024-07-09,228,228,Closed
PO-003329,SUP-019,2024-07-04,2024-07-17,2024-07-16,87,87,Closed
PO-000007,SUP-001,2024-07-04,2024-07-08,2024-07-08,217,217,Closed
PO-000950,SUP-004,2024-07-04,2024-07-10,2024-07-10,334,334,Closed
PO-002266,SUP-009,2024-07-04,2024-07-12,2024-07-12,149,149,Closed
PO-000692,SUP-003,2024-07-04,2024-07-13,2024-07-13,358,358,Closed
PO-003626,SUP-022,2024-07-04,2024-07-11,2024-07-10,375,375,Closed
PO-000412,SUP-002,2024-07-04,2024-07-10,2024-07-09,199,199,Closed
PO-001714,SUP-007,2024-07-04,2024-07-15,2024-07-15,1825,1825,Closed
PO-001179,SUP-005,2024-07-04,2024-07-09,2024-07-09,299,299,Closed
PO-000695,SUP-003,2024-07-05,2024-07-15,2024-07-14,129,129,Closed
PO-003622,SUP-022,2024-07-06,2024-07-13,2024-07-13,110,110,Closed
PO-000419,SUP-002,2024-07-06,2024-07-11,2024-07-11,381,381,Closed
PO-003226,SUP-018,2024-07-06,2024-07-10,2024-07-10,130,130,Closed
PO-000017,SUP-001,2024-07-06,2024-07-10,2024-07-10,205,205,Closed
PO-001458,SUP-006,2024-07-06,2024-07-15,2024-07-15,166,166,Closed
PO-003998,SUP-029,2024-07-06,2024-07-15,2024-07-15,235,235,Closed
PO-001720,SUP-007,2024-07-06,2024-07-19,2024-07-19,929,929,Closed
PO-003625,SUP-022,2024-07-06,2024-07-12,2024-07-12,366,366,Closed
PO-003879,SUP-025,2024-07-06,2024-07-16,2024-07-16,377,377,Closed
PO-003912,SUP-026,2024-07-06,2024-07-11,2024-07-11,288,288,Closed
PO-003736,SUP-023,2024-07-07,2024-07-10,2024-07-10,418,418,Closed
PO-001987,SUP-008,2024-07-07,2024-07-12,2024-07-12,410,306,Closed
PO-001455,SUP-006,2024-07-08,2024-07-17,2024-07-17,266,266,Closed
PO-001721,SUP-007,2024-07-08,2024-07-19,2024-07-19,400,400,Closed
PO-002790,SUP-014,2024-07-08,2024-07-17,2024-07-17,272,272,Closed
PO-000010,SUP-001,2024-07-08,2024-07-11,2024-07-11,98,98,Closed
PO-001713,SUP-007,2024-07-08,2024-07-21,2024-07-21,290,290,Closed
PO-001173,SUP-005,2024-07-09,2024-07-13,2024-07-13,157,157,Closed
PO-003837,SUP-024,2024-07-09,2024-07-13,2024-07-13,296,296,Closed
PO-002366,SUP-010,2024-07-09,2024-07-14,2024-07-14,96,96,Closed
PO-001717,SUP-007,2024-07-09,2024-07-21,2024-07-21,360,360,Closed
PO-004253,SUP-037,2024-07-09,2024-07-15,2024-07-15,976,842,Closed
PO-001172,SUP-005,2024-07-09,2024-07-12,2024-07-12,116,116,Closed
PO-004051,SUP-031,2024-07-09,2024-07-23,2024-07-22,148,126,Closed
PO-000012,SUP-001,2024-07-09,2024-07-14,2024-07-14,234,234,Closed
PO-003011,SUP-016,2024-07-09,2024-07-18,2024-07-18,486,486,Closed
PO-004091,SUP-032,2024-07-09,2024-07-14,2024-07-18,388,388,Closed
PO-000019,SUP-001,2024-07-09,2024-07-12,2024-07-12,135,135,Closed
PO-000008,SUP-001,2024-07-10,2024-07-12,2024-07-13,380,380,Closed
PO-004342,SUP-039,2024-07-10,2024-07-13,2024-07-13,719,515,Closed
PO-002792,SUP-014,2024-07-10,2024-07-18,2024-07-18,347,347,Closed
PO-000015,SUP-001,2024-07-10,2024-07-14,2024-07-14,132,132,Closed
PO-001992,SUP-008,2024-07-10,2024-07-15,2024-07-15,155,155,Closed
PO-003422,SUP-020,2024-07-11,2024-07-14,2024-07-14,40,40,Closed
PO-001176,SUP-005,2024-07-11,2024-07-15,2024-07-15,491,491,Closed
PO-002472,SUP-011,2024-07-11,2024-07-15,2024-07-15,165,165,Closed
PO-001451,SUP-006,2024-07-11,2024-07-20,2024-07-20,207,207,Closed
PO-003734,SUP-023,2024-07-11,2024-07-14,2024-07-14,88,88,Closed
PO-001984,SUP-008,2024-07-11,2024-07-14,2024-07-14,208,208,Closed
PO-000011,SUP-001,2024-07-11,2024-07-16,2024-07-16,207,207,Closed
PO-000694,SUP-003,2024-07-12,2024-07-20,2024-07-20,390,390,Closed
PO-001181,SUP-005,2024-07-12,2024-07-17,2024-07-17,174,174,Closed
PO-003739,SUP-023,2024-07-12,2024-07-15,2024-07-15,321,321,Closed
PO-001454,SUP-006,2024-07-12,2024-07-19,2024-07-19,707,707,Closed
PO-001716,SUP-007,2024-07-12,2024-07-23,2024-07-23,235,235,Closed
PO-000698,SUP-003,2024-07-12,2024-07-20,2024-07-19,254,254,Closed
PO-003112,SUP-017,2024-07-12,2024-07-20,2024-07-20,181,181,Closed
PO-001178,SUP-005,2024-07-13,2024-07-17,2024-07-17,135,135,Closed
PO-000696,SUP-003,2024-07-14,2024-07-24,2024-07-24,400,400,Closed
PO-001989,SUP-008,2024-07-14,2024-07-19,2024-07-19,270,270,Closed
PO-003326,SUP-019,2024-07-14,2024-07-25,2024-07-27,442,442,Closed
PO-000013,SUP-001,2024-07-14,2024-07-19,2024-07-19,366,366,Closed
PO-001180,SUP-005,2024-07-14,2024-07-17,2024-07-17,157,157,Closed
PO-003324,SUP-019,2024-07-14,2024-07-25,2024-07-25,127,127,Closed
PO-003012,SUP-016,2024-07-14,2024-07-23,2024-07-23,318,318,Closed
PO-004216,SUP-036,2024-07-14,2024-07-19,2024-07-21,184,184,Closed
PO-003421,SUP-020,2024-07-14,2024-07-19,2024-07-19,407,407,Closed
PO-001453,SUP-006,2024-07-14,2024-07-21,2024-07-21,106,106,Closed
PO-004150,SUP-034,2024-07-15,2024-07-19,2024-07-20,124,124,Closed
PO-001175,SUP-005,2024-07-15,2024-07-18,2024-07-18,317,317,Closed
PO-001174,SUP-005,2024-07-15,2024-07-19,2024-07-19,488,488,Closed
PO-003623,SUP-022,2024-07-15,2024-07-21,2024-07-21,810,810,Closed
PO-000418,SUP-002,2024-07-16,2024-07-22,2024-07-22,218,218,Closed
PO-001990,SUP-008,2024-07-16,2024-07-19,2024-07-19,153,153,Closed
PO-000408,SUP-002,2024-07-16,2024-07-19,2024-07-19,397,397,Closed
PO-001177,SUP-005,2024-07-16,2024-07-20,2024-07-20,196,196,Closed
PO-000014,SUP-001,2024-07-17,2024-07-19,2024-07-19,186,186,Closed
PO-004151,SUP-034,2024-07-17,2024-07-23,2024-07-24,83,83,Closed
PO-003838,SUP-024,2024-07-17,2024-07-20,2024-07-20,336,254,Closed
PO-003738,SUP-023,2024-07-17,2024-07-20,2024-07-20,128,128,Closed
PO-002367,SUP-010,2024-07-17,2024-07-22,2024-07-22,147,147,Closed
PO-000689,SUP-003,2024-07-17,2024-07-27,2024-07-27,732,732,Closed
PO-000413,SUP-002,2024-07-17,2024-07-23,2024-07-22,147,147,Closed
PO-001985,SUP-008,2024-07-17,2024-07-19,2024-07-19,185,185,Closed
PO-003013,SUP-016,2024-07-18,2024-07-24,2024-07-24,226,226,Closed
PO-003113,SUP-017,2024-07-18,2024-07-25,2024-07-25,63,63,Closed
PO-003504,SUP-021,2024-07-18,2024-07-25,2024-07-25,695,695,Closed
PO-003325,SUP-019,2024-07-18,2024-08-01,2024-08-01,323,323,Closed
PO-002791,SUP-014,2024-07-18,2024-07-27,2024-07-27,251,251,Closed
PO-003936,SUP-027,2024-07-18,2024-07-27,2024-07-26,156,126,Closed
PO-004052,SUP-031,2024-07-18,2024-07-29,2024-07-29,622,622,Closed
PO-000005,SUP-001,2024-07-19,2024-07-21,2024-07-21,236,236,Closed
PO-002888,SUP-015,2024-07-19,2024-07-22,2024-07-22,283,283,Closed
PO-000407,SUP-002,2024-07-19,2024-07-24,2024-07-24,79,79,Closed
PO-002887,SUP-015,2024-07-19,2024-07-21,2024-07-21,647,647,Closed
PO-000018,SUP-001,2024-07-19,2024-07-23,2024-07-24,336,336,Closed
PO-004188,SUP-035,2024-07-20,2024-07-30,2024-07-30,184,158,Closed
PO-004252,SUP-037,2024-07-20,2024-07-24,2024-07-24,235,235,Closed
PO-004090,SUP-032,2024-07-20,2024-07-22,2024-07-22,946,780,Closed
PO-003880,SUP-025,2024-07-20,2024-07-29,2024-07-31,143,143,Closed
PO-000699,SUP-003,2024-07-21,2024-07-28,2024-07-28,165,165,Closed
PO-003624,SUP-022,2024-07-21,2024-07-27,2024-07-28,82,82,Closed
PO-001719,SUP-007,2024-07-21,2024-08-04,2024-08-04,280,280,Closed
PO-000697,SUP-003,2024-07-21,2024-07-31,2024-07-31,115,115,Closed
PO-001988,SUP-008,2024-07-21,2024-07-23,2024-07-23,158,158,Closed
PO-000691,SUP-003,2024-07-21,2024-07-28,2024-07-28,229,229,Closed
PO-000951,SUP-004,2024-07-21,2024-07-27,2024-07-27,270,270,Closed
PO-003997,SUP-029,2024-07-22,2024-08-01,2024-08-01,690,690,Closed
PO-002596,SUP-012,2024-07-22,2024-08-01,2024-08-01,118,118,Closed
PO-000414,SUP-002,2024-07-22,2024-07-28,2024-07-28,95,95,Closed
PO-000410,SUP-002,2024-07-22,2024-07-26,2024-07-26,153,153,Closed
PO-000700,SUP-003,2024-07-22,2024-08-01,2024-08-01,144,144,Closed
PO-001450,SUP-006,2024-07-22,2024-07-31,2024-07-31,83,83,Closed
PO-001449,SUP-006,2024-07-22,2024-07-30,2024-07-29,240,240,Closed
PO-003878,SUP-025,2024-07-22,2024-08-01,2024-08-03,75,75,Closed
PO-004379,SUP-040,2024-07-22,2024-07-29,2024-07-30,639,639,Closed
PO-003735,SUP-023,2024-07-23,2024-07-26,2024-07-26,128,128,Closed
PO-001456,SUP-006,2024-07-23,2024-07-30,2024-07-29,202,202,Closed
PO-001715,SUP-007,2024-07-23,2024-08-03,2024-08-03,803,803,Closed
PO-001986,SUP-008,2024-07-23,2024-07-26,2024-07-26,85,85,Closed
PO-000690,SUP-003,2024-07-23,2024-08-02,2024-08-02,323,323,Closed
PO-003737,SUP-023,2024-07-23,2024-07-27,2024-07-27,103,103,Closed
PO-003328,SUP-019,2024-07-24,2024-08-07,2024-08-07,754,754,Closed
PO-003505,SUP-021,2024-07-24,2024-08-02,2024-08-01,134,134,Closed
PO-003506,SUP-021,2024-07-24,2024-08-01,2024-07-31,319,319,Closed
PO-004215,SUP-036,2024-07-24,2024-07-27,2024-07-28,134,134,Closed
PO-002267,SUP-009,2024-07-24,2024-08-03,2024-08-03,587,587,Closed
PO-000947,SUP-004,2024-07-24,2024-08-02,2024-08-01,365,365,Closed
PO-001718,SUP-007,2024-07-24,2024-08-04,2024-08-04,127,127,Closed
PO-003973,SUP-028,2024-07-24,2024-07-27,2024-07-27,177,177,Closed
PO-000002,SUP-001,2024-07-25,2024-07-29,2024-07-29,194,194,Closed
PO-003228,SUP-018,2024-07-25,2024-07-30,2024-07-29,388,388,Closed
PO-000016,SUP-001,2024-07-25,2024-07-27,2024-07-27,347,347,Closed
PO-002368,SUP-010,2024-07-26,2024-07-30,2024-07-30,395,395,Closed
PO-002471,SUP-011,2024-07-26,2024-07-30,2024-07-31,429,429,Closed
PO-000945,SUP-004,2024-07-26,2024-08-02,2024-08-03,98,98,Closed
PO-003836,SUP-024,2024-07-26,2024-07-28,2024-07-29,248,248,Closed
PO-004378,SUP-040,2024-07-26,2024-08-03,2024-08-03,416,416,Closed
PO-000946,SUP-004,2024-07-26,2024-08-02,2024-08-02,482,482,Closed
PO-000948,SUP-004,2024-07-26,2024-08-04,2024-08-04,144,144,Closed
PO-000409,SUP-002,2024-07-26,2024-07-29,2024-07-29,305,305,Closed
PO-000020,SUP-001,2024-07-26,2024-07-29,2024-07-29,176,162,Closed
PO-000693,SUP-003,2024-07-27,2024-08-03,2024-08-03,272,272,Closed
PO-001446,SUP-006,2024-07-27,2024-08-03,2024-08-03,119,119,Closed
PO-002470,SUP-011,2024-07-27,2024-07-29,2024-07-29,901,901,Closed
PO-000001,SUP-001,2024-07-28,2024-07-31,2024-07-31,434,396,Closed
PO-001448,SUP-006,2024-07-28,2024-08-05,2024-08-05,484,484,Closed
PO-001171,SUP-005,2024-07-28,2024-08-01,2024-08-01,258,258,Closed
PO-002694,SUP-013,2024-07-28,2024-08-03,2024-08-03,232,232,Closed
PO-002695,SUP-013,2024-07-28,2024-08-04,2024-08-04,300,300,Closed
PO-001447,SUP-006,2024-07-28,2024-08-07,2024-08-07,617,617,Closed
PO-002365,SUP-010,2024-07-28,2024-07-31,2024-07-31,510,510,Closed
PO-003327,SUP-019,2024-07-28,2024-08-10,2024-08-10,375,375,Closed
PO-000009,SUP-001,2024-07-28,2024-08-01,2024-08-01,430,430,Closed
PO-001452,SUP-006,2024-07-29,2024-08-06,2024-08-06,429,429,Closed
PO-001457,SUP-006,2024-07-29,2024-08-06,2024-08-06,175,175,Closed
PO-003835,SUP-024,2024-07-29,2024-08-03,2024-08-03,92,92,Closed
PO-000415,SUP-002,2024-07-29,2024-08-03,2024-08-03,125,125,Closed
PO-003972,SUP-028,2024-07-29,2024-08-03,2024-08-03,342,342,Closed
PO-002595,SUP-012,2024-07-29,2024-08-07,2024-08-07,259,259,Closed
PO-003225,SUP-018,2024-07-30,2024-08-05,2024-08-05,260,260,Closed
PO-002788,SUP-014,2024-07-30,2024-08-09,2024-08-09,570,570,Closed
PO-003620,SUP-022,2024-07-30,2024-08-08,2024-08-09,1176,1176,Closed
PO-004116,SUP-033,2024-07-30,2024-08-07,2024-08-08,194,194,Closed
PO-001991,SUP-008,2024-07-30,2024-08-03,2024-08-03,898,898,Closed
PO-002789,SUP-014,2024-07-31,2024-08-07,2024-08-07,801,801,Closed
PO-003507,SUP-021,2024-07-31,2024-08-07,2024-08-07,150,142,Closed
PO-000411,SUP-002,2024-07-31,2024-08-06,2024-08-06,576,576,Closed
PO-003621,SUP-022,2024-07-31,2024-08-07,2024-08-07,1064,990,Closed
PO-003117,SUP-017,2024-08-01,2024-08-09,2024-08-08,217,217,Closed
PO-000028,SUP-001,2024-08-01,2024-08-06,2024-08-06,903,903,Closed
PO-000429,SUP-002,2024-08-01,2024-08-06,2024-08-06,159,159,Closed
PO-000423,SUP-002,2024-08-01,2024-08-04,2024-08-04,414,414,Closed
PO-003509,SUP-021,2024-08-01,2024-08-11,2024-08-11,337,337,Closed
PO-002001,SUP-008,2024-08-01,2024-08-05,2024-08-05,237,218,Closed
PO-003742,SUP-023,2024-08-02,2024-08-06,2024-08-06,266,266,Closed
PO-001462,SUP-006,2024-08-02,2024-08-11,2024-08-11,155,155,Closed
PO-003119,SUP-017,2024-08-02,2024-08-10,2024-08-15,320,320,Closed
PO-003116,SUP-017,2024-08-02,2024-08-12,2024-08-12,298,298,Closed
PO-002891,SUP-015,2024-08-02,2024-08-05,2024-08-05,95,95,Closed
PO-003426,SUP-020,2024-08-03,2024-08-07,2024-08-07,217,217,Closed
PO-001186,SUP-005,2024-08-03,2024-08-09,2024-08-09,107,107,Closed
PO-003511,SUP-021,2024-08-03,2024-08-11,2024-08-11,602,602,Closed
PO-001999,SUP-008,2024-08-03,2024-08-07,2024-08-07,249,221,Closed
PO-000703,SUP-003,2024-08-03,2024-08-11,2024-08-10,371,371,Closed
PO-000711,SUP-003,2024-08-03,2024-08-12,2024-08-12,111,111,Closed
PO-003508,SUP-021,2024-08-03,2024-08-13,2024-08-13,111,90,Closed
PO-001728,SUP-007,2024-08-03,2024-08-16,2024-08-15,187,187,Closed
PO-001997,SUP-008,2024-08-04,2024-08-08,2024-08-07,389,389,Closed
PO-004021,SUP-030,2024-08-04,2024-08-11,2024-08-10,262,262,Closed
PO-001191,SUP-005,2024-08-04,2024-08-08,2024-08-08,215,215,Closed
PO-001188,SUP-005,2024-08-04,2024-08-09,2024-08-09,191,191,Closed
PO-003913,SUP-026,2024-08-04,2024-08-07,2024-08-07,532,532,Closed
PO-004189,SUP-035,2024-08-05,2024-08-12,2024-08-13,469,469,Closed
PO-000426,SUP-002,2024-08-05,2024-08-10,2024-08-10,272,272,Closed
PO-001469,SUP-006,2024-08-05,2024-08-12,2024-08-12,215,215,Closed
PO-000706,SUP-003,2024-08-05,2024-08-14,2024-08-14,284,284,Closed
PO-000034,SUP-001,2024-08-05,2024-08-08,2024-08-08,242,242,Closed
PO-003123,SUP-017,2024-08-05,2024-08-14,2024-08-14,209,209,Closed
PO-001726,SUP-007,2024-08-06,2024-08-17,2024-08-17,779,779,Closed
PO-002597,SUP-012,2024-08-06,2024-08-13,2024-08-13,346,346,Closed
PO-000042,SUP-001,2024-08-06,2024-08-11,2024-08-11,465,465,Closed
PO-001184,SUP-005,2024-08-06,2024-08-12,2024-08-12,505,505,Closed
PO-003839,SUP-024,2024-08-07,2024-08-12,2024-08-12,224,224,Closed
PO-001722,SUP-007,2024-08-07,2024-08-21,2024-08-21,2996,2996,Closed
PO-003975,SUP-028,2024-08-07,2024-08-12,2024-08-12,579,579,Closed
PO-003512,SUP-021,2024-08-08,2024-08-16,2024-08-16,234,234,Closed
PO-000421,SUP-002,2024-08-08,2024-08-12,2024-08-12,341,341,Closed
PO-000038,SUP-001,2024-08-08,2024-08-13,2024-08-13,128,128,Closed
PO-003015,SUP-016,2024-08-08,2024-08-14,2024-08-15,158,158,Closed
PO-000953,SUP-004,2024-08-09,2024-08-16,2024-08-16,43,43,Closed
PO-000031,SUP-001,2024-08-09,2024-08-11,2024-08-11,261,261,Closed
PO-003937,SUP-027,2024-08-09,2024-08-19,2024-08-19,309,218,Closed
PO-003118,SUP-017,2024-08-09,2024-08-19,2024-08-19,690,690,Closed
PO-002890,SUP-015,2024-08-09,2024-08-11,2024-08-11,367,367,Closed
PO-002272,SUP-009,2024-08-09,2024-08-18,2024-08-18,1472,1472,Closed
PO-002269,SUP-009,2024-08-09,2024-08-16,2024-08-16,88,88,Closed
PO-001460,SUP-006,2024-08-10,2024-08-17,2024-08-17,159,159,Closed
PO-000430,SUP-002,2024-08-10,2024-08-13,2024-08-13,40,40,Closed
PO-000427,SUP-002,2024-08-10,2024-08-13,2024-08-13,440,440,Closed
PO-003974,SUP-028,2024-08-10,2024-08-12,2024-08-12,285,285,Closed
PO-000021,SUP-001,2024-08-10,2024-08-14,2024-08-14,260,260,Closed
PO-004217,SUP-036,2024-08-10,2024-08-13,2024-08-12,163,163,Closed
PO-003120,SUP-017,2024-08-10,2024-08-17,2024-08-17,152,152,Closed
PO-000422,SUP-002,2024-08-10,2024-08-15,2024-08-15,156,156,Closed
PO-002369,SUP-010,2024-08-11,2024-08-14,2024-08-13,323,323,Closed
PO-003121,SUP-017,2024-08-11,2024-08-20,2024-08-20,315,315,Closed
PO-003513,SUP-021,2024-08-11,2024-08-21,2024-08-21,202,202,Closed
PO-000027,SUP-001,2024-08-11,2024-08-15,2024-08-14,792,792,Closed
PO-000952,SUP-004,2024-08-11,2024-08-20,2024-08-20,157,157,Closed
PO-003841,SUP-024,2024-08-11,2024-08-13,2024-08-13,913,913,Closed
PO-003014,SUP-016,2024-08-11,2024-08-19,2024-08-19,519,519,Closed
PO-004380,SUP-040,2024-08-12,2024-08-18,2024-08-18,895,895,Closed
PO-002273,SUP-009,2024-08-12,2024-08-19,2024-08-18,137,137,Closed
PO-001468,SUP-006,2024-08-12,2024-08-21,2024-08-21,101,101,Closed
PO-003424,SUP-020,2024-08-12,2024-08-15,2024-08-15,742,742,Closed
PO-003231,SUP-018,2024-08-12,2024-08-17,2024-08-21,571,571,Closed
PO-003334,SUP-019,2024-08-12,2024-08-25,2024-08-25,483,483,Closed
PO-003115,SUP-017,2024-08-12,2024-08-22,2024-08-22,344,344,Closed
PO-001998,SUP-008,2024-08-13,2024-08-16,2024-08-17,865,865,Closed
PO-002274,SUP-009,2024-08-13,2024-08-21,2024-08-22,79,79,Closed
PO-002270,SUP-009,2024-08-13,2024-08-20,2024-08-20,289,289,Closed
PO-003229,SUP-018,2024-08-13,2024-08-16,2024-08-15,94,94,Closed
PO-001185,SUP-005,2024-08-13,2024-08-16,2024-08-16,252,252,Closed
PO-000432,SUP-002,2024-08-13,2024-08-16,2024-08-15,704,704,Closed
PO-002598,SUP-012,2024-08-13,2024-08-22,2024-08-22,108,108,Closed
PO-001189,SUP-005,2024-08-14,2024-08-17,2024-08-17,547,547,Closed
PO-000037,SUP-001,2024-08-14,2024-08-17,2024-08-16,628,628,Closed
PO-002893,SUP-015,2024-08-14,2024-08-16,2024-08-15,73,73,Closed
PO-004343,SUP-039,2024-08-14,2024-08-17,2024-08-17,308,308,Closed
PO-001727,SUP-007,2024-08-14,2024-08-26,2024-08-26,381,381,Closed
PO-003429,SUP-020,2024-08-14,2024-08-17,2024-08-17,194,194,Closed
PO-002796,SUP-014,2024-08-14,2024-08-23,2024-08-23,230,230,Closed
PO-003230,SUP-018,2024-08-14,2024-08-19,2024-08-20,262,262,Closed
PO-003114,SUP-017,2024-08-14,2024-08-24,2024-08-24,519,519,Closed
PO-002371,SUP-010,2024-08-15,2024-08-19,2024-08-18,307,307,Closed
PO-004022,SUP-030,2024-08-15,2024-08-22,2024-08-23,136,136,Closed
PO-001463,SUP-006,2024-08-15,2024-08-22,2024-08-22,479,479,Closed
PO-001465,SUP-006,2024-08-15,2024-08-25,2024-08-25,288,288,Closed
PO-004255,SUP-037,2024-08-15,2024-08-21,2024-08-21,934,934,Closed
PO-002600,SUP-012,2024-08-15,2024-08-22,2024-08-21,372,372,Closed
PO-001466,SUP-006,2024-08-15,2024-08-24,2024-08-24,143,143,Closed
PO-002599,SUP-012,2024-08-16,2024-08-24,2024-08-24,194,194,Closed
PO-001183,SUP-005,2024-08-16,2024-08-21,2024-08-21,274,274,Closed
PO-004152,SUP-034,2024-08-16,2024-08-19,2024-08-19,502,502,Closed
PO-003427,SUP-020,2024-08-16,2024-08-21,2024-08-21,319,319,Closed
PO-003333,SUP-019,2024-08-16,2024-08-30,2024-08-29,103,95,Closed
PO-000035,SUP-001,2024-08-16,2024-08-18,2024-08-18,126,126,Closed
PO-000702,SUP-003,2024-08-16,2024-08-26,2024-08-26,286,286,Closed
PO-000712,SUP-003,2024-08-16,2024-08-23,2024-08-23,334,334,Closed
PO-000025,SUP-001,2024-08-17,2024-08-19,2024-08-19,305,305,Closed
PO-004381,SUP-040,2024-08-17,2024-08-26,2024-08-26,604,604,Closed
PO-002475,SUP-011,2024-08-17,2024-08-20,2024-08-20,156,156,Closed
PO-002474,SUP-011,2024-08-17,2024-08-22,2024-08-22,133,133,Closed
PO-003740,SUP-023,2024-08-17,2024-08-21,2024-08-20,75,75,Closed
PO-000023,SUP-001,2024-08-17,2024-08-20,2024-08-20,143,143,Closed
PO-002268,SUP-009,2024-08-18,2024-08-27,2024-08-26,404,404,Closed
PO-000428,SUP-002,2024-08-18,2024-08-23,2024-08-25,627,627,Closed
PO-004153,SUP-034,2024-08-18,2024-08-24,2024-08-24,252,252,Closed
PO-000709,SUP-003,2024-08-18,2024-08-26,2024-08-26,671,671,Closed
PO-000707,SUP-003,2024-08-18,2024-08-25,2024-08-25,194,194,Closed
PO-004117,SUP-033,2024-08-18,2024-08-27,2024-08-27,183,183,Closed
PO-003510,SUP-021,2024-08-19,2024-08-28,2024-08-28,194,194,Closed
PO-004000,SUP-029,2024-08-19,2024-08-26,2024-08-26,112,112,Closed
PO-003016,SUP-016,2024-08-19,2024-08-27,2024-08-27,137,137,Closed
PO-003741,SUP-023,2024-08-19,2024-08-25,2024-08-25,455,455,Closed
PO-002793,SUP-014,2024-08-19,2024-08-28,2024-08-31,683,683,Closed
PO-003428,SUP-020,2024-08-19,2024-08-23,2024-08-23,148,148,Closed
PO-001995,SUP-008,2024-08-19,2024-08-24,2024-08-24,189,189,Closed
PO-004092,SUP-032,2024-08-19,2024-08-21,2024-08-21,367,367,Closed
PO-002794,SUP-014,2024-08-20,2024-08-27,2024-08-27,79,79,Closed
PO-002372,SUP-010,2024-08-20,2024-08-23,2024-08-23,266,266,Closed
PO-002271,SUP-009,2024-08-20,2024-08-30,2024-08-30,281,281,Closed
PO-003232,SUP-018,2024-08-20,2024-08-24,2024-08-25,153,153,Closed
PO-001182,SUP-005,2024-08-20,2024-08-23,2024-08-23,170,170,Closed
PO-001194,SUP-005,2024-08-20,2024-08-24,2024-08-24,855,855,Closed
PO-002889,SUP-015,2024-08-20,2024-08-22,2024-08-23,354,286,Closed
PO-000024,SUP-001,2024-08-20,2024-08-23,2024-08-23,170,170,Closed
PO-003331,SUP-019,2024-08-21,2024-09-01,2024-09-01,429,429,Closed
PO-000714,SUP-003,2024-08-21,2024-08-30,2024-08-31,396,396,Closed
PO-002476,SUP-011,2024-08-21,2024-08-25,2024-08-25,187,187,Closed
PO-003881,SUP-025,2024-08-21,2024-08-28,2024-08-28,898,898,Closed
PO-001471,SUP-006,2024-08-21,2024-08-29,2024-08-29,776,776,Closed
PO-003423,SUP-020,2024-08-21,2024-08-23,2024-08-24,414,414,Closed
PO-001467,SUP-006,2024-08-22,2024-08-31,2024-08-31,163,163,Closed
PO-002697,SUP-013,2024-08-22,2024-08-31,2024-08-31,113,113,Closed
PO-004344,SUP-039,2024-08-22,2024-08-25,2024-08-25,570,570,Closed
PO-001723,SUP-007,2024-08-23,2024-09-05,2024-09-05,140,140,Closed
PO-001470,SUP-006,2024-08-23,2024-09-02,2024-09-02,126,126,Closed
PO-004345,SUP-039,2024-08-23,2024-08-26,2024-08-26,124,124,Closed
PO-001724,SUP-007,2024-08-23,2024-09-06,2024-09-06,161,161,Closed
PO-000954,SUP-004,2024-08-24,2024-08-31,2024-08-30,609,609,Closed
PO-000039,SUP-001,2024-08-24,2024-08-28,2024-08-28,593,593,Closed
PO-004347,SUP-039,2024-08-24,2024-08-29,2024-08-28,275,213,Closed
PO-000425,SUP-002,2024-08-24,2024-08-27,2024-08-27,110,110,Closed
PO-000036,SUP-001,2024-08-24,2024-08-27,2024-08-27,148,148,Closed
PO-000431,SUP-002,2024-08-24,2024-08-28,2024-08-28,272,272,Closed
PO-000710,SUP-003,2024-08-24,2024-09-03,2024-09-03,230,230,Closed
PO-000032,SUP-001,2024-08-24,2024-08-28,2024-08-28,513,513,Closed
PO-000029,SUP-001,2024-08-24,2024-08-26,2024-08-26,723,723,Closed
PO-002601,SUP-012,2024-08-24,2024-09-02,2024-09-02,147,147,Closed
PO-003122,SUP-017,2024-08-25,2024-09-03,2024-09-03,129,129,Closed
PO-003840,SUP-024,2024-08-25,2024-08-28,2024-08-28,580,543,Closed
PO-000708,SUP-003,2024-08-25,2024-09-04,2024-09-04,1919,1919,Closed
PO-001729,SUP-007,2024-08-25,2024-09-07,2024-09-07,221,221,Closed
PO-000704,SUP-003,2024-08-25,2024-09-03,2024-09-03,511,511,Closed
PO-001464,SUP-006,2024-08-25,2024-09-02,2024-09-02,427,427,Closed
PO-003330,SUP-019,2024-08-25,2024-09-07,2024-09-07,843,843,Closed
PO-003976,SUP-028,2024-08-25,2024-08-30,2024-08-30,54,54,Closed
PO-000424,SUP-002,2024-08-26,2024-08-30,2024-08-29,126,126,Closed
PO-004093,SUP-032,2024-08-26,2024-08-31,2024-09-01,117,117,Closed
PO-000033,SUP-001,2024-08-26,2024-08-28,2024-08-28,192,192,Closed
PO-000026,SUP-001,2024-08-27,2024-09-01,2024-09-01,674,674,Closed
PO-000041,SUP-001,2024-08-27,2024-09-01,2024-08-31,208,208,Closed
PO-001996,SUP-008,2024-08-27,2024-08-30,2024-08-30,440,440,Closed
PO-000713,SUP-003,2024-08-27,2024-09-04,2024-09-04,369,369,Closed
PO-004218,SUP-036,2024-08-27,2024-08-31,2024-08-31,470,443,Closed
PO-000420,SUP-002,2024-08-28,2024-08-31,2024-08-31,254,254,Closed
PO-002892,SUP-015,2024-08-28,2024-08-30,2024-08-31,141,141,Closed
PO-000705,SUP-003,2024-08-28,2024-09-06,2024-09-08,321,321,Closed
PO-002698,SUP-013,2024-08-28,2024-09-06,2024-09-06,420,420,Closed
PO-001459,SUP-006,2024-08-28,2024-09-04,2024-09-04,2581,2581,Closed
PO-001187,SUP-005,2024-08-28,2024-08-31,2024-08-30,192,192,Closed
PO-001193,SUP-005,2024-08-29,2024-09-02,2024-09-01,393,393,Closed
PO-003999,SUP-029,2024-08-29,2024-09-05,2024-09-05,907,907,Closed
PO-001192,SUP-005,2024-08-29,2024-09-01,2024-09-01,597,597,Closed
PO-001190,SUP-005,2024-08-29,2024-09-01,2024-09-01,272,272,Closed
PO-001725,SUP-007,2024-08-29,2024-09-12,2024-09-12,365,365,Closed
PO-002000,SUP-008,2024-08-30,2024-09-04,2024-09-04,712,712,Closed
PO-000040,SUP-001,2024-08-30,2024-09-04,2024-09-04,109,109,Closed
PO-003425,SUP-020,2024-08-30,2024-09-03,2024-09-03,98,69,Closed
PO-003332,SUP-019,2024-08-30,2024-09-10,2024-09-10,159,159,Closed
PO-002373,SUP-010,2024-08-30,2024-09-04,2024-09-04,123,123,Closed
PO-003627,SUP-022,2024-08-30,2024-09-07,2024-09-07,215,215,Closed
PO-002795,SUP-014,2024-08-30,2024-09-07,2024-09-07,457,457,Closed
PO-002473,SUP-011,2024-08-30,2024-09-01,2024-09-01,548,548,Closed
PO-000022,SUP-001,2024-08-30,2024-09-04,2024-09-04,117,99,Closed
PO-004346,SUP-039,2024-08-31,2024-09-05,2024-09-04,177,177,Closed
PO-000030,SUP-001,2024-08-31,2024-09-05,2024-09-05,241,183,Closed
PO-001461,SUP-006,2024-08-31,2024-09-07,2024-09-06,160,160,Closed
PO-002370,SUP-010,2024-08-31,2024-09-06,2024-09-06,897,897,Closed
PO-003515,SUP-021,2024-09-01,2024-09-11,2024-09-11,495,495,Closed
PO-003430,SUP-020,2024-09-01,2024-09-04,2024-09-04,281,281,Closed
PO-001743,SUP-007,2024-09-01,2024-09-15,2024-09-15,363,363,Closed
PO-003938,SUP-027,2024-09-01,2024-09-08,2024-09-08,92,92,Closed
PO-003941,SUP-027,2024-09-01,2024-09-08,2024-09-09,102,102,Closed
PO-000721,SUP-003,2024-09-02,2024-09-10,2024-09-10,326,326,Closed
PO-001200,SUP-005,2024-09-02,2024-09-07,2024-09-07,635,635,Closed
PO-001196,SUP-005,2024-09-02,2024-09-06,2024-09-06,182,182,Closed
PO-002703,SUP-013,2024-09-02,2024-09-09,2024-09-09,353,353,Closed
PO-004094,SUP-032,2024-09-02,2024-09-04,2024-09-04,151,151,Closed
PO-004053,SUP-031,2024-09-02,2024-09-13,2024-09-13,536,536,Closed
PO-000055,SUP-001,2024-09-02,2024-09-04,2024-09-04,284,284,Closed
PO-003744,SUP-023,2024-09-02,2024-09-06,2024-09-06,519,519,Closed
PO-001744,SUP-007,2024-09-02,2024-09-16,2024-09-15,174,174,Closed
PO-001474,SUP-006,2024-09-02,2024-09-09,2024-09-09,308,308,Closed
PO-003634,SUP-022,2024-09-03,2024-09-11,2024-09-11,213,213,Closed
PO-002701,SUP-013,2024-09-03,2024-09-11,2024-09-11,182,151,Closed
PO-002010,SUP-008,2024-09-03,2024-09-05,2024-09-06,109,109,Closed
PO-000436,SUP-002,2024-09-03,2024-09-06,2024-09-05,191,191,Closed
PO-000719,SUP-003,2024-09-03,2024-09-13,2024-09-13,216,216,Closed
PO-003018,SUP-016,2024-09-03,2024-09-09,2024-09-09,242,242,Closed
PO-001202,SUP-005,2024-09-03,2024-09-07,2024-09-07,103,103,Closed
PO-002481,SUP-011,2024-09-04,2024-09-08,2024-09-08,202,202,Closed
PO-003517,SUP-021,2024-09-04,2024-09-14,2024-09-14,116,116,Closed
PO-000047,SUP-001,2024-09-04,2024-09-06,2024-09-05,517,517,Closed
PO-001746,SUP-007,2024-09-04,2024-09-15,2024-09-15,597,597,Closed
PO-002008,SUP-008,2024-09-04,2024-09-07,2024-09-07,904,904,Closed
PO-002002,SUP-008,2024-09-04,2024-09-07,2024-09-07,226,226,Closed
PO-001734,SUP-007,2024-09-04,2024-09-15,2024-09-15,249,249,Closed
PO-002605,SUP-012,2024-09-04,2024-09-12,2024-09-12,324,324,Closed
PO-000051,SUP-001,2024-09-05,2024-09-08,2024-09-08,495,495,Closed
PO-000443,SUP-002,2024-09-05,2024-09-08,2024-09-08,228,228,Closed
PO-001475,SUP-006,2024-09-05,2024-09-13,2024-09-13,390,390,Closed
PO-001198,SUP-005,2024-09-05,2024-09-10,2024-09-10,127,127,Closed
PO-000726,SUP-003,2024-09-06,2024-09-14,2024-09-14,736,736,Closed
PO-000437,SUP-002,2024-09-06,2024-09-12,2024-09-15,761,761,Closed
PO-003882,SUP-025,2024-09-06,2024-09-16,2024-09-17,636,535,Closed
PO-002376,SUP-010,2024-09-06,2024-09-11,2024-09-11,117,117,Closed
PO-004118,SUP-033,2024-09-06,2024-09-16,2024-09-15,794,794,Closed
PO-003633,SUP-022,2024-09-06,2024-09-13,2024-09-12,950,950,Closed
PO-003017,SUP-016,2024-09-06,2024-09-15,2024-09-15,424,424,Closed
PO-000442,SUP-002,2024-09-06,2024-09-11,2024-09-10,592,592,Closed
PO-002007,SUP-008,2024-09-06,2024-09-09,2024-09-09,98,98,Closed
PO-003124,SUP-017,2024-09-07,2024-09-14,2024-09-18,728,728,Closed
PO-000054,SUP-001,2024-09-07,2024-09-12,2024-09-12,165,165,Closed
PO-000717,SUP-003,2024-09-07,2024-09-14,2024-09-13,193,193,Closed
PO-003233,SUP-018,2024-09-07,2024-09-11,2024-09-11,230,230,Closed
PO-001472,SUP-006,2024-09-07,2024-09-14,2024-09-14,402,402,Closed
PO-001741,SUP-007,2024-09-08,2024-09-21,2024-09-21,350,350,Closed
PO-004024,SUP-030,2024-09-08,2024-09-15,2024-09-15,122,122,Closed
PO-000048,SUP-001,2024-09-08,2024-09-13,2024-09-13,280,280,Closed
PO-003631,SUP-022,2024-09-08,2024-09-17,2024-09-16,337,337,Closed
PO-000728,SUP-003,2024-09-08,2024-09-17,2024-09-23,52,52,Closed
PO-002003,SUP-008,2024-09-08,2024-09-11,2024-09-11,308,308,Closed
PO-001195,SUP-005,2024-09-08,2024-09-13,2024-09-13,284,284,Closed
PO-003746,SUP-023,2024-09-08,2024-09-14,2024-09-14,944,944,Closed
PO-000715,SUP-003,2024-09-09,2024-09-18,2024-09-18,351,351,Closed
PO-002603,SUP-012,2024-09-09,2024-09-18,2024-09-18,350,350,Closed
PO-003127,SUP-017,2024-09-09,2024-09-19,2024-09-19,156,156,Closed
PO-002012,SUP-008,2024-09-09,2024-09-14,2024-09-13,396,396,Closed
PO-000046,SUP-001,2024-09-09,2024-09-11,2024-09-11,124,124,Closed
PO-002279,SUP-009,2024-09-10,2024-09-19,2024-09-19,426,426,Closed
PO-000730,SUP-003,2024-09-10,2024-09-19,2024-09-19,72,72,Closed
PO-003234,SUP-018,2024-09-10,2024-09-14,2024-09-14,1114,1114,Closed
PO-003514,SUP-021,2024-09-11,2024-09-20,2024-09-20,227,227,Closed
PO-004023,SUP-030,2024-09-11,2024-09-17,2024-09-17,582,582,Closed
PO-002277,SUP-009,2024-09-11,2024-09-20,2024-09-20,303,303,Closed
PO-002702,SUP-013,2024-09-11,2024-09-20,2024-09-20,104,104,Closed
PO-003335,SUP-019,2024-09-11,2024-09-25,2024-09-25,113,113,Closed
PO-003628,SUP-022,2024-09-11,2024-09-19,2024-09-19,552,552,Closed
PO-004219,SUP-036,2024-09-11,2024-09-14,2024-09-14,254,254,Closed
PO-002797,SUP-014,2024-09-11,2024-09-21,2024-09-21,683,683,Closed
PO-003632,SUP-022,2024-09-11,2024-09-17,2024-09-17,257,257,Closed
PO-001199,SUP-005,2024-09-11,2024-09-14,2024-09-14,78,78,Closed
PO-001737,SUP-007,2024-09-12,2024-09-25,2024-09-25,375,375,Closed
PO-003942,SUP-027,2024-09-12,2024-09-22,2024-09-21,135,135,Closed
PO-004304,SUP-038,2024-09-13,2024-09-25,2024-09-25,338,263,Closed
PO-002896,SUP-015,2024-09-13,2024-09-15,2024-09-15,116,103,Closed
PO-000729,SUP-003,2024-09-13,2024-09-21,2024-09-20,409,409,Closed
PO-001731,SUP-007,2024-09-13,2024-09-24,2024-09-24,184,184,Closed
PO-000434,SUP-002,2024-09-13,2024-09-17,2024-09-17,50,50,Closed
PO-000955,SUP-004,2024-09-13,2024-09-20,2024-09-20,157,157,Closed
PO-000723,SUP-003,2024-09-14,2024-09-24,2024-09-24,219,219,Closed
PO-000043,SUP-001,2024-09-14,2024-09-16,2024-09-17,183,183,Closed
PO-003842,SUP-024,2024-09-14,2024-09-17,2024-09-16,180,180,Closed
PO-003336,SUP-019,2024-09-14,2024-09-26,2024-09-26,393,393,Closed
PO-000052,SUP-001,2024-09-14,2024-09-17,2024-09-17,671,671,Closed
PO-003844,SUP-024,2024-09-15,2024-09-20,2024-09-20,956,884,Closed
PO-000720,SUP-003,2024-09-15,2024-09-24,2024-09-24,43,43,Closed
PO-002275,SUP-009,2024-09-15,2024-09-22,2024-09-22,796,796,Closed
PO-003630,SUP-022,2024-09-15,2024-09-23,2024-09-23,195,188,Closed
PO-000440,SUP-002,2024-09-15,2024-09-21,2024-09-21,300,300,Closed
PO-000956,SUP-004,2024-09-15,2024-09-24,2024-09-24,351,351,Closed
PO-000957,SUP-004,2024-09-16,2024-09-23,2024-09-23,133,133,Closed
PO-002013,SUP-008,2024-09-16,2024-09-20,2024-09-20,514,514,Closed
PO-001730,SUP-007,2024-09-16,2024-09-27,2024-09-27,90,90,Closed
PO-003940,SUP-027,2024-09-16,2024-09-24,2024-09-24,405,405,Closed
PO-000439,SUP-002,2024-09-16,2024-09-19,2024-09-19,417,417,Closed
PO-002798,SUP-014,2024-09-16,2024-09-25,2024-09-25,262,262,Closed
PO-000718,SUP-003,2024-09-16,2024-09-26,2024-09-26,239,239,Closed
PO-000044,SUP-001,2024-09-16,2024-09-20,2024-09-20,280,280,Closed
PO-004095,SUP-032,2024-09-16,2024-09-18,2024-09-18,268,268,Closed
PO-002004,SUP-008,2024-09-17,2024-09-22,2024-09-22,382,382,Closed
PO-002278,SUP-009,2024-09-17,2024-09-24,2024-09-24,103,103,Closed
PO-001745,SUP-007,2024-09-17,2024-09-30,2024-09-30,220,220,Closed
PO-002009,SUP-008,2024-09-18,2024-09-21,2024-09-21,735,735,Closed
PO-002894,SUP-015,2024-09-18,2024-09-21,2024-09-21,362,362,Closed
PO-002006,SUP-008,2024-09-18,2024-09-20,2024-09-20,695,543,Closed
PO-003843,SUP-024,2024-09-19,2024-09-24,2024-09-23,326,326,Closed
PO-004096,SUP-032,2024-09-19,2024-09-23,2024-09-23,316,316,Closed
PO-002015,SUP-008,2024-09-19,2024-09-21,2024-09-21,239,239,Closed
PO-003518,SUP-021,2024-09-20,2024-09-30,2024-10-01,736,736,Closed
PO-002014,SUP-008,2024-09-20,2024-09-23,2024-09-23,548,548,Closed
PO-003126,SUP-017,2024-09-20,2024-09-27,2024-09-27,167,167,Closed
PO-003516,SUP-021,2024-09-20,2024-09-27,2024-09-27,498,471,Closed
PO-002477,SUP-011,2024-09-20,2024-09-22,2024-09-22,158,158,Closed
PO-003629,SUP-022,2024-09-20,2024-09-29,2024-09-29,231,231,Closed
PO-001738,SUP-007,2024-09-20,2024-10-02,2024-10-01,410,410,Closed
PO-002699,SUP-013,2024-09-20,2024-09-29,2024-09-29,178,178,Closed
PO-003978,SUP-028,2024-09-21,2024-09-24,2024-09-24,347,347,Closed
PO-002602,SUP-012,2024-09-21,2024-09-28,2024-09-28,181,181,Closed
PO-003743,SUP-023,2024-09-21,2024-09-26,2024-09-26,146,146,Closed
PO-003519,SUP-021,2024-09-21,2024-10-01,2024-10-01,169,169,Closed
PO-003939,SUP-027,2024-09-22,2024-09-30,2024-09-29,257,238,Closed
PO-003432,SUP-020,2024-09-22,2024-09-27,2024-09-27,165,165,Closed
PO-002276,SUP-009,2024-09-22,2024-10-02,2024-10-01,392,392,Closed
PO-001478,SUP-006,2024-09-22,2024-09-29,2024-09-29,185,185,Closed
PO-002895,SUP-015,2024-09-22,2024-09-26,2024-09-26,111,111,Closed
PO-004382,SUP-040,2024-09-22,2024-09-28,2024-10-05,110,110,Closed
PO-001739,SUP-007,2024-09-22,2024-10-05,2024-10-05,422,422,Closed
PO-000722,SUP-003,2024-09-23,2024-10-02,2024-10-02,201,201,Closed
PO-000732,SUP-003,2024-09-23,2024-10-02,2024-10-02,125,125,Closed
PO-002374,SUP-010,2024-09-23,2024-09-28,2024-09-28,207,207,Closed
PO-000433,SUP-002,2024-09-23,2024-09-27,2024-09-27,223,223,Closed
PO-000049,SUP-001,2024-09-23,2024-09-25,2024-09-25,757,757,Closed
PO-001197,SUP-005,2024-09-23,2024-09-27,2024-09-27,537,537,Closed
PO-000727,SUP-003,2024-09-23,2024-10-03,2024-10-03,240,240,Closed
PO-001740,SUP-007,2024-09-23,2024-10-04,2024-10-04,133,133,Closed
PO-001742,SUP-007,2024-09-24,2024-10-05,2024-10-05,286,286,Closed
PO-001473,SUP-006,2024-09-24,2024-10-01,2024-10-01,491,491,Closed
PO-002897,SUP-015,2024-09-24,2024-09-28,2024-09-28,283,283,Closed
PO-001733,SUP-007,2024-09-24,2024-10-05,2024-10-05,151,151,Closed
PO-000045,SUP-001,2024-09-24,2024-09-29,2024-09-30,813,813,Closed
PO-000050,SUP-001,2024-09-24,2024-09-27,2024-09-27,208,208,Closed
PO-000435,SUP-002,2024-09-25,2024-10-01,2024-10-01,544,544,Closed
PO-003520,SUP-021,2024-09-25,2024-10-02,2024-10-02,537,537,Closed
PO-003125,SUP-017,2024-09-25,2024-10-04,2024-10-04,624,624,Closed
PO-002799,SUP-014,2024-09-25,2024-10-05,2024-10-05,284,284,Closed
PO-001477,SUP-006,2024-09-25,2024-10-04,2024-10-04,398,398,Closed
PO-000724,SUP-003,2024-09-25,2024-10-05,2024-10-05,214,214,Closed
PO-003128,SUP-017,2024-09-25,2024-10-04,2024-10-04,1343,1343,Closed
PO-003337,SUP-019,2024-09-26,2024-10-09,2024-10-09,527,527,Closed
PO-000958,SUP-004,2024-09-26,2024-10-04,2024-10-03,299,299,Closed
PO-000053,SUP-001,2024-09-26,2024-09-29,2024-09-29,916,916,Closed
PO-003431,SUP-020,2024-09-26,2024-09-30,2024-09-30,151,151,Closed
PO-002480,SUP-011,2024-09-26,2024-09-30,2024-09-29,494,494,Closed
PO-000438,SUP-002,2024-09-26,2024-09-30,2024-10-03,239,239,Closed
PO-000716,SUP-003,2024-09-26,2024-10-03,2024-10-02,115,115,Closed
PO-000444,SUP-002,2024-09-26,2024-09-29,2024-09-29,384,384,Closed
PO-000445,SUP-002,2024-09-26,2024-10-01,2024-10-01,470,470,Closed
PO-002700,SUP-013,2024-09-26,2024-10-02,2024-10-02,328,328,Closed
PO-000441,SUP-002,2024-09-27,2024-10-01,2024-10-01,134,134,Closed
PO-002482,SUP-011,2024-09-27,2024-10-02,2024-10-02,455,455,Closed
PO-001736,SUP-007,2024-09-27,2024-10-10,2024-10-09,257,257,Closed
PO-000731,SUP-003,2024-09-27,2024-10-07,2024-10-07,115,115,Closed
PO-002011,SUP-008,2024-09-28,2024-10-03,2024-10-03,556,556,Closed
PO-000725,SUP-003,2024-09-28,2024-10-07,2024-10-07,123,123,Closed
PO-001201,SUP-005,2024-09-28,2024-10-04,2024-10-04,1057,1057,Closed
PO-001732,SUP-007,2024-09-28,2024-10-11,2024-10-11,261,261,Closed
PO-002604,SUP-012,2024-09-28,2024-10-07,2024-10-07,661,661,Closed
PO-002375,SUP-010,2024-09-29,2024-10-05,2024-10-04,170,170,Closed
PO-004190,SUP-035,2024-09-29,2024-10-07,2024-10-06,558,518,Closed
PO-003747,SUP-023,2024-09-29,2024-10-05,2024-10-05,575,575,Closed
PO-001735,SUP-007,2024-09-30,2024-10-12,2024-10-12,519,519,Closed
PO-002005,SUP-008,2024-09-30,2024-10-04,2024-10-04,283,283,Closed
PO-004348,SUP-039,2024-09-30,2024-10-04,2024-10-04,102,102,Closed
PO-002478,SUP-011,2024-09-30,2024-10-04,2024-10-04,206,206,Closed
PO-002479,SUP-011,2024-09-30,2024-10-03,2024-10-03,1100,1100,Closed
PO-003745,SUP-023,2024-09-30,2024-10-06,2024-10-05,836,836,Closed
PO-003977,SUP-028,2024-09-30,2024-10-04,2024-10-08,1177,1177,Closed
PO-001476,SUP-006,2024-09-30,2024-10-09,2024-10-09,138,138,Closed
PO-000059,SUP-001,2024-10-01,2024-10-05,2024-10-05,284,284,Closed
PO-003750,SUP-023,2024-10-01,2024-10-04,2024-10-04,141,141,Closed
PO-000452,SUP-002,2024-10-01,2024-10-06,2024-10-06,160,160,Closed
PO-004256,SUP-037,2024-10-01,2024-10-04,2024-10-04,99,99,Closed
PO-004258,SUP-037,2024-10-01,2024-10-04,2024-10-04,216,207,Closed
PO-000959,SUP-004,2024-10-01,2024-10-09,2024-10-09,284,250,Closed
PO-003241,SUP-018,2024-10-01,2024-10-06,2024-10-06,541,541,Closed
PO-003131,SUP-017,2024-10-01,2024-10-11,2024-10-13,2466,2466,Closed
PO-002380,SUP-010,2024-10-02,2024-10-08,2024-10-08,216,216,Closed
PO-002902,SUP-015,2024-10-02,2024-10-07,2024-10-07,715,534,Closed
PO-004120,SUP-033,2024-10-02,2024-10-09,2024-10-09,286,286,Closed
PO-004156,SUP-034,2024-10-03,2024-10-09,2024-10-09,1197,1197,Closed
PO-003638,SUP-022,2024-10-03,2024-10-09,2024-10-09,329,329,Closed
PO-002485,SUP-011,2024-10-04,2024-10-06,2024-10-07,186,186,Closed
PO-000962,SUP-004,2024-10-04,2024-10-13,2024-10-13,643,643,Closed
PO-003752,SUP-023,2024-10-04,2024-10-08,2024-10-08,380,380,Closed
PO-001488,SUP-006,2024-10-04,2024-10-12,2024-10-15,821,821,Closed
PO-002027,SUP-008,2024-10-04,2024-10-09,2024-10-09,309,309,Closed
PO-002034,SUP-008,2024-10-04,2024-10-09,2024-10-09,179,150,Closed
PO-002023,SUP-008,2024-10-05,2024-10-08,2024-10-08,226,226,Closed
PO-002705,SUP-013,2024-10-05,2024-10-12,2024-10-12,125,125,Closed
PO-004191,SUP-035,2024-10-05,2024-10-13,2024-10-13,146,146,Closed
PO-003635,SUP-022,2024-10-05,2024-10-13,2024-10-13,425,425,Closed
PO-003022,SUP-016,2024-10-05,2024-10-13,2024-10-13,518,518,Closed
PO-002016,SUP-008,2024-10-06,2024-10-08,2024-10-08,298,298,Closed
PO-002018,SUP-008,2024-10-06,2024-10-10,2024-10-09,679,679,Closed
PO-002800,SUP-014,2024-10-06,2024-10-13,2024-10-12,533,533,Closed
PO-002898,SUP-015,2024-10-06,2024-10-11,2024-10-11,385,385,Closed
PO-000446,SUP-002,2024-10-06,2024-10-12,2024-10-12,593,593,Closed
PO-001205,SUP-005,2024-10-06,2024-10-10,2024-10-10,104,104,Closed
PO-002280,SUP-009,2024-10-07,2024-10-14,2024-10-14,281,281,Closed
PO-001208,SUP-005,2024-10-07,2024-10-13,2024-10-13,1152,1152,Closed
PO-002030,SUP-008,2024-10-07,2024-10-11,2024-10-11,303,220,Closed
PO-003883,SUP-025,2024-10-07,2024-10-15,2024-10-16,240,240,Closed
PO-004350,SUP-039,2024-10-07,2024-10-10,2024-10-10,946,946,Closed
PO-001485,SUP-006,2024-10-07,2024-10-14,2024-10-14,355,355,Closed
PO-000963,SUP-004,2024-10-07,2024-10-15,2024-10-15,167,167,Closed
PO-002032,SUP-008,2024-10-07,2024-10-09,2024-10-08,483,483,Closed
PO-000738,SUP-003,2024-10-07,2024-10-14,2024-10-14,103,103,Closed
PO-004155,SUP-034,2024-10-07,2024-10-12,2024-10-12,137,137,Closed
PO-004220,SUP-036,2024-10-08,2024-10-12,2024-10-12,247,247,Closed
PO-003130,SUP-017,2024-10-08,2024-10-18,2024-10-18,225,225,Closed
PO-004055,SUP-031,2024-10-08,2024-10-19,2024-10-19,388,388,Closed
PO-003433,SUP-020,2024-10-08,2024-10-10,2024-10-10,173,173,Closed
PO-004098,SUP-032,2024-10-08,2024-10-10,2024-10-10,332,332,Closed
PO-003239,SUP-018,2024-10-09,2024-10-12,2024-10-12,208,208,Closed
PO-003238,SUP-018,2024-10-09,2024-10-13,2024-10-13,103,103,Closed
PO-003523,SUP-021,2024-10-09,2024-10-16,2024-10-21,522,522,Closed
PO-002033,SUP-008,2024-10-09,2024-10-13,2024-10-13,334,334,Closed
PO-002483,SUP-011,2024-10-09,2024-10-12,2024-10-12,489,489,Closed
PO-002017,SUP-008,2024-10-10,2024-10-14,2024-10-14,242,189,Closed
PO-000961,SUP-004,2024-10-10,2024-10-18,2024-10-18,635,635,Closed
PO-000734,SUP-003,2024-10-11,2024-10-18,2024-10-18,123,123,Closed
PO-000449,SUP-002,2024-10-11,2024-10-16,2024-10-16,165,165,Closed
PO-000454,SUP-002,2024-10-11,2024-10-14,2024-10-14,1181,1181,Closed
PO-001484,SUP-006,2024-10-11,2024-10-21,2024-10-21,244,244,Closed
PO-003527,SUP-021,2024-10-11,2024-10-21,2024-10-21,192,192,Closed
PO-000960,SUP-004,2024-10-11,2024-10-17,2024-10-16,219,219,Closed
PO-000733,SUP-003,2024-10-11,2024-10-19,2024-10-19,191,191,Closed
PO-001749,SUP-007,2024-10-11,2024-10-24,2024-10-24,145,145,Closed
PO-002378,SUP-010,2024-10-12,2024-10-16,2024-10-16,235,235,Closed
PO-000447,SUP-002,2024-10-12,2024-10-18,2024-10-18,335,335,Closed
PO-000964,SUP-004,2024-10-12,2024-10-18,2024-10-19,674,674,Closed
PO-002028,SUP-008,2024-10-12,2024-10-17,2024-10-17,2412,2412,Closed
PO-000737,SUP-003,2024-10-12,2024-10-19,2024-10-19,100,100,Closed
PO-003524,SUP-021,2024-10-12,2024-10-22,2024-10-21,219,219,Closed
PO-002486,SUP-011,2024-10-12,2024-10-15,2024-10-15,635,635,Closed
PO-003021,SUP-016,2024-10-13,2024-10-22,2024-10-21,373,373,Closed
PO-001748,SUP-007,2024-10-13,2024-10-27,2024-10-27,84,84,Closed
PO-004383,SUP-040,2024-10-13,2024-10-21,2024-10-21,593,593,Closed
PO-002024,SUP-008,2024-10-13,2024-10-17,2024-10-16,434,434,Closed
PO-000057,SUP-001,2024-10-13,2024-10-17,2024-10-17,133,133,Closed
PO-001482,SUP-006,2024-10-13,2024-10-23,2024-10-23,614,614,Closed
PO-004119,SUP-033,2024-10-13,2024-10-21,2024-10-21,110,110,Closed
PO-001486,SUP-006,2024-10-13,2024-10-20,2024-10-20,136,136,Closed
PO-001481,SUP-006,2024-10-13,2024-10-23,2024-10-23,210,210,Closed
PO-001487,SUP-006,2024-10-13,2024-10-23,2024-10-23,130,130,Closed
PO-003639,SUP-022,2024-10-14,2024-10-23,2024-10-23,66,66,Closed
PO-004025,SUP-030,2024-10-14,2024-10-22,2024-10-25,143,143,Closed
PO-001490,SUP-006,2024-10-14,2024-10-21,2024-10-21,398,398,Closed
PO-003749,SUP-023,2024-10-14,2024-10-19,2024-10-19,105,105,Closed
PO-002021,SUP-008,2024-10-14,2024-10-18,2024-10-18,580,580,Closed
PO-002900,SUP-015,2024-10-14,2024-10-17,2024-10-17,428,428,Closed
PO-003748,SUP-023,2024-10-15,2024-10-20,2024-10-20,263,263,Closed
PO-001203,SUP-005,2024-10-15,2024-10-18,2024-10-18,199,199,Closed
PO-002379,SUP-010,2024-10-15,2024-10-18,2024-10-18,1411,1411,Closed
PO-004097,SUP-032,2024-10-15,2024-10-18,2024-10-18,305,305,Closed
PO-001492,SUP-006,2024-10-15,2024-10-22,2024-10-22,159,159,Closed
PO-001754,SUP-007,2024-10-15,2024-10-26,2024-10-26,40,40,Closed
PO-003435,SUP-020,2024-10-16,2024-10-18,2024-10-18,143,143,Closed
PO-004221,SUP-036,2024-10-16,2024-10-20,2024-10-20,254,254,Closed
PO-004154,SUP-034,2024-10-16,2024-10-22,2024-10-22,148,148,Closed
PO-001480,SUP-006,2024-10-16,2024-10-25,2024-10-26,123,123,Closed
PO-000063,SUP-001,2024-10-17,2024-10-20,2024-10-20,544,544,Closed
PO-002022,SUP-008,2024-10-17,2024-10-22,2024-10-22,495,495,Closed
PO-002377,SUP-010,2024-10-17,2024-10-23,2024-10-22,360,360,Closed
PO-001755,SUP-007,2024-10-17,2024-10-28,2024-10-28,627,627,Closed
PO-001206,SUP-005,2024-10-17,2024-10-23,2024-10-22,418,418,Closed
PO-000060,SUP-001,2024-10-17,2024-10-20,2024-10-20,408,408,Closed
PO-003236,SUP-018,2024-10-17,2024-10-22,2024-10-22,1026,1026,Closed
PO-001204,SUP-005,2024-10-18,2024-10-21,2024-10-20,227,227,Closed
PO-004349,SUP-039,2024-10-18,2024-10-22,2024-10-22,241,241,Closed
PO-001479,SUP-006,2024-10-18,2024-10-28,2024-10-27,258,258,Closed
PO-001489,SUP-006,2024-10-18,2024-10-27,2024-10-27,605,605,Closed
PO-002801,SUP-014,2024-10-18,2024-10-25,2024-10-25,232,232,Closed
PO-002901,SUP-015,2024-10-18,2024-10-23,2024-10-24,327,263,Closed
PO-000966,SUP-004,2024-10-18,2024-10-25,2024-10-24,226,226,Closed
PO-000065,SUP-001,2024-10-19,2024-10-22,2024-10-22,492,492,Closed
PO-003526,SUP-021,2024-10-19,2024-10-27,2024-10-27,274,274,Closed
PO-000056,SUP-001,2024-10-19,2024-10-21,2024-10-21,119,119,Closed
PO-002706,SUP-013,2024-10-19,2024-10-26,2024-10-25,696,696,Closed
PO-001750,SUP-007,2024-10-20,2024-11-02,2024-11-02,184,184,Closed
PO-000735,SUP-003,2024-10-20,2024-10-30,2024-10-30,723,723,Closed
PO-000736,SUP-003,2024-10-20,2024-10-27,2024-10-27,136,136,Closed
PO-002026,SUP-008,2024-10-20,2024-10-25,2024-10-25,848,848,Closed
PO-003845,SUP-024,2024-10-20,2024-10-24,2024-10-24,251,218,Closed
PO-003434,SUP-020,2024-10-20,2024-10-22,2024-10-22,524,524,Closed
PO-003751,SUP-023,2024-10-20,2024-10-24,2024-10-24,337,337,Closed
PO-002802,SUP-014,2024-10-21,2024-10-28,2024-10-28,228,161,Closed
PO-002803,SUP-014,2024-10-21,2024-10-29,2024-10-29,228,228,Closed
PO-003753,SUP-023,2024-10-21,2024-10-27,2024-10-26,128,128,Closed
PO-003237,SUP-018,2024-10-22,2024-10-28,2024-10-28,317,264,Closed
PO-001752,SUP-007,2024-10-22,2024-11-03,2024-11-03,126,126,Closed
PO-001207,SUP-005,2024-10-22,2024-10-27,2024-10-27,229,229,Closed
PO-002281,SUP-009,2024-10-22,2024-11-01,2024-11-01,77,77,Closed
PO-000453,SUP-002,2024-10-23,2024-10-27,2024-10-27,222,222,Closed
PO-004257,SUP-037,2024-10-23,2024-10-29,2024-10-29,405,405,Closed
PO-003884,SUP-025,2024-10-23,2024-10-30,2024-10-30,235,235,Closed
PO-000064,SUP-001,2024-10-23,2024-10-26,2024-10-26,152,152,Closed
PO-000058,SUP-001,2024-10-23,2024-10-27,2024-10-27,171,171,Closed
PO-000062,SUP-001,2024-10-23,2024-10-26,2024-10-26,326,326,Closed
PO-003636,SUP-022,2024-10-23,2024-11-01,2024-11-01,356,356,Closed
PO-003240,SUP-018,2024-10-23,2024-10-29,2024-10-29,254,254,Closed
PO-000061,SUP-001,2024-10-23,2024-10-25,2024-10-25,181,181,Closed
PO-001756,SUP-007,2024-10-23,2024-11-03,2024-11-03,300,300,Closed
PO-002020,SUP-008,2024-10-24,2024-10-29,2024-10-29,168,153,Closed
PO-001209,SUP-005,2024-10-24,2024-10-27,2024-10-27,452,452,Closed
PO-002381,SUP-010,2024-10-24,2024-10-29,2024-10-29,60,60,Closed
PO-002029,SUP-008,2024-10-24,2024-10-26,2024-10-26,489,489,Closed
PO-001751,SUP-007,2024-10-24,2024-11-05,2024-11-05,219,219,Closed
PO-001753,SUP-007,2024-10-25,2024-11-06,2024-11-06,955,955,Closed
PO-003521,SUP-021,2024-10-25,2024-11-03,2024-11-02,137,137,Closed
PO-002025,SUP-008,2024-10-25,2024-10-30,2024-10-30,180,180,Closed
PO-004054,SUP-031,2024-10-25,2024-11-08,2024-11-10,582,582,Closed
PO-000448,SUP-002,2024-10-26,2024-10-31,2024-10-31,172,172,Closed
PO-004121,SUP-033,2024-10-26,2024-11-05,2024-11-05,610,610,Closed
PO-002484,SUP-011,2024-10-27,2024-11-01,2024-11-03,807,807,Closed
PO-001747,SUP-007,2024-10-27,2024-11-10,2024-11-10,318,318,Closed
PO-001483,SUP-006,2024-10-27,2024-11-05,2024-11-05,144,144,Closed
PO-003637,SUP-022,2024-10-27,2024-11-02,2024-11-01,785,785,Closed
PO-001491,SUP-006,2024-10-27,2024-11-05,2024-11-05,327,327,Closed
PO-003235,SUP-018,2024-10-27,2024-11-01,2024-10-31,239,239,Closed
PO-002606,SUP-012,2024-10-27,2024-11-03,2024-11-03,422,422,Closed
PO-002019,SUP-008,2024-10-27,2024-10-29,2024-10-29,282,282,Closed
PO-003522,SUP-021,2024-10-28,2024-11-04,2024-11-04,704,704,Closed
PO-000965,SUP-004,2024-10-28,2024-11-04,2024-11-04,334,334,Closed
PO-004305,SUP-038,2024-10-28,2024-11-11,2024-11-11,552,552,Closed
PO-002704,SUP-013,2024-10-28,2024-11-03,2024-11-03,545,545,Closed
PO-003019,SUP-016,2024-10-28,2024-11-03,2024-11-03,517,468,Closed
PO-003020,SUP-016,2024-10-29,2024-11-05,2024-11-05,70,49,Closed
PO-001210,SUP-005,2024-10-29,2024-11-01,2024-11-01,344,288,Closed
PO-001757,SUP-007,2024-10-29,2024-11-10,2024-11-10,142,142,Closed
PO-003525,SUP-021,2024-10-29,2024-11-07,2024-11-06,215,215,Closed
PO-002607,SUP-012,2024-10-29,2024-11-06,2024-11-06,385,385,Closed
PO-002031,SUP-008,2024-10-29,2024-10-31,2024-10-31,83,83,Closed
PO-003914,SUP-026,2024-10-29,2024-11-04,2024-11-04,117,117,Closed
PO-003129,SUP-017,2024-10-30,2024-11-08,2024-11-08,109,109,Closed
PO-000450,SUP-002,2024-10-30,2024-11-04,2024-11-03,331,331,Closed
PO-002899,SUP-015,2024-10-31,2024-11-05,2024-11-05,952,882,Closed
PO-000451,SUP-002,2024-10-31,2024-11-06,2024-11-05,814,814,Closed
PO-000462,SUP-002,2024-11-01,2024-11-04,2024-11-04,198,198,Closed
PO-000739,SUP-003,2024-11-01,2024-11-08,2024-11-09,88,88,Closed
PO-000076,SUP-001,2024-11-01,2024-11-04,2024-11-04,102,88,Closed
PO-002385,SUP-010,2024-11-01,2024-11-06,2024-11-06,309,309,Closed
PO-003243,SUP-018,2024-11-01,2024-11-04,2024-11-03,426,426,Closed
PO-004262,SUP-037,2024-11-01,2024-11-07,2024-11-07,1401,1401,Closed
PO-001493,SUP-006,2024-11-01,2024-11-09,2024-11-09,420,420,Closed
PO-002382,SUP-010,2024-11-01,2024-11-06,2024-11-06,213,213,Closed
PO-000077,SUP-001,2024-11-01,2024-11-03,2024-11-03,517,517,Closed
PO-003755,SUP-023,2024-11-02,2024-11-07,2024-11-09,197,197,Closed
PO-000968,SUP-004,2024-11-02,2024-11-08,2024-11-08,207,207,Closed
PO-000464,SUP-002,2024-11-02,2024-11-08,2024-11-08,65,65,Closed
PO-003135,SUP-017,2024-11-02,2024-11-09,2024-11-09,399,399,Closed
PO-001498,SUP-006,2024-11-02,2024-11-09,2024-11-09,445,445,Closed
PO-001496,SUP-006,2024-11-02,2024-11-11,2024-11-11,261,261,Closed
PO-003242,SUP-018,2024-11-02,2024-11-08,2024-11-07,159,159,Closed
PO-002487,SUP-011,2024-11-02,2024-11-07,2024-11-07,122,122,Closed
PO-004056,SUP-031,2024-11-03,2024-11-14,2024-11-14,288,288,Closed
PO-003641,SUP-022,2024-11-03,2024-11-10,2024-11-10,126,126,Closed
PO-003531,SUP-021,2024-11-03,2024-11-10,2024-11-10,45,45,Closed
PO-004260,SUP-037,2024-11-03,2024-11-08,2024-11-08,233,233,Closed
PO-000082,SUP-001,2024-11-03,2024-11-06,2024-11-06,265,265,Closed
PO-004259,SUP-037,2024-11-03,2024-11-06,2024-11-07,409,298,Closed
PO-001771,SUP-007,2024-11-03,2024-11-14,2024-11-14,269,269,Closed
PO-002386,SUP-010,2024-11-04,2024-11-10,2024-11-10,82,82,Closed
PO-003647,SUP-022,2024-11-04,2024-11-12,2024-11-12,406,406,Closed
PO-002708,SUP-013,2024-11-04,2024-11-11,2024-11-11,376,376,Closed
PO-000971,SUP-004,2024-11-04,2024-11-11,2024-11-11,214,214,Closed
PO-003846,SUP-024,2024-11-04,2024-11-08,2024-11-09,498,498,Closed
PO-002037,SUP-008,2024-11-04,2024-11-08,2024-11-08,207,207,Closed
PO-002904,SUP-015,2024-11-04,2024-11-06,2024-11-06,175,175,Closed
PO-001775,SUP-007,2024-11-04,2024-11-16,2024-11-16,186,186,Closed
PO-000083,SUP-001,2024-11-05,2024-11-08,2024-11-08,123,99,Closed
PO-002283,SUP-009,2024-11-05,2024-11-12,2024-11-12,201,201,Closed
PO-003645,SUP-022,2024-11-05,2024-11-14,2024-11-14,236,236,Closed
PO-003642,SUP-022,2024-11-05,2024-11-14,2024-11-14,345,345,Closed
PO-000072,SUP-001,2024-11-05,2024-11-07,2024-11-07,95,95,Closed
PO-001497,SUP-006,2024-11-05,2024-11-12,2024-11-12,568,568,Closed
PO-004353,SUP-039,2024-11-05,2024-11-10,2024-11-10,573,573,Closed
PO-001213,SUP-005,2024-11-06,2024-11-09,2024-11-09,259,259,Closed
PO-001499,SUP-006,2024-11-06,2024-11-15,2024-11-15,180,180,Closed
PO-002042,SUP-008,2024-11-06,2024-11-09,2024-11-09,185,185,Closed
PO-000457,SUP-002,2024-11-06,2024-11-09,2024-11-09,403,403,Closed
PO-004026,SUP-030,2024-11-06,2024-11-15,2024-11-15,84,84,Closed
PO-001762,SUP-007,2024-11-06,2024-11-17,2024-11-17,635,635,Closed
PO-000969,SUP-004,2024-11-07,2024-11-14,2024-11-14,272,272,Closed
PO-003759,SUP-023,2024-11-07,2024-11-10,2024-11-10,208,208,Closed
PO-003244,SUP-018,2024-11-07,2024-11-10,2024-11-10,81,81,Closed
PO-002489,SUP-011,2024-11-07,2024-11-12,2024-11-12,326,326,Closed
PO-002384,SUP-010,2024-11-07,2024-11-11,2024-11-11,211,211,Closed
PO-000743,SUP-003,2024-11-08,2024-11-17,2024-11-17,470,470,Closed
PO-003849,SUP-024,2024-11-08,2024-11-13,2024-11-13,328,328,Closed
PO-001759,SUP-007,2024-11-08,2024-11-19,2024-11-19,271,271,Closed
PO-003915,SUP-026,2024-11-08,2024-11-14,2024-11-14,328,328,Closed
PO-000073,SUP-001,2024-11-08,2024-11-10,2024-11-10,310,310,Closed
PO-002036,SUP-008,2024-11-09,2024-11-14,2024-11-14,367,367,Closed
PO-002383,SUP-010,2024-11-09,2024-11-15,2024-11-15,305,305,Closed
PO-004122,SUP-033,2024-11-09,2024-11-16,2024-11-16,527,527,Closed
PO-000742,SUP-003,2024-11-09,2024-11-17,2024-11-17,216,216,Closed
PO-002707,SUP-013,2024-11-10,2024-11-19,2024-11-19,176,176,Closed
PO-003341,SUP-019,2024-11-10,2024-11-21,2024-11-21,683,683,Closed
PO-003640,SUP-022,2024-11-10,2024-11-19,2024-11-19,290,290,Closed
PO-002608,SUP-012,2024-11-10,2024-11-20,2024-11-20,306,306,Closed
PO-002282,SUP-009,2024-11-10,2024-11-17,2024-11-17,124,124,Closed
PO-003133,SUP-017,2024-11-10,2024-11-18,2024-11-18,154,154,Closed
PO-002043,SUP-008,2024-11-10,2024-11-14,2024-11-14,306,306,Closed
PO-003528,SUP-021,2024-11-11,2024-11-20,2024-11-20,434,434,Closed
PO-001215,SUP-005,2024-11-11,2024-11-14,2024-11-13,363,363,Closed
PO-001495,SUP-006,2024-11-12,2024-11-22,2024-11-22,125,125,Closed
PO-000970,SUP-004,2024-11-12,2024-11-18,2024-11-18,235,235,Closed
PO-001758,SUP-007,2024-11-12,2024-11-24,2024-11-24,366,366,Closed
PO-003758,SUP-023,2024-11-12,2024-11-16,2024-11-16,164,164,Closed
PO-003847,SUP-024,2024-11-12,2024-11-15,2024-11-15,92,86,Closed
PO-000972,SUP-004,2024-11-13,2024-11-19,2024-11-19,707,707,Closed
PO-003024,SUP-016,2024-11-13,2024-11-22,2024-11-23,217,217,Closed
PO-001211,SUP-005,2024-11-13,2024-11-19,2024-11-18,835,835,Closed
PO-001769,SUP-007,2024-11-13,2024-11-24,2024-11-24,262,262,Closed
PO-000067,SUP-001,2024-11-13,2024-11-16,2024-11-16,367,367,Closed
PO-004157,SUP-034,2024-11-13,2024-11-19,2024-11-19,61,61,Closed
PO-002491,SUP-011,2024-11-14,2024-11-19,2024-11-19,571,464,Closed
PO-001212,SUP-005,2024-11-14,2024-11-17,2024-11-17,170,170,Closed
PO-001760,SUP-007,2024-11-14,2024-11-27,2024-11-27,160,160,Closed
PO-001772,SUP-007,2024-11-14,2024-11-25,2024-11-25,139,139,Closed
PO-004352,SUP-039,2024-11-14,2024-11-16,2024-11-16,117,117,Closed
PO-003437,SUP-020,2024-11-14,2024-11-19,2024-11-19,291,252,Closed
PO-002284,SUP-009,2024-11-14,2024-11-23,2024-11-22,140,140,Closed
PO-002046,SUP-008,2024-11-14,2024-11-18,2024-11-18,199,199,Closed
PO-003338,SUP-019,2024-11-14,2024-11-26,2024-11-26,610,610,Closed
PO-001504,SUP-006,2024-11-14,2024-11-21,2024-11-21,454,454,Closed
PO-000066,SUP-001,2024-11-15,2024-11-19,2024-11-18,676,676,Closed
PO-002040,SUP-008,2024-11-15,2024-11-18,2024-11-18,542,542,Closed
PO-002035,SUP-008,2024-11-15,2024-11-18,2024-11-18,110,110,Closed
PO-003134,SUP-017,2024-11-15,2024-11-23,2024-11-23,243,243,Closed
PO-002039,SUP-008,2024-11-16,2024-11-19,2024-11-19,648,648,Closed
PO-000465,SUP-002,2024-11-16,2024-11-21,2024-11-26,314,314,Closed
PO-004261,SUP-037,2024-11-16,2024-11-21,2024-11-21,1184,1184,Closed
PO-002709,SUP-013,2024-11-16,2024-11-22,2024-11-22,137,137,Closed
PO-002903,SUP-015,2024-11-16,2024-11-21,2024-11-20,294,294,Closed
PO-002041,SUP-008,2024-11-16,2024-11-21,2024-11-21,173,173,Closed
PO-002805,SUP-014,2024-11-17,2024-11-24,2024-11-24,336,336,Closed
PO-000075,SUP-001,2024-11-17,2024-11-21,2024-11-21,95,95,Closed
PO-002490,SUP-011,2024-11-17,2024-11-21,2024-11-21,1598,1598,Closed
PO-003026,SUP-016,2024-11-17,2024-11-26,2024-11-26,571,571,Closed
PO-000080,SUP-001,2024-11-17,2024-11-21,2024-11-21,353,353,Closed
PO-003339,SUP-019,2024-11-17,2024-11-30,2024-11-30,309,309,Closed
PO-003529,SUP-021,2024-11-18,2024-11-26,2024-11-26,264,264,Closed
PO-003885,SUP-025,2024-11-18,2024-11-26,2024-11-26,192,192,Closed
PO-002609,SUP-012,2024-11-18,2024-11-27,2024-11-27,368,368,Closed
PO-000741,SUP-003,2024-11-18,2024-11-25,2024-11-25,216,216,Closed
PO-000070,SUP-001,2024-11-19,2024-11-21,2024-11-20,165,165,Closed
PO-003643,SUP-022,2024-11-19,2024-11-27,2024-11-27,63,63,Closed
PO-001766,SUP-007,2024-11-19,2024-12-02,2024-12-02,235,235,Closed
PO-003886,SUP-025,2024-11-20,2024-11-27,2024-11-26,136,136,Closed
PO-000460,SUP-002,2024-11-20,2024-11-26,2024-11-26,543,543,Closed
PO-000458,SUP-002,2024-11-20,2024-11-23,2024-11-23,207,207,Closed
PO-000740,SUP-003,2024-11-20,2024-11-29,2024-11-29,1473,1473,Closed
PO-001501,SUP-006,2024-11-21,2024-11-30,2024-11-30,269,269,Closed
PO-001494,SUP-006,2024-11-21,2024-11-30,2024-11-30,160,160,Closed
PO-000081,SUP-001,2024-11-21,2024-11-24,2024-11-23,283,283,Closed
PO-001768,SUP-007,2024-11-21,2024-12-02,2024-12-01,105,105,Closed
PO-003943,SUP-027,2024-11-21,2024-11-30,2024-11-30,229,229,Closed
PO-002047,SUP-008,2024-11-22,2024-11-24,2024-11-24,62,62,Closed
PO-003530,SUP-021,2024-11-22,2024-11-29,2024-11-29,513,513,Closed
PO-001503,SUP-006,2024-11-23,2024-11-30,2024-11-30,187,187,Closed
PO-001500,SUP-006,2024-11-23,2024-11-30,2024-11-30,96,96,Closed
PO-000068,SUP-001,2024-11-23,2024-11-28,2024-11-28,280,280,Closed
PO-001505,SUP-006,2024-11-23,2024-11-30,2024-11-30,410,315,Closed
PO-001767,SUP-007,2024-11-23,2024-12-07,2024-12-07,238,238,Closed
PO-000078,SUP-001,2024-11-24,2024-11-26,2024-11-26,364,364,Closed
PO-001761,SUP-007,2024-11-24,2024-12-07,2024-12-07,192,192,Closed
PO-000069,SUP-001,2024-11-24,2024-11-29,2024-11-29,170,170,Closed
PO-003023,SUP-016,2024-11-24,2024-12-02,2024-12-02,260,230,Closed
PO-000459,SUP-002,2024-11-24,2024-11-30,2024-11-30,203,203,Closed
PO-003027,SUP-016,2024-11-24,2024-11-30,2024-11-30,263,263,Closed
PO-000456,SUP-002,2024-11-25,2024-12-01,2024-12-01,135,135,Closed
PO-002044,SUP-008,2024-11-25,2024-11-29,2024-11-29,302,302,Closed
PO-003848,SUP-024,2024-11-25,2024-11-27,2024-11-27,56,56,Closed
PO-003132,SUP-017,2024-11-25,2024-12-03,2024-12-03,449,449,Closed
PO-003646,SUP-022,2024-11-25,2024-12-04,2024-12-04,217,217,Closed
PO-004057,SUP-031,2024-11-25,2024-12-07,2024-12-08,1055,894,Closed
PO-000074,SUP-001,2024-11-25,2024-11-30,2024-12-01,252,252,Closed
PO-000463,SUP-002,2024-11-25,2024-11-29,2024-11-29,199,199,Closed
PO-003754,SUP-023,2024-11-26,2024-12-01,2024-12-07,193,193,Closed
PO-003438,SUP-020,2024-11-26,2024-11-28,2024-11-28,587,587,Closed
PO-000071,SUP-001,2024-11-26,2024-12-01,2024-12-01,389,272,Closed
PO-002804,SUP-014,2024-11-26,2024-12-04,2024-12-04,97,97,Closed
PO-003436,SUP-020,2024-11-26,2024-11-29,2024-11-29,723,723,Closed
PO-000079,SUP-001,2024-11-27,2024-12-01,2024-12-01,212,212,Closed
PO-000461,SUP-002,2024-11-27,2024-11-30,2024-11-30,107,107,Closed
PO-004384,SUP-040,2024-11-27,2024-12-04,2024-12-04,136,136,Closed
PO-000967,SUP-004,2024-11-27,2024-12-03,2024-12-03,560,560,Closed
PO-003757,SUP-023,2024-11-27,2024-12-03,2024-12-05,229,229,Closed
PO-003644,SUP-022,2024-11-27,2024-12-06,2024-12-07,547,547,Closed
PO-001502,SUP-006,2024-11-27,2024-12-07,2024-12-07,161,161,Closed
PO-004351,SUP-039,2024-11-28,2024-12-03,2024-12-03,97,97,Closed
PO-001770,SUP-007,2024-11-28,2024-12-11,2024-12-11,311,311,Closed
PO-001507,SUP-006,2024-11-28,2024-12-08,2024-12-08,590,590,Closed
PO-001773,SUP-007,2024-11-28,2024-12-09,2024-12-09,246,246,Closed
PO-001764,SUP-007,2024-11-28,2024-12-10,2024-12-10,278,278,Closed
PO-001763,SUP-007,2024-11-28,2024-12-11,2024-12-11,111,80,Closed
PO-002488,SUP-011,2024-11-29,2024-12-03,2024-12-03,121,121,Closed
PO-003025,SUP-016,2024-11-29,2024-12-06,2024-12-06,89,89,Closed
PO-000455,SUP-002,2024-11-29,2024-12-02,2024-12-02,290,290,Closed
PO-002038,SUP-008,2024-11-29,2024-12-02,2024-12-02,438,438,Closed
PO-001214,SUP-005,2024-11-29,2024-12-02,2024-12-02,386,386,Closed
PO-001774,SUP-007,2024-11-29,2024-12-10,2024-12-10,154,154,Closed
PO-001506,SUP-006,2024-11-29,2024-12-09,2024-12-09,168,168,Closed
PO-003340,SUP-019,2024-11-30,2024-12-12,2024-12-12,88,88,Closed
PO-003756,SUP-023,2024-11-30,2024-12-06,2024-12-06,113,113,Closed
PO-002045,SUP-008,2024-11-30,2024-12-03,2024-12-03,470,470,Closed
PO-001765,SUP-007,2024-11-30,2024-12-13,2024-12-13,65,65,Closed
PO-004001,SUP-029,2024-11-30,2024-12-10,2024-12-12,227,227,Closed
PO-003761,SUP-023,2024-12-01,2024-12-05,2024-12-05,408,408,Closed
PO-001228,SUP-005,2024-12-01,2024-12-05,2024-12-05,266,266,Closed
PO-003851,SUP-024,2024-12-01,2024-12-06,2024-12-07,404,404,Closed
PO-003248,SUP-018,2024-12-01,2024-12-06,2024-12-05,256,256,Closed
PO-002611,SUP-012,2024-12-01,2024-12-11,2024-12-11,333,333,Closed
PO-003980,SUP-028,2024-12-01,2024-12-03,2024-12-03,73,73,Closed
PO-003344,SUP-019,2024-12-02,2024-12-14,2024-12-16,141,141,Closed
PO-004264,SUP-037,2024-12-02,2024-12-05,2024-12-05,186,186,Closed
PO-004387,SUP-040,2024-12-02,2024-12-09,2024-12-09,407,407,Closed
PO-003345,SUP-019,2024-12-03,2024-12-16,2024-12-19,371,371,Closed
PO-002058,SUP-008,2024-12-03,2024-12-06,2024-12-06,287,287,Closed
PO-000084,SUP-001,2024-12-03,2024-12-07,2024-12-07,221,221,Closed
PO-002809,SUP-014,2024-12-03,2024-12-10,2024-12-10,201,201,Closed
PO-004307,SUP-038,2024-12-03,2024-12-16,2024-12-16,526,526,Closed
PO-004027,SUP-030,2024-12-03,2024-12-09,2024-12-09,416,416,Closed
PO-000471,SUP-002,2024-12-03,2024-12-09,2024-12-10,738,738,Closed
PO-003945,SUP-027,2024-12-04,2024-12-14,2024-12-16,158,158,Closed
PO-002049,SUP-008,2024-12-04,2024-12-09,2024-12-09,430,403,Closed
PO-000468,SUP-002,2024-12-04,2024-12-09,2024-12-09,640,493,Closed
PO-001787,SUP-007,2024-12-04,2024-12-18,2024-12-18,322,322,Closed
PO-002288,SUP-009,2024-12-05,2024-12-13,2024-12-13,372,372,Closed
PO-002388,SUP-010,2024-12-05,2024-12-11,2024-12-11,144,144,Closed
PO-002059,SUP-008,2024-12-05,2024-12-08,2024-12-08,995,995,Closed
PO-001784,SUP-007,2024-12-05,2024-12-18,2024-12-17,63,63,Closed
PO-000472,SUP-002,2024-12-05,2024-12-10,2024-12-10,232,232,Closed
PO-004099,SUP-032,2024-12-05,2024-12-07,2024-12-06,463,463,Closed
PO-000976,SUP-004,2024-12-05,2024-12-12,2024-12-12,108,108,Closed
PO-004306,SUP-038,2024-12-05,2024-12-17,2024-12-18,264,264,Closed
PO-004123,SUP-033,2024-12-06,2024-12-15,2024-12-22,350,350,Closed
PO-003439,SUP-020,2024-12-06,2024-12-10,2024-12-10,298,298,Closed
PO-000097,SUP-001,2024-12-06,2024-12-09,2024-12-09,50,50,Closed
PO-000750,SUP-003,2024-12-06,2024-12-15,2024-12-15,691,691,Closed
PO-001227,SUP-005,2024-12-06,2024-12-12,2024-12-12,753,753,Closed
PO-003138,SUP-017,2024-12-06,2024-12-13,2024-12-13,286,286,Closed
PO-002057,SUP-008,2024-12-06,2024-12-10,2024-12-10,553,553,Closed
PO-002053,SUP-008,2024-12-07,2024-12-09,2024-12-09,398,398,Closed
PO-002050,SUP-008,2024-12-07,2024-12-12,2024-12-11,426,426,Closed
PO-003346,SUP-019,2024-12-07,2024-12-18,2024-12-18,244,244,Closed
PO-001786,SUP-007,2024-12-07,2024-12-20,2024-12-20,499,499,Closed
PO-002712,SUP-013,2024-12-07,2024-12-16,2024-12-16,248,248,Closed
PO-001515,SUP-006,2024-12-07,2024-12-16,2024-12-16,125,125,Closed
PO-000474,SUP-002,2024-12-07,2024-12-10,2024-12-10,320,320,Closed
PO-003889,SUP-025,2024-12-07,2024-12-15,2024-12-15,657,657,Closed
PO-001779,SUP-007,2024-12-08,2024-12-19,2024-12-18,203,162,Closed
PO-000469,SUP-002,2024-12-08,2024-12-12,2024-12-16,784,784,Closed
PO-002493,SUP-011,2024-12-08,2024-12-12,2024-12-12,268,259,Closed
PO-001221,SUP-005,2024-12-08,2024-12-11,2024-12-11,263,263,Closed
PO-003247,SUP-018,2024-12-09,2024-12-15,2024-12-15,685,685,Closed
PO-001516,SUP-006,2024-12-09,2024-12-17,2024-12-17,152,152,Closed
PO-004058,SUP-031,2024-12-09,2024-12-23,2024-12-22,291,291,Closed
PO-004028,SUP-030,2024-12-09,2024-12-15,2024-12-20,293,293,Closed
PO-003648,SUP-022,2024-12-09,2024-12-18,2024-12-18,122,122,Closed
PO-001219,SUP-005,2024-12-09,2024-12-14,2024-12-14,508,508,Closed
PO-000098,SUP-001,2024-12-09,2024-12-11,2024-12-11,238,238,Closed
PO-001780,SUP-007,2024-12-09,2024-12-22,2024-12-22,194,194,Closed
PO-001223,SUP-005,2024-12-10,2024-12-16,2024-12-16,645,645,Closed
PO-001778,SUP-007,2024-12-10,2024-12-23,2024-12-23,194,194,Closed
PO-003246,SUP-018,2024-12-10,2024-12-13,2024-12-13,110,110,Closed
PO-001512,SUP-006,2024-12-10,2024-12-18,2024-12-18,202,202,Closed
PO-000751,SUP-003,2024-12-10,2024-12-20,2024-12-20,134,134,Closed
PO-003535,SUP-021,2024-12-11,2024-12-21,2024-12-21,362,362,Closed
PO-002806,SUP-014,2024-12-11,2024-12-21,2024-12-21,64,54,Closed
PO-001508,SUP-006,2024-12-11,2024-12-20,2024-12-20,68,68,Closed
PO-002055,SUP-008,2024-12-11,2024-12-14,2024-12-14,303,303,Closed
PO-003442,SUP-020,2024-12-11,2024-12-14,2024-12-15,123,123,Closed
PO-000749,SUP-003,2024-12-11,2024-12-19,2024-12-19,158,158,Closed
PO-000088,SUP-001,2024-12-12,2024-12-15,2024-12-14,578,448,Closed
PO-001225,SUP-005,2024-12-12,2024-12-15,2024-12-14,468,468,Closed
PO-003342,SUP-019,2024-12-12,2024-12-25,2024-12-25,649,649,Closed
PO-001230,SUP-005,2024-12-12,2024-12-17,2024-12-16,285,285,Closed
PO-002289,SUP-009,2024-12-12,2024-12-22,2024-12-22,115,115,Closed
PO-000473,SUP-002,2024-12-12,2024-12-15,2024-12-14,208,208,Closed
PO-002285,SUP-009,2024-12-12,2024-12-21,2024-12-21,275,275,Closed
PO-000476,SUP-002,2024-12-12,2024-12-16,2024-12-16,359,359,Closed
PO-003028,SUP-016,2024-12-12,2024-12-18,2024-12-18,387,387,Closed
PO-003852,SUP-024,2024-12-12,2024-12-14,2024-12-14,135,111,Closed
PO-002286,SUP-009,2024-12-13,2024-12-23,2024-12-22,122,122,Closed
PO-001783,SUP-007,2024-12-13,2024-12-25,2024-12-24,189,189,Closed
PO-000977,SUP-004,2024-12-13,2024-12-20,2024-12-20,429,429,Closed
PO-001224,SUP-005,2024-12-13,2024-12-16,2024-12-15,793,793,Closed
PO-001220,SUP-005,2024-12-13,2024-12-19,2024-12-19,132,132,Closed
PO-000744,SUP-003,2024-12-13,2024-12-21,2024-12-21,583,583,Closed
PO-002905,SUP-015,2024-12-13,2024-12-15,2024-12-15,153,147,Closed
PO-000973,SUP-004,2024-12-14,2024-12-23,2024-12-23,185,185,Closed
PO-003763,SUP-023,2024-12-14,2024-12-18,2024-12-18,382,382,Closed
PO-003441,SUP-020,2024-12-14,2024-12-17,2024-12-17,1319,1319,Closed
PO-001791,SUP-007,2024-12-14,2024-12-25,2024-12-25,267,267,Closed
PO-002494,SUP-011,2024-12-14,2024-12-16,2024-12-16,494,494,Closed
PO-002910,SUP-015,2024-12-14,2024-12-18,2024-12-18,270,270,Closed
PO-004158,SUP-034,2024-12-14,2024-12-19,2024-12-19,185,185,Closed
PO-000467,SUP-002,2024-12-14,2024-12-17,2024-12-17,580,580,Closed
PO-003440,SUP-020,2024-12-15,2024-12-20,2024-12-20,619,619,Closed
PO-002906,SUP-015,2024-12-15,2024-12-20,2024-12-20,1075,1075,Closed
PO-001776,SUP-007,2024-12-15,2024-12-29,2024-12-29,188,188,Closed
PO-003443,SUP-020,2024-12-15,2024-12-20,2024-12-20,243,243,Closed
PO-003245,SUP-018,2024-12-15,2024-12-19,2024-12-19,160,160,Closed
PO-000091,SUP-001,2024-12-16,2024-12-19,2024-12-19,366,366,Closed
PO-003764,SUP-023,2024-12-16,2024-12-22,2024-12-22,100,100,Closed
PO-003029,SUP-016,2024-12-16,2024-12-23,2024-12-22,354,354,Closed
PO-000980,SUP-004,2024-12-16,2024-12-24,2024-12-24,1289,1289,Closed
PO-001226,SUP-005,2024-12-17,2024-12-20,2024-12-24,276,276,Closed
PO-001781,SUP-007,2024-12-17,2024-12-28,2024-12-28,176,176,Closed
PO-003249,SUP-018,2024-12-17,2024-12-21,2024-12-21,1017,1017,Closed
PO-000974,SUP-004,2024-12-17,2024-12-23,2024-12-23,375,375,Closed
PO-001217,SUP-005,2024-12-17,2024-12-23,2024-12-23,138,138,Closed
PO-000466,SUP-002,2024-12-17,2024-12-21,2024-12-21,270,270,Closed
PO-002287,SUP-009,2024-12-17,2024-12-24,2024-12-24,123,123,Closed
PO-003979,SUP-028,2024-12-17,2024-12-22,2024-12-25,312,312,Closed
PO-000086,SUP-001,2024-12-17,2024-12-20,2024-12-20,288,288,Closed
PO-000978,SUP-004,2024-12-18,2024-12-26,2024-12-26,61,61,Closed
PO-002808,SUP-014,2024-12-18,2024-12-27,2024-12-28,313,313,Closed
PO-004263,SUP-037,2024-12-18,2024-12-21,2024-12-21,335,335,Closed
PO-000089,SUP-001,2024-12-18,2024-12-21,2024-12-21,75,69,Closed
PO-003887,SUP-025,2024-12-18,2024-12-25,2024-12-25,278,278,Closed
PO-002387,SUP-010,2024-12-19,2024-12-24,2024-12-24,999,999,Closed
PO-001216,SUP-005,2024-12-19,2024-12-25,2024-12-25,612,612,Closed
PO-002710,SUP-013,2024-12-19,2024-12-28,2024-12-28,342,342,Closed
PO-001790,SUP-007,2024-12-19,2025-01-02,2025-01-02,147,147,Closed
PO-003944,SUP-027,2024-12-19,2024-12-27,2024-12-28,313,313,Closed
PO-004267,SUP-037,2024-12-19,2024-12-25,2024-12-25,96,96,Closed
PO-002048,SUP-008,2024-12-19,2024-12-23,2024-12-23,107,107,Closed
PO-003250,SUP-018,2024-12-20,2024-12-23,2024-12-23,335,335,Closed
PO-004309,SUP-038,2024-12-20,2025-01-02,2025-01-02,198,198,Closed
PO-001229,SUP-005,2024-12-20,2024-12-23,2024-12-23,509,509,Closed
PO-001218,SUP-005,2024-12-20,2024-12-25,2024-12-25,199,199,Closed
PO-000085,SUP-001,2024-12-20,2024-12-23,2024-12-23,121,121,Closed
PO-004029,SUP-030,2024-12-21,2024-12-30,2024-12-30,287,287,Closed
PO-001782,SUP-007,2024-12-21,2025-01-04,2025-01-04,131,131,Closed
PO-002807,SUP-014,2024-12-21,2024-12-29,2024-12-29,162,162,Closed
PO-002492,SUP-011,2024-12-21,2024-12-26,2024-12-26,350,350,Closed
PO-000470,SUP-002,2024-12-21,2024-12-26,2024-12-25,893,893,Closed
PO-002711,SUP-013,2024-12-21,2024-12-28,2024-12-28,387,387,Closed
PO-001788,SUP-007,2024-12-22,2025-01-04,2025-01-04,506,506,Closed
PO-000748,SUP-003,2024-12-22,2024-12-29,2024-12-29,258,258,Closed
PO-000745,SUP-003,2024-12-22,2024-12-31,2024-12-31,283,283,Closed
PO-000090,SUP-001,2024-12-22,2024-12-27,2024-12-27,163,163,Closed
PO-002908,SUP-015,2024-12-23,2024-12-26,2024-12-26,165,165,Closed
PO-003850,SUP-024,2024-12-23,2024-12-27,2024-12-27,429,429,Closed
PO-003343,SUP-019,2024-12-23,2025-01-05,2025-01-06,155,155,Closed
PO-003765,SUP-023,2024-12-24,2024-12-29,2024-12-29,53,53,Closed
PO-000093,SUP-001,2024-12-24,2024-12-28,2024-12-28,506,506,Closed
PO-004265,SUP-037,2024-12-24,2024-12-29,2024-12-29,433,316,Closed
PO-003650,SUP-022,2024-12-24,2024-12-30,2024-12-30,297,297,Closed
PO-001513,SUP-006,2024-12-24,2025-01-02,2025-01-02,337,337,Closed
PO-000092,SUP-001,2024-12-24,2024-12-28,2024-12-28,289,218,Closed
PO-000746,SUP-003,2024-12-24,2025-01-02,2025-01-02,310,310,Closed
PO-000099,SUP-001,2024-12-25,2024-12-30,2024-12-30,443,443,Closed
PO-002054,SUP-008,2024-12-25,2024-12-30,2024-12-30,345,345,Closed
PO-003888,SUP-025,2024-12-25,2025-01-01,2024-12-31,353,353,Closed
PO-002909,SUP-015,2024-12-25,2024-12-27,2024-12-27,248,248,Closed
PO-002052,SUP-008,2024-12-25,2024-12-28,2024-12-28,285,285,Closed
PO-003137,SUP-017,2024-12-25,2025-01-01,2025-01-01,412,412,Closed
PO-002290,SUP-009,2024-12-25,2025-01-02,2025-01-02,433,433,Closed
PO-002051,SUP-008,2024-12-25,2024-12-28,2024-12-28,864,864,Closed
PO-000475,SUP-002,2024-12-25,2024-12-30,2024-12-30,147,147,Closed
PO-004266,SUP-037,2024-12-26,2024-12-30,2024-12-30,151,111,Closed
PO-001511,SUP-006,2024-12-26,2025-01-03,2025-01-03,311,311,Closed
PO-000975,SUP-004,2024-12-26,2025-01-02,2025-01-02,83,83,Closed
PO-000747,SUP-003,2024-12-26,2025-01-05,2025-01-05,68,68,Closed
PO-002907,SUP-015,2024-12-26,2024-12-29,2024-12-28,271,271,Closed
PO-003533,SUP-021,2024-12-26,2025-01-03,2025-01-03,226,226,Closed
PO-003534,SUP-021,2024-12-27,2025-01-04,2025-01-04,458,458,Closed
PO-000087,SUP-001,2024-12-27,2024-12-31,2024-12-31,365,365,Closed
PO-003532,SUP-021,2024-12-27,2025-01-03,2025-01-03,279,279,Closed
PO-003762,SUP-023,2024-12-27,2024-12-30,2024-12-30,359,359,Closed
PO-001222,SUP-005,2024-12-27,2025-01-02,2025-01-02,765,765,Closed
PO-004386,SUP-040,2024-12-27,2025-01-02,2025-01-02,150,150,Closed
PO-000095,SUP-001,2024-12-27,2024-12-30,2024-12-30,324,324,Closed
PO-002056,SUP-008,2024-12-27,2024-12-31,2024-12-31,234,234,Closed
PO-002612,SUP-012,2024-12-28,2025-01-05,2025-01-05,461,461,Closed
PO-001777,SUP-007,2024-12-28,2025-01-11,2025-01-11,73,73,Closed
PO-004308,SUP-038,2024-12-28,2025-01-09,2025-01-08,415,415,Closed
PO-003444,SUP-020,2024-12-28,2024-12-31,2024-12-31,181,181,Closed
PO-001514,SUP-006,2024-12-28,2025-01-04,2025-01-04,434,434,Closed
PO-003536,SUP-021,2024-12-28,2025-01-04,2025-01-04,268,268,Closed
PO-004310,SUP-038,2024-12-28,2025-01-11,2025-01-11,144,144,Closed
PO-004385,SUP-040,2024-12-28,2025-01-05,2025-01-05,431,352,Closed
PO-003649,SUP-022,2024-12-29,2025-01-05,2025-01-05,92,92,Closed
PO-002610,SUP-012,2024-12-29,2025-01-05,2025-01-05,250,250,Closed
PO-000096,SUP-001,2024-12-29,2024-12-31,2024-12-31,371,371,Closed
PO-001792,SUP-007,2024-12-29,2025-01-11,2025-01-11,106,106,Closed
PO-003136,SUP-017,2024-12-30,2025-01-07,2025-01-07,481,481,Closed
PO-000094,SUP-001,2024-12-30,2025-01-03,2025-01-03,236,236,Closed
PO-000979,SUP-004,2024-12-30,2025-01-05,2025-01-05,143,143,Closed
PO-001509,SUP-006,2024-12-30,2025-01-09,2025-01-09,162,162,Closed
PO-003916,SUP-026,2024-12-30,2025-01-03,2025-01-03,569,569,Closed
PO-003760,SUP-023,2024-12-30,2025-01-02,2025-01-05,160,160,Closed
PO-001785,SUP-007,2024-12-30,2025-01-10,2025-01-10,661,661,Closed
PO-001789,SUP-007,2024-12-31,2025-01-12,2025-01-12,258,258,Closed
PO-001510,SUP-006,2024-12-31,2025-01-08,2025-01-08,409,409,Closed
PO-000102,SUP-001,2025-01-01,2025-01-04,2025-01-04,158,158,Closed
PO-003445,SUP-020,2025-01-01,2025-01-04,2025-01-03,378,378,Closed
PO-003448,SUP-020,2025-01-01,2025-01-06,2025-01-06,53,53,Closed
PO-001797,SUP-007,2025-01-01,2025-01-14,2025-01-14,146,146,Closed
PO-000113,SUP-001,2025-01-01,2025-01-06,2025-01-06,320,320,Closed
PO-000994,SUP-004,2025-01-01,2025-01-07,2025-01-07,237,237,Closed
PO-002913,SUP-015,2025-01-02,2025-01-05,2025-01-05,239,183,Closed
PO-000478,SUP-002,2025-01-02,2025-01-06,2025-01-06,62,62,Closed
PO-003447,SUP-020,2025-01-02,2025-01-06,2025-01-06,426,426,Closed
PO-000983,SUP-004,2025-01-02,2025-01-11,2025-01-11,317,317,Closed
PO-001240,SUP-005,2025-01-02,2025-01-08,2025-01-08,361,361,Closed
PO-001244,SUP-005,2025-01-02,2025-01-05,2025-01-05,229,229,Closed
PO-002062,SUP-008,2025-01-02,2025-01-05,2025-01-05,183,183,Closed
PO-002061,SUP-008,2025-01-02,2025-01-05,2025-01-05,225,225,Closed
PO-000982,SUP-004,2025-01-03,2025-01-11,2025-01-11,255,255,Closed
PO-000479,SUP-002,2025-01-03,2025-01-07,2025-01-07,738,738,Closed
PO-003767,SUP-023,2025-01-03,2025-01-06,2025-01-06,47,39,Closed
PO-004311,SUP-038,2025-01-03,2025-01-17,2025-01-17,1068,1068,Closed
PO-004223,SUP-036,2025-01-03,2025-01-08,2025-01-08,177,177,Closed
PO-000486,SUP-002,2025-01-03,2025-01-09,2025-01-09,87,87,Closed
PO-002495,SUP-011,2025-01-03,2025-01-08,2025-01-08,486,486,Closed
PO-000114,SUP-001,2025-01-04,2025-01-08,2025-01-07,326,326,Closed
PO-003653,SUP-022,2025-01-04,2025-01-11,2025-01-11,643,643,Closed
PO-004124,SUP-033,2025-01-04,2025-01-13,2025-01-12,914,662,Closed
PO-000754,SUP-003,2025-01-04,2025-01-11,2025-01-11,103,103,Closed
PO-004355,SUP-039,2025-01-04,2025-01-06,2025-01-06,310,310,Closed
PO-002395,SUP-010,2025-01-04,2025-01-07,2025-01-07,227,227,Closed
PO-000101,SUP-001,2025-01-04,2025-01-09,2025-01-09,188,188,Closed
PO-002293,SUP-009,2025-01-04,2025-01-11,2025-01-10,291,291,Closed
PO-004100,SUP-032,2025-01-05,2025-01-07,2025-01-07,931,931,Closed
PO-000108,SUP-001,2025-01-05,2025-01-08,2025-01-08,200,200,Closed
PO-003946,SUP-027,2025-01-05,2025-01-13,2025-01-13,1610,1610,Closed
PO-000758,SUP-003,2025-01-05,2025-01-12,2025-01-12,1296,1296,Closed
PO-002066,SUP-008,2025-01-06,2025-01-10,2025-01-10,141,141,Closed
PO-000483,SUP-002,2025-01-06,2025-01-10,2025-01-10,706,706,Closed
PO-003446,SUP-020,2025-01-06,2025-01-11,2025-01-11,43,43,Closed
PO-002617,SUP-012,2025-01-07,2025-01-17,2025-01-17,279,279,Closed
PO-000752,SUP-003,2025-01-07,2025-01-14,2025-01-14,889,889,Closed
PO-004224,SUP-036,2025-01-07,2025-01-11,2025-01-11,133,133,Closed
PO-001803,SUP-007,2025-01-08,2025-01-21,2025-01-21,410,393,Closed
PO-002392,SUP-010,2025-01-08,2025-01-14,2025-01-14,221,221,Closed
PO-003033,SUP-016,2025-01-08,2025-01-16,2025-01-16,98,98,Closed
PO-002618,SUP-012,2025-01-08,2025-01-17,2025-01-16,621,621,Closed
PO-000988,SUP-004,2025-01-09,2025-01-17,2025-01-17,106,106,Closed
PO-000981,SUP-004,2025-01-09,2025-01-18,2025-01-18,1189,1189,Closed
PO-003768,SUP-023,2025-01-09,2025-01-12,2025-01-12,477,477,Closed
PO-004125,SUP-033,2025-01-09,2025-01-17,2025-01-19,151,151,Closed
PO-000106,SUP-001,2025-01-09,2025-01-14,2025-01-14,445,445,Closed
PO-002497,SUP-011,2025-01-10,2025-01-15,2025-01-15,109,109,Closed
PO-003917,SUP-026,2025-01-10,2025-01-15,2025-01-14,121,110,Closed
PO-001233,SUP-005,2025-01-10,2025-01-13,2025-01-13,212,212,Closed
PO-000109,SUP-001,2025-01-10,2025-01-12,2025-01-12,477,477,Closed
PO-002068,SUP-008,2025-01-10,2025-01-12,2025-01-12,229,229,Closed
PO-003766,SUP-023,2025-01-10,2025-01-16,2025-01-18,288,288,Closed
PO-004313,SUP-038,2025-01-10,2025-01-21,2025-01-21,347,347,Closed
PO-000103,SUP-001,2025-01-10,2025-01-12,2025-01-13,308,308,Closed
PO-001798,SUP-007,2025-01-10,2025-01-21,2025-01-21,136,136,Closed
PO-000989,SUP-004,2025-01-11,2025-01-19,2025-01-19,393,393,Closed
PO-001241,SUP-005,2025-01-11,2025-01-16,2025-01-16,414,414,Closed
PO-001236,SUP-005,2025-01-11,2025-01-14,2025-01-14,496,496,Closed
PO-000110,SUP-001,2025-01-11,2025-01-16,2025-01-16,659,659,Closed
PO-002391,SUP-010,2025-01-12,2025-01-16,2025-01-16,226,226,Closed
PO-003347,SUP-019,2025-01-12,2025-01-25,2025-01-25,152,152,Closed
PO-002917,SUP-015,2025-01-12,2025-01-17,2025-01-17,330,330,Closed
PO-002393,SUP-010,2025-01-12,2025-01-15,2025-01-14,227,227,Closed
PO-004312,SUP-038,2025-01-12,2025-01-26,2025-01-26,260,260,Closed
PO-003539,SUP-021,2025-01-12,2025-01-22,2025-01-22,755,755,Closed
PO-000992,SUP-004,2025-01-13,2025-01-22,2025-01-22,217,217,Closed
PO-004030,SUP-030,2025-01-13,2025-01-22,2025-01-21,84,84,Closed
PO-000116,SUP-001,2025-01-13,2025-01-18,2025-01-18,203,203,Closed
PO-002616,SUP-012,2025-01-13,2025-01-22,2025-01-22,289,289,Closed
PO-002064,SUP-008,2025-01-14,2025-01-17,2025-01-19,268,268,Closed
PO-004059,SUP-031,2025-01-14,2025-01-27,2025-01-26,536,536,Closed
PO-002498,SUP-011,2025-01-14,2025-01-16,2025-01-16,558,558,Closed
PO-000117,SUP-001,2025-01-14,2025-01-17,2025-01-17,124,124,Closed
PO-003031,SUP-016,2025-01-14,2025-01-23,2025-01-22,49,49,Closed
PO-001799,SUP-007,2025-01-15,2025-01-26,2025-01-26,541,541,Closed
PO-002810,SUP-014,2025-01-15,2025-01-25,2025-01-25,362,362,Closed
PO-000756,SUP-003,2025-01-15,2025-01-24,2025-01-24,166,166,Closed
PO-001802,SUP-007,2025-01-16,2025-01-30,2025-01-30,1160,1160,Closed
PO-001243,SUP-005,2025-01-16,2025-01-21,2025-01-21,812,812,Closed
PO-003139,SUP-017,2025-01-16,2025-01-26,2025-01-26,137,137,Closed
PO-001231,SUP-005,2025-01-16,2025-01-19,2025-01-19,321,295,Closed
PO-001805,SUP-007,2025-01-16,2025-01-27,2025-01-27,159,159,Closed
PO-000120,SUP-001,2025-01-16,2025-01-21,2025-01-21,869,655,Closed
PO-002911,SUP-015,2025-01-16,2025-01-21,2025-01-21,157,157,Closed
PO-000477,SUP-002,2025-01-16,2025-01-19,2025-01-19,80,80,Closed
PO-000115,SUP-001,2025-01-17,2025-01-19,2025-01-19,701,701,Closed
PO-000100,SUP-001,2025-01-17,2025-01-22,2025-01-22,218,218,Closed
PO-000111,SUP-001,2025-01-17,2025-01-22,2025-01-22,370,370,Closed
PO-002069,SUP-008,2025-01-17,2025-01-19,2025-01-19,95,95,Closed
PO-003981,SUP-028,2025-01-17,2025-01-21,2025-01-21,134,99,Closed
PO-000985,SUP-004,2025-01-17,2025-01-23,2025-01-23,726,726,Closed
PO-004159,SUP-034,2025-01-17,2025-01-21,2025-01-21,235,235,Closed
PO-002390,SUP-010,2025-01-17,2025-01-20,2025-01-20,403,403,Closed
PO-000104,SUP-001,2025-01-18,2025-01-20,2025-01-20,308,308,Closed
PO-003142,SUP-017,2025-01-18,2025-01-27,2025-01-27,191,191,Closed
PO-004269,SUP-037,2025-01-18,2025-01-24,2025-01-25,663,615,Closed
PO-003251,SUP-018,2025-01-19,2025-01-23,2025-01-22,234,234,Closed
PO-002394,SUP-010,2025-01-19,2025-01-25,2025-01-27,180,180,Closed
PO-004031,SUP-030,2025-01-19,2025-01-28,2025-01-28,303,303,Closed
PO-003140,SUP-017,2025-01-19,2025-01-26,2025-01-26,156,156,Closed
PO-001800,SUP-007,2025-01-19,2025-01-31,2025-01-30,110,110,Closed
PO-003538,SUP-021,2025-01-19,2025-01-29,2025-01-29,1545,1545,Closed
PO-003537,SUP-021,2025-01-19,2025-01-27,2025-01-27,1051,1051,Closed
PO-001232,SUP-005,2025-01-19,2025-01-22,2025-01-22,61,61,Closed
PO-001234,SUP-005,2025-01-20,2025-01-25,2025-01-25,265,265,Closed
PO-001238,SUP-005,2025-01-20,2025-01-25,2025-01-25,291,291,Closed
PO-000993,SUP-004,2025-01-20,2025-01-28,2025-01-28,174,174,Closed
PO-002916,SUP-015,2025-01-20,2025-01-24,2025-01-23,888,725,Closed
PO-003035,SUP-016,2025-01-20,2025-01-26,2025-01-26,382,382,Closed
PO-004354,SUP-039,2025-01-20,2025-01-24,2025-01-24,330,248,Closed
PO-000118,SUP-001,2025-01-21,2025-01-24,2025-01-24,1137,1137,Closed
PO-001806,SUP-007,2025-01-21,2025-02-01,2025-02-01,598,598,Closed
PO-004032,SUP-030,2025-01-21,2025-01-30,2025-01-30,147,147,Closed
PO-000757,SUP-003,2025-01-21,2025-01-28,2025-01-28,171,171,Closed
PO-001795,SUP-007,2025-01-21,2025-02-04,2025-02-04,151,151,Closed
PO-001525,SUP-006,2025-01-21,2025-01-29,2025-01-29,149,149,Closed
PO-002615,SUP-012,2025-01-21,2025-01-30,2025-01-30,285,285,Closed
PO-002918,SUP-015,2025-01-21,2025-01-24,2025-01-24,351,351,Closed
PO-000482,SUP-002,2025-01-21,2025-01-24,2025-01-28,256,256,Closed
PO-004222,SUP-036,2025-01-22,2025-01-24,2025-01-25,188,188,Closed
PO-000990,SUP-004,2025-01-22,2025-01-28,2025-01-28,412,412,Closed
PO-001519,SUP-006,2025-01-22,2025-01-31,2025-01-31,299,299,Closed
PO-000991,SUP-004,2025-01-22,2025-01-30,2025-01-30,548,548,Closed
PO-001518,SUP-006,2025-01-22,2025-01-31,2025-01-31,127,127,Closed
PO-002292,SUP-009,2025-01-23,2025-02-01,2025-02-01,382,382,Closed
PO-003034,SUP-016,2025-01-23,2025-02-01,2025-02-02,200,200,Closed
PO-000484,SUP-002,2025-01-23,2025-01-28,2025-01-28,373,373,Closed
PO-001523,SUP-006,2025-01-23,2025-02-01,2025-02-01,197,190,Closed
PO-002912,SUP-015,2025-01-23,2025-01-28,2025-01-28,1605,1605,Closed
PO-001794,SUP-007,2025-01-24,2025-02-07,2025-02-07,235,200,Closed
PO-002389,SUP-010,2025-01-24,2025-01-29,2025-01-29,295,295,Closed
PO-004002,SUP-029,2025-01-24,2025-02-02,2025-02-02,98,98,Closed
PO-001526,SUP-006,2025-01-24,2025-02-02,2025-02-02,157,157,Closed
PO-002063,SUP-008,2025-01-24,2025-01-29,2025-01-29,142,142,Closed
PO-000119,SUP-001,2025-01-25,2025-01-28,2025-01-28,80,80,Closed
PO-002914,SUP-015,2025-01-25,2025-01-29,2025-01-29,553,553,Closed
PO-001235,SUP-005,2025-01-25,2025-01-31,2025-01-31,125,125,Closed
PO-000986,SUP-004,2025-01-25,2025-02-02,2025-02-01,231,231,Closed
PO-000105,SUP-001,2025-01-25,2025-01-29,2025-01-29,348,348,Closed
PO-001517,SUP-006,2025-01-25,2025-02-03,2025-02-03,246,246,Closed
PO-003032,SUP-016,2025-01-25,2025-02-01,2025-02-01,630,630,Closed
PO-000485,SUP-002,2025-01-26,2025-02-01,2025-02-01,418,418,Closed
PO-000107,SUP-001,2025-01-26,2025-01-29,2025-01-29,835,835,Closed
PO-001524,SUP-006,2025-01-27,2025-02-04,2025-02-04,83,83,Closed
PO-004268,SUP-037,2025-01-27,2025-01-30,2025-01-30,213,213,Closed
PO-002291,SUP-009,2025-01-27,2025-02-04,2025-02-04,337,337,Closed
PO-002915,SUP-015,2025-01-27,2025-01-29,2025-01-29,47,47,Closed
PO-002614,SUP-012,2025-01-27,2025-02-03,2025-02-03,344,344,Closed
PO-002496,SUP-011,2025-01-27,2025-01-29,2025-01-29,256,256,Closed
PO-000481,SUP-002,2025-01-28,2025-02-02,2025-02-02,76,76,Closed
PO-002067,SUP-008,2025-01-28,2025-01-30,2025-01-30,427,427,Closed
PO-000753,SUP-003,2025-01-28,2025-02-04,2025-02-04,455,455,Closed
PO-001796,SUP-007,2025-01-28,2025-02-11,2025-02-11,1110,1110,Closed
PO-001242,SUP-005,2025-01-28,2025-02-03,2025-02-03,658,658,Closed
PO-003540,SUP-021,2025-01-28,2025-02-04,2025-02-04,384,384,Closed
PO-003030,SUP-016,2025-01-29,2025-02-05,2025-02-05,382,382,Closed
PO-000987,SUP-004,2025-01-29,2025-02-06,2025-02-06,85,85,Closed
PO-000755,SUP-003,2025-01-29,2025-02-06,2025-02-06,624,624,Closed
PO-003141,SUP-017,2025-01-29,2025-02-05,2025-02-05,330,330,Closed
PO-001804,SUP-007,2025-01-29,2025-02-10,2025-02-09,914,914,Closed
PO-000480,SUP-002,2025-01-29,2025-02-04,2025-02-04,878,878,Closed
PO-004060,SUP-031,2025-01-29,2025-02-09,2025-02-09,142,114,Closed
PO-002060,SUP-008,2025-01-29,2025-02-02,2025-02-02,183,183,Closed
PO-001793,SUP-007,2025-01-30,2025-02-10,2025-02-10,361,361,Closed
PO-001237,SUP-005,2025-01-30,2025-02-03,2025-02-03,1919,1919,Closed
PO-003853,SUP-024,2025-01-30,2025-02-03,2025-02-03,531,531,Closed
PO-002713,SUP-013,2025-01-30,2025-02-08,2025-02-08,199,199,Closed
PO-001801,SUP-007,2025-01-30,2025-02-13,2025-02-13,182,182,Closed
PO-000112,SUP-001,2025-01-30,2025-02-01,2025-02-01,99,99,Closed
PO-003890,SUP-025,2025-01-30,2025-02-06,2025-02-06,286,286,Closed
PO-001520,SUP-006,2025-01-30,2025-02-09,2025-02-08,298,298,Closed
PO-003652,SUP-022,2025-01-30,2025-02-06,2025-02-06,646,646,Closed
PO-001521,SUP-006,2025-01-31,2025-02-08,2025-02-08,179,179,Closed
PO-001522,SUP-006,2025-01-31,2025-02-10,2025-02-10,321,321,Closed
PO-002619,SUP-012,2025-01-31,2025-02-07,2025-02-07,1156,1156,Closed
PO-003651,SUP-022,2025-01-31,2025-02-06,2025-02-05,239,239,Closed
PO-003918,SUP-026,2025-01-31,2025-02-05,2025-02-07,357,301,Closed
PO-002065,SUP-008,2025-01-31,2025-02-04,2025-02-04,149,149,Closed
PO-001239,SUP-005,2025-01-31,2025-02-06,2025-02-07,245,245,Closed
PO-002613,SUP-012,2025-01-31,2025-02-07,2025-02-07,191,191,Closed
PO-000984,SUP-004,2025-01-31,2025-02-07,2025-02-07,130,130,Closed
PO-002499,SUP-011,2025-02-01,2025-02-03,2025-02-03,519,519,Closed
PO-003252,SUP-018,2025-02-01,2025-02-06,2025-02-06,239,239,Closed
PO-000771,SUP-003,2025-02-01,2025-02-08,2025-02-09,728,728,Closed
PO-002297,SUP-009,2025-02-01,2025-02-08,2025-02-08,308,308,Closed
PO-000496,SUP-002,2025-02-01,2025-02-05,2025-02-05,744,744,Closed
PO-001532,SUP-006,2025-02-01,2025-02-11,2025-02-11,501,501,Closed
PO-001253,SUP-005,2025-02-01,2025-02-07,2025-02-07,330,330,Closed
PO-000502,SUP-002,2025-02-01,2025-02-05,2025-02-05,228,228,Closed
PO-001248,SUP-005,2025-02-01,2025-02-05,2025-02-06,79,79,Closed
PO-003256,SUP-018,2025-02-01,2025-02-05,2025-02-05,261,250,Closed
PO-001533,SUP-006,2025-02-02,2025-02-09,2025-02-09,173,173,Closed
PO-000764,SUP-003,2025-02-02,2025-02-11,2025-02-11,302,302,Closed
PO-001534,SUP-006,2025-02-02,2025-02-11,2025-02-11,138,138,Closed
PO-002072,SUP-008,2025-02-02,2025-02-05,2025-02-05,167,167,Closed
PO-001535,SUP-006,2025-02-02,2025-02-09,2025-02-09,364,364,Closed
PO-001812,SUP-007,2025-02-02,2025-02-13,2025-02-13,221,221,Closed
PO-000494,SUP-002,2025-02-02,2025-02-08,2025-02-08,437,437,Closed
PO-000995,SUP-004,2025-02-02,2025-02-11,2025-02-11,2614,2614,Closed
PO-000996,SUP-004,2025-02-02,2025-02-10,2025-02-10,733,733,Closed
PO-002077,SUP-008,2025-02-03,2025-02-05,2025-02-05,81,59,Closed
PO-003039,SUP-016,2025-02-03,2025-02-09,2025-02-09,40,40,Closed
PO-004161,SUP-034,2025-02-03,2025-02-06,2025-02-07,204,204,Closed
PO-000136,SUP-001,2025-02-03,2025-02-05,2025-02-04,87,87,Closed
PO-002716,SUP-013,2025-02-03,2025-02-11,2025-02-10,194,194,Closed
PO-000766,SUP-003,2025-02-03,2025-02-13,2025-02-13,240,240,Closed
PO-003145,SUP-017,2025-02-03,2025-02-11,2025-02-11,108,108,Closed
PO-000768,SUP-003,2025-02-03,2025-02-12,2025-02-12,495,495,Closed
PO-002718,SUP-013,2025-02-03,2025-02-12,2025-02-12,660,660,Closed
PO-001001,SUP-004,2025-02-03,2025-02-09,2025-02-09,294,294,Closed
PO-004356,SUP-039,2025-02-04,2025-02-06,2025-02-06,474,474,Closed
PO-004270,SUP-037,2025-02-04,2025-02-09,2025-02-10,365,365,Closed
PO-003656,SUP-022,2025-02-04,2025-02-11,2025-02-10,142,142,Closed
PO-001002,SUP-004,2025-02-04,2025-02-12,2025-02-12,353,353,Closed
PO-001250,SUP-005,2025-02-04,2025-02-07,2025-02-07,649,649,Closed
PO-001251,SUP-005,2025-02-04,2025-02-08,2025-02-07,407,407,Closed
PO-001000,SUP-004,2025-02-04,2025-02-11,2025-02-11,587,587,Closed
PO-000127,SUP-001,2025-02-05,2025-02-09,2025-02-09,200,200,Closed
PO-001245,SUP-005,2025-02-05,2025-02-08,2025-02-08,263,263,Closed
PO-004127,SUP-033,2025-02-05,2025-02-13,2025-02-13,144,144,Closed
PO-000501,SUP-002,2025-02-05,2025-02-09,2025-02-08,170,170,Closed
PO-002074,SUP-008,2025-02-06,2025-02-08,2025-02-08,232,232,Closed
PO-001528,SUP-006,2025-02-06,2025-02-14,2025-02-14,334,334,Closed
PO-000772,SUP-003,2025-02-06,2025-02-15,2025-02-15,205,205,Closed
PO-001813,SUP-007,2025-02-06,2025-02-18,2025-02-18,129,129,Closed
PO-002814,SUP-014,2025-02-07,2025-02-17,2025-02-18,187,187,Closed
PO-001810,SUP-007,2025-02-07,2025-02-19,2025-02-19,227,227,Closed
PO-003036,SUP-016,2025-02-07,2025-02-15,2025-02-15,434,434,Closed
PO-002075,SUP-008,2025-02-07,2025-02-12,2025-02-12,817,817,Closed
PO-002812,SUP-014,2025-02-07,2025-02-17,2025-02-17,218,218,Closed
PO-000131,SUP-001,2025-02-07,2025-02-10,2025-02-12,268,268,Closed
PO-002398,SUP-010,2025-02-07,2025-02-11,2025-02-11,72,72,Closed
PO-003657,SUP-022,2025-02-07,2025-02-15,2025-02-15,93,93,Closed
PO-000492,SUP-002,2025-02-08,2025-02-11,2025-02-11,697,697,Closed
PO-003892,SUP-025,2025-02-08,2025-02-15,2025-02-15,128,128,Closed
PO-004033,SUP-030,2025-02-08,2025-02-16,2025-02-16,498,498,Closed
PO-000125,SUP-001,2025-02-08,2025-02-13,2025-02-13,418,418,Closed
PO-000132,SUP-001,2025-02-08,2025-02-11,2025-02-11,211,211,Closed
PO-003143,SUP-017,2025-02-08,2025-02-15,2025-02-15,366,366,Closed
PO-000503,SUP-002,2025-02-08,2025-02-13,2025-02-12,371,371,Closed
PO-000998,SUP-004,2025-02-08,2025-02-14,2025-02-13,508,508,Closed
PO-003654,SUP-022,2025-02-08,2025-02-17,2025-02-16,165,165,Closed
PO-000490,SUP-002,2025-02-08,2025-02-12,2025-02-12,268,268,Closed
PO-001254,SUP-005,2025-02-09,2025-02-15,2025-02-15,468,468,Closed
PO-001808,SUP-007,2025-02-09,2025-02-20,2025-02-20,391,391,Closed
PO-002500,SUP-011,2025-02-09,2025-02-12,2025-02-12,76,76,Closed
PO-000497,SUP-002,2025-02-09,2025-02-12,2025-02-12,1443,1443,Closed
PO-000498,SUP-002,2025-02-09,2025-02-12,2025-02-12,151,151,Closed
PO-000124,SUP-001,2025-02-09,2025-02-12,2025-02-12,354,354,Closed
PO-000999,SUP-004,2025-02-09,2025-02-18,2025-02-18,94,94,Closed
PO-003146,SUP-017,2025-02-09,2025-02-18,2025-02-18,451,371,Closed
PO-002811,SUP-014,2025-02-10,2025-02-19,2025-02-19,412,412,Closed
PO-001807,SUP-007,2025-02-10,2025-02-21,2025-02-21,224,224,Closed
PO-000134,SUP-001,2025-02-10,2025-02-12,2025-02-12,121,121,Closed
PO-002919,SUP-015,2025-02-10,2025-02-15,2025-02-15,328,328,Closed
PO-000773,SUP-003,2025-02-10,2025-02-19,2025-02-19,208,208,Closed
PO-000122,SUP-001,2025-02-10,2025-02-15,2025-02-15,378,378,Closed
PO-003449,SUP-020,2025-02-10,2025-02-12,2025-02-13,260,260,Closed
PO-002076,SUP-008,2025-02-11,2025-02-14,2025-02-14,445,445,Closed
PO-001246,SUP-005,2025-02-11,2025-02-17,2025-02-17,271,271,Closed
PO-001256,SUP-005,2025-02-11,2025-02-15,2025-02-15,423,423,Closed
PO-004192,SUP-035,2025-02-11,2025-02-18,2025-02-18,227,227,Closed
PO-001537,SUP-006,2025-02-11,2025-02-18,2025-02-18,259,259,Closed
PO-001252,SUP-005,2025-02-11,2025-02-16,2025-02-16,197,152,Closed
PO-002813,SUP-014,2025-02-12,2025-02-22,2025-02-22,79,79,Closed
PO-003253,SUP-018,2025-02-12,2025-02-17,2025-02-17,85,85,Closed
PO-002922,SUP-015,2025-02-12,2025-02-15,2025-02-16,57,57,Closed
PO-000487,SUP-002,2025-02-12,2025-02-17,2025-02-17,726,726,Closed
PO-004061,SUP-031,2025-02-12,2025-02-25,2025-02-24,320,320,Closed
PO-002397,SUP-010,2025-02-12,2025-02-16,2025-02-16,110,110,Closed
PO-003147,SUP-017,2025-02-13,2025-02-21,2025-02-20,210,210,Closed
PO-001529,SUP-006,2025-02-13,2025-02-22,2025-02-22,246,246,Closed
PO-000121,SUP-001,2025-02-13,2025-02-16,2025-02-16,143,143,Closed
PO-003659,SUP-022,2025-02-13,2025-02-20,2025-02-20,275,275,Closed
PO-003148,SUP-017,2025-02-13,2025-02-22,2025-02-22,411,411,Closed
PO-000137,SUP-001,2025-02-14,2025-02-16,2025-02-16,73,67,Closed
PO-003149,SUP-017,2025-02-14,2025-02-21,2025-02-21,238,238,Closed
PO-002296,SUP-009,2025-02-14,2025-02-24,2025-02-24,59,49,Closed
PO-003948,SUP-027,2025-02-14,2025-02-24,2025-02-24,438,438,Closed
PO-000138,SUP-001,2025-02-15,2025-02-19,2025-02-19,144,144,Closed
PO-000133,SUP-001,2025-02-15,2025-02-18,2025-02-18,94,94,Closed
PO-000499,SUP-002,2025-02-15,2025-02-21,2025-02-22,370,370,Closed
PO-002078,SUP-008,2025-02-15,2025-02-19,2025-02-19,1277,1277,Closed
PO-001003,SUP-004,2025-02-15,2025-02-24,2025-02-24,139,139,Closed
PO-000495,SUP-002,2025-02-16,2025-02-19,2025-02-19,179,179,Closed
PO-001249,SUP-005,2025-02-16,2025-02-21,2025-02-21,613,613,Closed
PO-003541,SUP-021,2025-02-16,2025-02-26,2025-02-26,101,101,Closed
PO-003144,SUP-017,2025-02-16,2025-02-24,2025-02-24,350,350,Closed
PO-003947,SUP-027,2025-02-16,2025-02-24,2025-02-24,259,259,Closed
PO-000763,SUP-003,2025-02-16,2025-02-26,2025-02-26,114,114,Closed
PO-002815,SUP-014,2025-02-17,2025-02-27,2025-02-28,377,377,Closed
PO-000129,SUP-001,2025-02-17,2025-02-19,2025-02-19,589,430,Closed
PO-000126,SUP-001,2025-02-17,2025-02-21,2025-02-21,199,199,Closed
PO-002624,SUP-012,2025-02-17,2025-02-26,2025-02-26,355,355,Closed
PO-001809,SUP-007,2025-02-17,2025-03-03,2025-03-03,450,374,Closed
PO-001255,SUP-005,2025-02-17,2025-02-23,2025-02-23,244,244,Closed
PO-003349,SUP-019,2025-02-17,2025-03-02,2025-03-02,623,623,Closed
PO-000997,SUP-004,2025-02-17,2025-02-26,2025-02-26,380,380,Closed
PO-000759,SUP-003,2025-02-17,2025-02-26,2025-02-26,348,348,Closed
PO-004314,SUP-038,2025-02-18,2025-03-03,2025-03-03,243,243,Closed
PO-003660,SUP-022,2025-02-18,2025-02-25,2025-02-26,159,159,Closed
PO-000130,SUP-001,2025-02-18,2025-02-21,2025-02-22,399,399,Closed
PO-000761,SUP-003,2025-02-18,2025-02-28,2025-02-28,310,310,Closed
PO-000489,SUP-002,2025-02-18,2025-02-21,2025-02-21,481,481,Closed
PO-001536,SUP-006,2025-02-18,2025-02-28,2025-02-28,444,444,Closed
PO-000770,SUP-003,2025-02-19,2025-02-28,2025-02-28,256,256,Closed
PO-002920,SUP-015,2025-02-19,2025-02-23,2025-02-23,502,502,Closed
PO-000500,SUP-002,2025-02-19,2025-02-23,2025-02-23,201,201,Closed
PO-002720,SUP-013,2025-02-19,2025-02-27,2025-02-27,436,358,Closed
PO-004160,SUP-034,2025-02-20,2025-02-23,2025-02-23,43,43,Closed
PO-001004,SUP-004,2025-02-20,2025-02-28,2025-02-27,144,144,Closed
PO-003255,SUP-018,2025-02-20,2025-02-24,2025-02-24,259,259,Closed
PO-000769,SUP-003,2025-02-21,2025-03-02,2025-03-04,171,171,Closed
PO-000493,SUP-002,2025-02-21,2025-02-26,2025-02-26,135,135,Closed
PO-002396,SUP-010,2025-02-21,2025-02-25,2025-02-25,516,516,Closed
PO-003150,SUP-017,2025-02-21,2025-02-28,2025-02-28,714,714,Closed
PO-002299,SUP-009,2025-02-21,2025-02-28,2025-03-02,111,111,Closed
PO-002071,SUP-008,2025-02-22,2025-02-25,2025-02-25,320,320,Closed
PO-002080,SUP-008,2025-02-22,2025-02-24,2025-02-24,444,444,Closed
PO-000765,SUP-003,2025-02-22,2025-03-03,2025-03-03,288,240,Closed
PO-001531,SUP-006,2025-02-22,2025-03-02,2025-03-02,40,40,Closed
PO-003891,SUP-025,2025-02-22,2025-03-04,2025-03-04,295,295,Closed
PO-000491,SUP-002,2025-02-22,2025-02-28,2025-02-28,167,167,Closed
PO-003348,SUP-019,2025-02-22,2025-03-05,2025-03-05,317,317,Closed
PO-002298,SUP-009,2025-02-22,2025-03-01,2025-03-01,201,201,Closed
PO-000774,SUP-003,2025-02-22,2025-03-01,2025-03-01,198,198,Closed
PO-000767,SUP-003,2025-02-23,2025-03-02,2025-03-02,252,252,Closed
PO-003854,SUP-024,2025-02-23,2025-02-26,2025-02-26,457,457,Closed
PO-001527,SUP-006,2025-02-23,2025-03-05,2025-03-05,523,523,Closed
PO-002079,SUP-008,2025-02-23,2025-02-25,2025-02-26,157,157,Closed
PO-002620,SUP-012,2025-02-23,2025-03-03,2025-03-03,225,225,Closed
PO-002070,SUP-008,2025-02-23,2025-02-26,2025-02-26,225,225,Closed
PO-002622,SUP-012,2025-02-23,2025-03-02,2025-03-02,746,746,Closed
PO-003254,SUP-018,2025-02-24,2025-03-02,2025-03-02,225,225,Closed
PO-001247,SUP-005,2025-02-24,2025-02-28,2025-02-28,282,282,Closed
PO-001538,SUP-006,2025-02-24,2025-03-04,2025-03-04,135,135,Closed
PO-002921,SUP-015,2025-02-24,2025-03-01,2025-03-01,424,424,Closed
PO-002073,SUP-008,2025-02-24,2025-02-26,2025-02-26,40,40,Closed
PO-002083,SUP-008,2025-02-24,2025-02-28,2025-02-28,327,283,Closed
PO-002081,SUP-008,2025-02-24,2025-02-28,2025-03-01,208,185,Closed
PO-001811,SUP-007,2025-02-24,2025-03-10,2025-03-10,159,159,Closed
PO-002295,SUP-009,2025-02-24,2025-03-05,2025-03-05,91,91,Closed
PO-000762,SUP-003,2025-02-25,2025-03-06,2025-03-06,137,137,Closed
PO-000135,SUP-001,2025-02-25,2025-03-01,2025-02-28,237,237,Closed
PO-003655,SUP-022,2025-02-25,2025-03-03,2025-03-02,187,187,Closed
PO-003038,SUP-016,2025-02-25,2025-03-06,2025-03-06,142,142,Closed
PO-002719,SUP-013,2025-02-26,2025-03-04,2025-03-04,397,397,Closed
PO-001530,SUP-006,2025-02-26,2025-03-08,2025-03-08,295,295,Closed
PO-002082,SUP-008,2025-02-26,2025-03-03,2025-03-03,247,247,Closed
PO-002623,SUP-012,2025-02-26,2025-03-07,2025-03-09,79,79,Closed
PO-000488,SUP-002,2025-02-26,2025-03-02,2025-03-02,134,134,Closed
PO-002715,SUP-013,2025-02-26,2025-03-07,2025-03-07,578,578,Closed
PO-000128,SUP-001,2025-02-27,2025-03-02,2025-03-03,156,156,Closed
PO-003658,SUP-022,2025-02-27,2025-03-05,2025-03-04,231,231,Closed
PO-002621,SUP-012,2025-02-27,2025-03-07,2025-03-07,273,248,Closed
PO-002294,SUP-009,2025-02-27,2025-03-06,2025-03-06,121,121,Closed
PO-002717,SUP-013,2025-02-27,2025-03-08,2025-03-08,233,233,Closed
PO-000760,SUP-003,2025-02-27,2025-03-08,2025-03-08,249,249,Closed
PO-004126,SUP-033,2025-02-28,2025-03-09,2025-03-09,172,172,Closed
PO-002714,SUP-013,2025-02-28,2025-03-06,2025-03-05,83,66,Closed
PO-002501,SUP-011,2025-02-28,2025-03-05,2025-03-05,353,353,Closed
PO-000123,SUP-001,2025-02-28,2025-03-04,2025-03-04,164,164,Closed
PO-003037,SUP-016,2025-02-28,2025-03-08,2025-03-07,161,161,Closed
PO-003543,SUP-021,2025-03-01,2025-03-11,2025-03-11,709,709,Closed
PO-001012,SUP-004,2025-03-01,2025-03-09,2025-03-08,585,585,Closed
PO-004316,SUP-038,2025-03-01,2025-03-14,2025-03-14,188,188,Closed
PO-001007,SUP-004,2025-03-01,2025-03-08,2025-03-08,696,696,Closed
PO-002088,SUP-008,2025-03-01,2025-03-05,2025-03-05,284,284,Closed
PO-000160,SUP-001,2025-03-01,2025-03-06,2025-03-05,259,259,Closed
PO-000778,SUP-003,2025-03-01,2025-03-10,2025-03-10,399,399,Closed
PO-002817,SUP-014,2025-03-01,2025-03-11,2025-03-11,327,283,Closed
PO-000517,SUP-002,2025-03-01,2025-03-04,2025-03-04,355,302,Closed
PO-002098,SUP-008,2025-03-01,2025-03-04,2025-03-04,286,286,Closed
PO-000158,SUP-001,2025-03-01,2025-03-05,2025-03-05,510,510,Closed
PO-003152,SUP-017,2025-03-02,2025-03-11,2025-03-11,219,219,Closed
PO-002086,SUP-008,2025-03-02,2025-03-04,2025-03-04,1083,1083,Closed
PO-001815,SUP-007,2025-03-02,2025-03-16,2025-03-16,525,525,Closed
PO-003151,SUP-017,2025-03-02,2025-03-11,2025-03-11,408,408,Closed
PO-001013,SUP-004,2025-03-02,2025-03-08,2025-03-07,597,597,Closed
PO-003663,SUP-022,2025-03-02,2025-03-08,2025-03-08,454,454,Closed
PO-002094,SUP-008,2025-03-02,2025-03-07,2025-03-07,417,348,Closed
PO-004357,SUP-039,2025-03-02,2025-03-04,2025-03-04,479,479,Closed
PO-001540,SUP-006,2025-03-03,2025-03-11,2025-03-11,435,435,Closed
PO-001258,SUP-005,2025-03-03,2025-03-07,2025-03-06,286,286,Closed
PO-000514,SUP-002,2025-03-03,2025-03-08,2025-03-08,139,139,Closed
PO-003352,SUP-019,2025-03-03,2025-03-14,2025-03-14,254,254,Closed
PO-000154,SUP-001,2025-03-03,2025-03-07,2025-03-07,806,806,Closed
PO-001550,SUP-006,2025-03-03,2025-03-11,2025-03-11,567,567,Closed
PO-001259,SUP-005,2025-03-03,2025-03-07,2025-03-07,126,126,Closed
PO-002092,SUP-008,2025-03-04,2025-03-07,2025-03-07,1053,1019,Closed
PO-004317,SUP-038,2025-03-04,2025-03-17,2025-03-17,397,397,Closed
PO-002818,SUP-014,2025-03-04,2025-03-11,2025-03-11,209,209,Closed
PO-001539,SUP-006,2025-03-04,2025-03-13,2025-03-13,372,372,Closed
PO-000144,SUP-001,2025-03-04,2025-03-09,2025-03-10,505,505,Closed
PO-003542,SUP-021,2025-03-05,2025-03-12,2025-03-12,362,362,Closed
PO-002505,SUP-011,2025-03-05,2025-03-07,2025-03-07,512,512,Closed
PO-003042,SUP-016,2025-03-05,2025-03-13,2025-03-13,373,333,Closed
PO-004163,SUP-034,2025-03-05,2025-03-08,2025-03-08,462,370,Closed
PO-000147,SUP-001,2025-03-06,2025-03-08,2025-03-08,554,554,Closed
PO-001545,SUP-006,2025-03-06,2025-03-14,2025-03-14,395,395,Closed
PO-003260,SUP-018,2025-03-06,2025-03-10,2025-03-10,484,484,Closed
PO-002302,SUP-009,2025-03-06,2025-03-14,2025-03-14,349,349,Closed
PO-000775,SUP-003,2025-03-06,2025-03-13,2025-03-12,78,78,Closed
PO-003257,SUP-018,2025-03-06,2025-03-10,2025-03-10,770,770,Closed
PO-002503,SUP-011,2025-03-07,2025-03-09,2025-03-16,302,302,Closed
PO-003895,SUP-025,2025-03-07,2025-03-17,2025-03-17,124,124,Closed
PO-003922,SUP-026,2025-03-07,2025-03-13,2025-03-12,163,163,Closed
PO-002087,SUP-008,2025-03-07,2025-03-09,2025-03-09,100,100,Closed
PO-003258,SUP-018,2025-03-08,2025-03-13,2025-03-13,409,409,Closed
PO-003770,SUP-023,2025-03-08,2025-03-13,2025-03-13,343,343,Closed
PO-001816,SUP-007,2025-03-08,2025-03-22,2025-03-22,318,318,Closed
PO-000143,SUP-001,2025-03-08,2025-03-10,2025-03-10,357,357,Closed
PO-001010,SUP-004,2025-03-08,2025-03-17,2025-03-17,150,128,Closed
PO-002924,SUP-015,2025-03-09,2025-03-12,2025-03-12,108,108,Closed
PO-000509,SUP-002,2025-03-09,2025-03-12,2025-03-12,443,443,Closed
PO-001814,SUP-007,2025-03-09,2025-03-22,2025-03-22,180,180,Closed
PO-000152,SUP-001,2025-03-09,2025-03-11,2025-03-11,337,337,Closed
PO-000516,SUP-002,2025-03-09,2025-03-12,2025-03-12,562,562,Closed
PO-002406,SUP-010,2025-03-10,2025-03-16,2025-03-16,211,211,Closed
PO-001262,SUP-005,2025-03-10,2025-03-15,2025-03-15,238,238,Closed
PO-002084,SUP-008,2025-03-10,2025-03-13,2025-03-13,303,303,Closed
PO-003769,SUP-023,2025-03-10,2025-03-14,2025-03-14,652,652,Closed
PO-000153,SUP-001,2025-03-11,2025-03-14,2025-03-14,276,276,Closed
PO-002095,SUP-008,2025-03-11,2025-03-15,2025-03-15,979,979,Closed
PO-000161,SUP-001,2025-03-11,2025-03-14,2025-03-14,203,203,Closed
PO-000515,SUP-002,2025-03-11,2025-03-17,2025-03-16,425,425,Closed
PO-000159,SUP-001,2025-03-12,2025-03-15,2025-03-15,364,364,Closed
PO-002090,SUP-008,2025-03-12,2025-03-17,2025-03-17,283,283,Closed
PO-001009,SUP-004,2025-03-12,2025-03-21,2025-03-21,69,69,Closed
PO-003772,SUP-023,2025-03-12,2025-03-16,2025-03-16,303,303,Closed
PO-002091,SUP-008,2025-03-12,2025-03-16,2025-03-16,820,820,Closed
PO-004315,SUP-038,2025-03-12,2025-03-23,2025-03-23,118,118,Closed
PO-004062,SUP-031,2025-03-13,2025-03-25,2025-03-25,281,281,Closed
PO-003451,SUP-020,2025-03-13,2025-03-15,2025-03-15,356,356,Closed
PO-000506,SUP-002,2025-03-13,2025-03-19,2025-03-19,382,382,Closed
PO-002402,SUP-010,2025-03-13,2025-03-16,2025-03-15,263,233,Closed
PO-002400,SUP-010,2025-03-13,2025-03-16,2025-03-16,144,144,Closed
PO-001821,SUP-007,2025-03-13,2025-03-24,2025-03-24,408,408,Closed
PO-003661,SUP-022,2025-03-13,2025-03-22,2025-03-22,197,197,Closed
PO-004273,SUP-037,2025-03-14,2025-03-20,2025-03-20,82,74,Closed
PO-001823,SUP-007,2025-03-14,2025-03-25,2025-03-25,225,225,Closed
PO-000507,SUP-002,2025-03-14,2025-03-19,2025-03-18,124,124,Closed
PO-000156,SUP-001,2025-03-14,2025-03-18,2025-03-24,922,922,Closed
PO-003894,SUP-025,2025-03-14,2025-03-24,2025-03-23,50,50,Closed
PO-000504,SUP-002,2025-03-15,2025-03-21,2025-03-21,79,79,Closed
PO-004358,SUP-039,2025-03-15,2025-03-17,2025-03-18,376,376,Closed
PO-000511,SUP-002,2025-03-15,2025-03-18,2025-03-18,667,667,Closed
PO-003893,SUP-025,2025-03-15,2025-03-23,2025-03-23,148,148,Closed
PO-003041,SUP-016,2025-03-15,2025-03-24,2025-03-24,183,183,Closed
PO-002405,SUP-010,2025-03-15,2025-03-20,2025-03-20,143,143,Closed
PO-002404,SUP-010,2025-03-16,2025-03-20,2025-03-20,912,912,Closed
PO-002627,SUP-012,2025-03-16,2025-03-23,2025-03-23,107,107,Closed
PO-003154,SUP-017,2025-03-16,2025-03-23,2025-03-23,218,218,Closed
PO-002300,SUP-009,2025-03-16,2025-03-24,2025-03-24,267,267,Closed
PO-001261,SUP-005,2025-03-16,2025-03-22,2025-03-22,342,342,Closed
PO-004359,SUP-039,2025-03-16,2025-03-19,2025-03-19,1049,1049,Closed
PO-001818,SUP-007,2025-03-16,2025-03-30,2025-04-06,158,158,Closed
PO-001011,SUP-004,2025-03-16,2025-03-24,2025-03-24,399,399,Closed
PO-001008,SUP-004,2025-03-16,2025-03-25,2025-03-25,238,238,Closed
PO-003664,SUP-022,2025-03-17,2025-03-25,2025-03-25,463,463,Closed
PO-003855,SUP-024,2025-03-17,2025-03-22,2025-03-22,178,160,Closed
PO-000140,SUP-001,2025-03-17,2025-03-22,2025-03-22,421,421,Closed
PO-000513,SUP-002,2025-03-17,2025-03-23,2025-03-23,108,108,Closed
PO-002096,SUP-008,2025-03-17,2025-03-20,2025-03-20,424,424,Closed
PO-002401,SUP-010,2025-03-17,2025-03-20,2025-03-21,902,902,Closed
PO-002093,SUP-008,2025-03-18,2025-03-20,2025-03-20,559,559,Closed
PO-001820,SUP-007,2025-03-18,2025-03-31,2025-03-31,411,411,Closed
PO-001543,SUP-006,2025-03-18,2025-03-26,2025-03-25,445,445,Closed
PO-002507,SUP-011,2025-03-18,2025-03-20,2025-03-20,353,291,Closed
PO-000145,SUP-001,2025-03-18,2025-03-23,2025-03-23,126,126,Closed
PO-000780,SUP-003,2025-03-18,2025-03-27,2025-03-27,451,451,Closed
PO-003044,SUP-016,2025-03-18,2025-03-26,2025-03-26,266,266,Closed
PO-000776,SUP-003,2025-03-19,2025-03-29,2025-03-29,401,401,Closed
PO-002085,SUP-008,2025-03-19,2025-03-21,2025-03-21,286,286,Closed
PO-002301,SUP-009,2025-03-19,2025-03-27,2025-03-27,398,398,Closed
PO-002926,SUP-015,2025-03-19,2025-03-22,2025-03-22,507,507,Closed
PO-000510,SUP-002,2025-03-19,2025-03-23,2025-03-23,293,293,Closed
PO-000508,SUP-002,2025-03-19,2025-03-25,2025-03-25,357,357,Closed
PO-002625,SUP-012,2025-03-20,2025-03-28,2025-03-28,754,754,Closed
PO-001264,SUP-005,2025-03-20,2025-03-24,2025-03-23,274,274,Closed
PO-000157,SUP-001,2025-03-20,2025-03-23,2025-03-23,490,490,Closed
PO-003153,SUP-017,2025-03-20,2025-03-29,2025-03-28,314,314,Closed
PO-001817,SUP-007,2025-03-20,2025-04-01,2025-04-01,239,239,Closed
PO-000148,SUP-001,2025-03-20,2025-03-24,2025-03-24,352,352,Closed
PO-001544,SUP-006,2025-03-20,2025-03-28,2025-03-28,452,452,Closed
PO-003920,SUP-026,2025-03-20,2025-03-24,2025-03-24,127,127,Closed
PO-002303,SUP-009,2025-03-20,2025-03-29,2025-03-29,329,329,Closed
PO-000777,SUP-003,2025-03-21,2025-03-28,2025-03-29,49,49,Closed
PO-003949,SUP-027,2025-03-21,2025-03-31,2025-03-31,596,596,Closed
PO-001548,SUP-006,2025-03-21,2025-03-31,2025-03-31,233,233,Closed
PO-002506,SUP-011,2025-03-21,2025-03-24,2025-03-23,569,569,Closed
PO-004164,SUP-034,2025-03-22,2025-03-26,2025-03-26,239,239,Closed
PO-001549,SUP-006,2025-03-22,2025-03-31,2025-03-31,129,129,Closed
PO-002504,SUP-011,2025-03-23,2025-03-26,2025-03-26,289,289,Closed
PO-000146,SUP-001,2025-03-23,2025-03-25,2025-03-25,355,355,Closed
PO-003545,SUP-021,2025-03-23,2025-03-30,2025-03-30,189,189,Closed
PO-001267,SUP-005,2025-03-23,2025-03-26,2025-03-26,1071,1071,Closed
PO-003040,SUP-016,2025-03-23,2025-03-29,2025-03-28,262,262,Closed
PO-004064,SUP-031,2025-03-24,2025-04-06,2025-04-06,67,67,Closed
PO-000149,SUP-001,2025-03-24,2025-03-28,2025-03-28,216,216,Closed
PO-000151,SUP-001,2025-03-24,2025-03-29,2025-03-29,327,327,Closed
PO-004128,SUP-033,2025-03-24,2025-03-31,2025-03-31,1052,1007,Closed
PO-001263,SUP-005,2025-03-24,2025-03-29,2025-03-29,398,398,Closed
PO-001822,SUP-007,2025-03-24,2025-04-06,2025-04-06,294,294,Closed
PO-004063,SUP-031,2025-03-24,2025-04-04,2025-04-04,540,540,Closed
PO-002626,SUP-012,2025-03-24,2025-04-02,2025-04-02,358,358,Closed
PO-000779,SUP-003,2025-03-24,2025-03-31,2025-03-31,595,595,Closed
PO-001265,SUP-005,2025-03-24,2025-03-29,2025-03-29,479,479,Closed
PO-002722,SUP-013,2025-03-24,2025-04-01,2025-04-01,555,555,Closed
PO-000512,SUP-002,2025-03-24,2025-03-29,2025-03-29,143,143,Closed
PO-001546,SUP-006,2025-03-24,2025-04-01,2025-03-31,515,515,Closed
PO-001541,SUP-006,2025-03-24,2025-03-31,2025-03-31,232,232,Closed
PO-003662,SUP-022,2025-03-25,2025-04-03,2025-04-02,1187,1187,Closed
PO-003771,SUP-023,2025-03-25,2025-03-30,2025-03-29,278,278,Closed
PO-001547,SUP-006,2025-03-25,2025-04-04,2025-04-04,649,649,Closed
PO-002097,SUP-008,2025-03-25,2025-03-27,2025-03-26,391,391,Closed
PO-000155,SUP-001,2025-03-25,2025-03-30,2025-03-30,215,215,Closed
PO-001260,SUP-005,2025-03-25,2025-03-29,2025-03-29,249,249,Closed
PO-003259,SUP-018,2025-03-25,2025-03-28,2025-03-28,447,447,Closed
PO-002089,SUP-008,2025-03-26,2025-03-31,2025-03-30,172,172,Closed
PO-003350,SUP-019,2025-03-26,2025-04-08,2025-04-08,298,298,Closed
PO-002399,SUP-010,2025-03-26,2025-03-29,2025-03-29,164,164,Closed
PO-002305,SUP-009,2025-03-26,2025-04-04,2025-04-04,223,223,Closed
PO-002403,SUP-010,2025-03-26,2025-04-01,2025-03-31,80,80,Closed
PO-004271,SUP-037,2025-03-26,2025-04-01,2025-04-01,198,198,Closed
PO-004162,SUP-034,2025-03-26,2025-03-31,2025-03-31,247,247,Closed
PO-000141,SUP-001,2025-03-26,2025-03-28,2025-03-29,183,183,Closed
PO-001257,SUP-005,2025-03-26,2025-03-30,2025-03-30,126,126,Closed
PO-001824,SUP-007,2025-03-26,2025-04-06,2025-04-07,68,52,Closed
PO-003919,SUP-026,2025-03-27,2025-04-01,2025-04-01,211,211,Closed
PO-003544,SUP-021,2025-03-27,2025-04-03,2025-04-03,135,135,Closed
PO-002502,SUP-011,2025-03-27,2025-04-01,2025-04-01,137,102,Closed
PO-000142,SUP-001,2025-03-27,2025-03-31,2025-03-31,323,323,Closed
PO-002721,SUP-013,2025-03-27,2025-04-04,2025-04-04,79,79,Closed
PO-002304,SUP-009,2025-03-28,2025-04-06,2025-04-06,330,330,Closed
PO-004003,SUP-029,2025-03-28,2025-04-05,2025-04-05,86,86,Closed
PO-003043,SUP-016,2025-03-28,2025-04-05,2025-04-05,443,443,Closed
PO-004065,SUP-031,2025-03-28,2025-04-09,2025-04-09,88,88,Closed
PO-002816,SUP-014,2025-03-28,2025-04-05,2025-04-04,351,351,Closed
PO-003450,SUP-020,2025-03-29,2025-03-31,2025-03-31,501,501,Closed
PO-001006,SUP-004,2025-03-29,2025-04-07,2025-04-07,622,622,Closed
PO-003921,SUP-026,2025-03-30,2025-04-02,2025-04-02,154,154,Closed
PO-000505,SUP-002,2025-03-30,2025-04-02,2025-04-02,131,131,Closed
PO-002923,SUP-015,2025-03-30,2025-04-04,2025-04-04,107,82,Closed
PO-001542,SUP-006,2025-03-30,2025-04-06,2025-04-06,241,241,Closed
PO-000150,SUP-001,2025-03-30,2025-04-01,2025-04-01,190,190,Closed
PO-001825,SUP-007,2025-03-30,2025-04-10,2025-04-09,795,795,Closed
PO-002508,SUP-011,2025-03-30,2025-04-04,2025-04-08,151,151,Closed
PO-002925,SUP-015,2025-03-30,2025-04-02,2025-04-02,89,89,Closed
PO-001266,SUP-005,2025-03-31,2025-04-06,2025-04-05,707,707,Closed
PO-000139,SUP-001,2025-03-31,2025-04-04,2025-04-04,141,141,Closed
PO-003353,SUP-019,2025-03-31,2025-04-14,2025-04-14,207,207,Closed
PO-003351,SUP-019,2025-03-31,2025-04-13,2025-04-13,136,136,Closed
PO-001819,SUP-007,2025-03-31,2025-04-12,2025-04-12,538,538,Closed
PO-004272,SUP-037,2025-03-31,2025-04-03,2025-04-03,418,418,Closed
PO-001005,SUP-004,2025-03-31,2025-04-07,2025-04-06,417,417,Closed
PO-002930,SUP-015,2025-04-01,2025-04-04,2025-04-04,267,267,Closed
PO-004035,SUP-030,2025-04-01,2025-04-09,2025-04-09,373,373,Closed
PO-004066,SUP-031,2025-04-01,2025-04-14,2025-04-14,369,369,Closed
PO-000162,SUP-001,2025-04-01,2025-04-04,2025-04-04,71,71,Closed
PO-002821,SUP-014,2025-04-02,2025-04-12,2025-04-13,144,144,Closed
PO-003455,SUP-020,2025-04-02,2025-04-05,2025-04-05,293,260,Closed
PO-002725,SUP-013,2025-04-02,2025-04-08,2025-04-08,59,48,Closed
PO-003452,SUP-020,2025-04-03,2025-04-08,2025-04-08,406,406,Closed
PO-002512,SUP-011,2025-04-03,2025-04-08,2025-04-08,159,159,Closed
PO-002407,SUP-010,2025-04-03,2025-04-08,2025-04-08,725,725,Closed
PO-000524,SUP-002,2025-04-03,2025-04-09,2025-04-09,180,180,Closed
PO-002510,SUP-011,2025-04-03,2025-04-08,2025-04-08,364,343,Closed
PO-000791,SUP-003,2025-04-03,2025-04-10,2025-04-12,156,156,Closed
PO-001274,SUP-005,2025-04-03,2025-04-07,2025-04-07,220,220,Closed
PO-001278,SUP-005,2025-04-03,2025-04-09,2025-04-09,199,199,Closed
PO-003775,SUP-023,2025-04-04,2025-04-10,2025-04-10,440,440,Closed
PO-000164,SUP-001,2025-04-04,2025-04-09,2025-04-09,125,125,Closed
PO-002726,SUP-013,2025-04-04,2025-04-12,2025-04-12,397,397,Closed
PO-002307,SUP-009,2025-04-04,2025-04-11,2025-04-10,407,407,Closed
PO-001558,SUP-006,2025-04-04,2025-04-13,2025-04-13,396,396,Closed
PO-001276,SUP-005,2025-04-04,2025-04-08,2025-04-08,191,191,Closed
PO-000168,SUP-001,2025-04-04,2025-04-09,2025-04-09,174,174,Closed
PO-001270,SUP-005,2025-04-05,2025-04-09,2025-04-08,1486,1486,Closed
PO-002509,SUP-011,2025-04-05,2025-04-07,2025-04-07,134,134,Closed
PO-001559,SUP-006,2025-04-05,2025-04-15,2025-04-15,429,429,Closed
PO-000787,SUP-003,2025-04-05,2025-04-12,2025-04-12,564,564,Closed
PO-002723,SUP-013,2025-04-05,2025-04-13,2025-04-13,760,760,Closed
PO-003046,SUP-016,2025-04-06,2025-04-14,2025-04-14,683,683,Closed
PO-001826,SUP-007,2025-04-06,2025-04-20,2025-04-19,403,403,Closed
PO-001831,SUP-007,2025-04-06,2025-04-17,2025-04-17,811,605,Closed
PO-000526,SUP-002,2025-04-06,2025-04-11,2025-04-11,225,225,Closed
PO-004036,SUP-030,2025-04-07,2025-04-13,2025-04-12,177,177,Closed
PO-000169,SUP-001,2025-04-07,2025-04-12,2025-04-12,127,127,Closed
PO-003546,SUP-021,2025-04-07,2025-04-17,2025-04-17,980,980,Closed
PO-001557,SUP-006,2025-04-07,2025-04-16,2025-04-16,235,235,Closed
PO-000521,SUP-002,2025-04-07,2025-04-13,2025-04-13,241,241,Closed
PO-003923,SUP-026,2025-04-07,2025-04-13,2025-04-13,428,428,Closed
PO-001551,SUP-006,2025-04-07,2025-04-16,2025-04-16,368,368,Closed
PO-002102,SUP-008,2025-04-08,2025-04-12,2025-04-11,1040,1040,Closed
PO-001017,SUP-004,2025-04-08,2025-04-17,2025-04-17,297,297,Closed
PO-002823,SUP-014,2025-04-08,2025-04-17,2025-04-17,158,158,Closed
PO-001836,SUP-007,2025-04-08,2025-04-21,2025-04-21,391,391,Closed
PO-003548,SUP-021,2025-04-08,2025-04-17,2025-04-17,294,294,Closed
PO-000163,SUP-001,2025-04-08,2025-04-11,2025-04-11,265,265,Closed
PO-000518,SUP-002,2025-04-08,2025-04-12,2025-04-12,457,457,Closed
PO-003773,SUP-023,2025-04-09,2025-04-15,2025-04-15,380,380,Closed
PO-003774,SUP-023,2025-04-09,2025-04-15,2025-04-15,875,875,Closed
PO-002104,SUP-008,2025-04-09,2025-04-12,2025-04-12,1686,1686,Closed
PO-000172,SUP-001,2025-04-09,2025-04-11,2025-04-11,181,181,Closed
PO-000173,SUP-001,2025-04-09,2025-04-12,2025-04-12,229,229,Closed
PO-003048,SUP-016,2025-04-09,2025-04-18,2025-04-18,312,312,Closed
PO-001837,SUP-007,2025-04-09,2025-04-20,2025-04-19,391,356,Closed
PO-003924,SUP-026,2025-04-09,2025-04-15,2025-04-16,129,129,Closed
PO-002100,SUP-008,2025-04-10,2025-04-13,2025-04-13,148,117,Closed
PO-001838,SUP-007,2025-04-10,2025-04-21,2025-04-20,385,385,Closed
PO-003262,SUP-018,2025-04-10,2025-04-16,2025-04-16,1211,1211,Closed
PO-000781,SUP-003,2025-04-10,2025-04-17,2025-04-17,232,232,Closed
PO-004168,SUP-034,2025-04-10,2025-04-14,2025-04-15,282,282,Closed
PO-001269,SUP-005,2025-04-11,2025-04-17,2025-04-17,118,118,Closed
PO-002103,SUP-008,2025-04-11,2025-04-16,2025-04-16,725,725,Closed
PO-002099,SUP-008,2025-04-11,2025-04-13,2025-04-13,196,196,Closed
PO-000174,SUP-001,2025-04-11,2025-04-13,2025-04-13,856,856,Closed
PO-003047,SUP-016,2025-04-11,2025-04-19,2025-04-19,887,887,Closed
PO-001019,SUP-004,2025-04-11,2025-04-18,2025-04-18,335,335,Closed
PO-001828,SUP-007,2025-04-11,2025-04-22,2025-04-23,255,255,Closed
PO-000167,SUP-001,2025-04-12,2025-04-16,2025-04-16,92,92,Closed
PO-002628,SUP-012,2025-04-13,2025-04-20,2025-04-20,395,395,Closed
PO-001832,SUP-007,2025-04-13,2025-04-25,2025-04-25,663,663,Closed
PO-004318,SUP-038,2025-04-13,2025-04-27,2025-04-28,263,263,Closed
PO-000166,SUP-001,2025-04-13,2025-04-17,2025-04-17,217,217,Closed
PO-004193,SUP-035,2025-04-13,2025-04-22,2025-04-22,354,354,Closed
PO-002927,SUP-015,2025-04-13,2025-04-18,2025-04-18,185,185,Closed
PO-001556,SUP-006,2025-04-13,2025-04-22,2025-04-22,251,251,Closed
PO-000525,SUP-002,2025-04-13,2025-04-17,2025-04-17,188,188,Closed
PO-000789,SUP-003,2025-04-14,2025-04-22,2025-04-22,253,253,Closed
PO-002106,SUP-008,2025-04-14,2025-04-19,2025-04-19,319,319,Closed
PO-001272,SUP-005,2025-04-14,2025-04-18,2025-04-18,479,479,Closed
PO-000786,SUP-003,2025-04-14,2025-04-24,2025-04-28,150,150,Closed
PO-003547,SUP-021,2025-04-14,2025-04-21,2025-04-21,489,489,Closed
PO-003357,SUP-019,2025-04-15,2025-04-26,2025-04-26,457,457,Closed
PO-000790,SUP-003,2025-04-15,2025-04-25,2025-04-25,160,160,Closed
PO-001834,SUP-007,2025-04-15,2025-04-27,2025-04-26,252,252,Closed
PO-002107,SUP-008,2025-04-15,2025-04-18,2025-04-17,588,588,Closed
PO-001275,SUP-005,2025-04-15,2025-04-20,2025-04-20,910,910,Closed
PO-000784,SUP-003,2025-04-15,2025-04-23,2025-04-23,330,330,Closed
PO-001018,SUP-004,2025-04-16,2025-04-23,2025-04-23,184,184,Closed
PO-000522,SUP-002,2025-04-16,2025-04-20,2025-04-20,374,374,Closed
PO-002928,SUP-015,2025-04-16,2025-04-18,2025-04-18,268,242,Closed
PO-002933,SUP-015,2025-04-17,2025-04-19,2025-04-18,88,88,Closed
PO-000788,SUP-003,2025-04-17,2025-04-25,2025-04-25,105,105,Closed
PO-002724,SUP-013,2025-04-17,2025-04-25,2025-04-25,875,875,Closed
PO-004225,SUP-036,2025-04-17,2025-04-19,2025-04-19,1114,1114,Closed
PO-003355,SUP-019,2025-04-18,2025-05-01,2025-05-01,285,285,Closed
PO-002819,SUP-014,2025-04-18,2025-04-28,2025-04-28,102,102,Closed
PO-004129,SUP-033,2025-04-18,2025-04-27,2025-04-27,379,379,Closed
PO-003778,SUP-023,2025-04-18,2025-04-24,2025-04-24,261,261,Closed
PO-001271,SUP-005,2025-04-18,2025-04-21,2025-04-21,93,93,Closed
PO-004388,SUP-040,2025-04-18,2025-04-25,2025-04-30,756,756,Closed
PO-000171,SUP-001,2025-04-18,2025-04-23,2025-04-23,702,702,Closed
PO-001273,SUP-005,2025-04-18,2025-04-21,2025-04-21,367,367,Closed
PO-003264,SUP-018,2025-04-19,2025-04-25,2025-04-25,220,220,Closed
PO-004034,SUP-030,2025-04-19,2025-04-26,2025-04-25,115,115,Closed
PO-001835,SUP-007,2025-04-19,2025-05-01,2025-04-30,1001,1001,Closed
PO-001553,SUP-006,2025-04-20,2025-04-30,2025-04-29,277,277,Closed
PO-003549,SUP-021,2025-04-20,2025-04-28,2025-04-28,578,578,Closed
PO-000170,SUP-001,2025-04-20,2025-04-23,2025-04-23,539,539,Closed
PO-001016,SUP-004,2025-04-20,2025-04-29,2025-04-30,69,69,Closed
PO-004166,SUP-034,2025-04-20,2025-04-26,2025-04-26,330,330,Closed
PO-001014,SUP-004,2025-04-21,2025-04-27,2025-04-26,117,117,Closed
PO-003665,SUP-022,2025-04-21,2025-04-27,2025-04-27,444,444,Closed
PO-003776,SUP-023,2025-04-21,2025-04-26,2025-04-26,541,541,Closed
PO-004165,SUP-034,2025-04-21,2025-04-24,2025-04-25,563,563,Closed
PO-000783,SUP-003,2025-04-21,2025-04-28,2025-04-28,133,133,Closed
PO-004360,SUP-039,2025-04-21,2025-04-23,2025-04-23,487,487,Closed
PO-002820,SUP-014,2025-04-22,2025-04-30,2025-04-30,48,48,Closed
PO-001552,SUP-006,2025-04-22,2025-05-02,2025-05-02,582,582,Closed
PO-000782,SUP-003,2025-04-22,2025-05-01,2025-05-01,257,257,Closed
PO-001554,SUP-006,2025-04-22,2025-05-02,2025-05-02,443,443,Closed
PO-003667,SUP-022,2025-04-22,2025-05-01,2025-05-03,142,130,Closed
PO-001277,SUP-005,2025-04-22,2025-04-27,2025-04-26,203,203,Closed
PO-003045,SUP-016,2025-04-23,2025-05-01,2025-05-01,697,697,Closed
PO-003454,SUP-020,2025-04-23,2025-04-25,2025-04-25,372,372,Closed
PO-004274,SUP-037,2025-04-23,2025-04-29,2025-04-29,278,248,Closed
PO-002822,SUP-014,2025-04-23,2025-05-01,2025-05-01,1667,1667,Closed
PO-002931,SUP-015,2025-04-23,2025-04-28,2025-04-28,129,129,Closed
PO-002934,SUP-015,2025-04-23,2025-04-28,2025-04-28,285,285,Closed
PO-000523,SUP-002,2025-04-23,2025-04-26,2025-04-26,570,570,Closed
PO-002101,SUP-008,2025-04-24,2025-04-26,2025-04-26,597,597,Closed
PO-001827,SUP-007,2025-04-24,2025-05-06,2025-05-06,386,386,Closed
PO-002511,SUP-011,2025-04-24,2025-04-28,2025-04-28,260,260,Closed
PO-003354,SUP-019,2025-04-24,2025-05-07,2025-05-07,157,157,Closed
PO-001268,SUP-005,2025-04-24,2025-04-30,2025-04-30,477,477,Closed
PO-001279,SUP-005,2025-04-24,2025-04-29,2025-04-29,593,593,Closed
PO-000520,SUP-002,2025-04-25,2025-05-01,2025-05-01,482,482,Closed
PO-003263,SUP-018,2025-04-25,2025-04-30,2025-04-30,315,315,Closed
PO-002727,SUP-013,2025-04-25,2025-05-01,2025-05-01,312,263,Closed
PO-003666,SUP-022,2025-04-25,2025-05-04,2025-05-04,122,122,Closed
PO-001020,SUP-004,2025-04-26,2025-05-02,2025-05-01,267,267,Closed
PO-001830,SUP-007,2025-04-26,2025-05-10,2025-05-10,291,291,Closed
PO-002929,SUP-015,2025-04-26,2025-04-28,2025-04-28,553,553,Closed
PO-001555,SUP-006,2025-04-26,2025-05-03,2025-05-03,104,104,Closed
PO-000519,SUP-002,2025-04-27,2025-05-03,2025-05-03,503,503,Closed
PO-002306,SUP-009,2025-04-27,2025-05-06,2025-05-06,312,312,Closed
PO-001015,SUP-004,2025-04-28,2025-05-06,2025-05-06,332,332,Closed
PO-003356,SUP-019,2025-04-28,2025-05-12,2025-05-12,308,308,Closed
PO-001833,SUP-007,2025-04-28,2025-05-09,2025-05-09,335,335,Closed
PO-000165,SUP-001,2025-04-29,2025-05-02,2025-05-01,82,82,Closed
PO-001829,SUP-007,2025-04-29,2025-05-13,2025-05-13,262,262,Closed
PO-003261,SUP-018,2025-04-29,2025-05-03,2025-05-07,264,264,Closed
PO-000793,SUP-003,2025-04-29,2025-05-06,2025-05-06,1194,1194,Closed
PO-002932,SUP-015,2025-04-29,2025-05-02,2025-05-03,327,327,Closed
PO-004167,SUP-034,2025-04-29,2025-05-03,2025-05-03,77,77,Closed
PO-002408,SUP-010,2025-04-29,2025-05-03,2025-05-05,211,211,Closed
PO-003925,SUP-026,2025-04-29,2025-05-05,2025-05-05,129,129,Closed
PO-002105,SUP-008,2025-04-30,2025-05-04,2025-05-04,248,248,Closed
PO-000785,SUP-003,2025-04-30,2025-05-10,2025-05-10,1092,1092,Closed
PO-003982,SUP-028,2025-04-30,2025-05-05,2025-05-04,248,248,Closed
PO-003777,SUP-023,2025-04-30,2025-05-04,2025-05-04,111,111,Closed
PO-000792,SUP-003,2025-04-30,2025-05-07,2025-05-07,265,265,Closed
PO-003265,SUP-018,2025-04-30,2025-05-06,2025-05-06,158,114,Closed
PO-003453,SUP-020,2025-04-30,2025-05-02,2025-05-02,551,551,Closed
PO-001028,SUP-004,2025-05-01,2025-05-09,2025-05-09,517,517,Closed
PO-001845,SUP-007,2025-05-01,2025-05-14,2025-05-14,450,450,Closed
PO-003363,SUP-019,2025-05-01,2025-05-14,2025-05-14,170,170,Closed
PO-004320,SUP-038,2025-05-01,2025-05-15,2025-05-18,50,50,Closed
PO-004196,SUP-035,2025-05-02,2025-05-11,2025-05-11,120,120,Closed
PO-002113,SUP-008,2025-05-02,2025-05-05,2025-05-05,329,329,Closed
PO-000179,SUP-001,2025-05-02,2025-05-07,2025-05-07,296,296,Closed
PO-001022,SUP-004,2025-05-03,2025-05-10,2025-05-09,112,112,Closed
PO-001844,SUP-007,2025-05-03,2025-05-14,2025-05-14,269,269,Closed
PO-004228,SUP-036,2025-05-03,2025-05-05,2025-05-05,1073,1073,Closed
PO-001560,SUP-006,2025-05-03,2025-05-12,2025-05-12,173,173,Closed
PO-000176,SUP-001,2025-05-03,2025-05-06,2025-05-06,342,342,Closed
PO-000183,SUP-001,2025-05-03,2025-05-06,2025-05-06,317,317,Closed
PO-002826,SUP-014,2025-05-04,2025-05-12,2025-05-12,240,240,Closed
PO-002310,SUP-009,2025-05-04,2025-05-12,2025-05-12,122,122,Closed
PO-000529,SUP-002,2025-05-04,2025-05-08,2025-05-08,271,271,Closed
PO-003669,SUP-022,2025-05-04,2025-05-11,2025-05-11,609,609,Closed
PO-002728,SUP-013,2025-05-04,2025-05-12,2025-05-12,96,96,Closed
PO-003460,SUP-020,2025-05-04,2025-05-09,2025-05-09,1103,1103,Closed
PO-001280,SUP-005,2025-05-04,2025-05-07,2025-05-06,974,974,Closed
PO-000177,SUP-001,2025-05-05,2025-05-10,2025-05-10,371,371,Closed
PO-001842,SUP-007,2025-05-05,2025-05-18,2025-05-17,223,223,Closed
PO-001025,SUP-004,2025-05-05,2025-05-11,2025-05-11,78,78,Closed
PO-002114,SUP-008,2025-05-05,2025-05-07,2025-05-07,196,196,Closed
PO-000190,SUP-001,2025-05-06,2025-05-08,2025-05-08,417,417,Closed
PO-003781,SUP-023,2025-05-06,2025-05-10,2025-05-09,311,311,Closed
PO-002118,SUP-008,2025-05-06,2025-05-11,2025-05-11,653,653,Closed
PO-004199,SUP-035,2025-05-06,2025-05-16,2025-05-17,680,680,Closed
PO-000175,SUP-001,2025-05-06,2025-05-09,2025-05-12,502,502,Closed
PO-002514,SUP-011,2025-05-06,2025-05-11,2025-05-11,507,507,Closed
PO-000185,SUP-001,2025-05-06,2025-05-09,2025-05-09,678,678,Closed
PO-000187,SUP-001,2025-05-06,2025-05-10,2025-05-10,421,421,Closed
PO-001565,SUP-006,2025-05-06,2025-05-14,2025-05-14,112,112,Closed
PO-004227,SUP-036,2025-05-06,2025-05-08,2025-05-07,382,382,Closed
PO-003856,SUP-024,2025-05-06,2025-05-09,2025-05-09,291,291,Closed
PO-000795,SUP-003,2025-05-06,2025-05-15,2025-05-15,67,67,Closed
PO-000796,SUP-003,2025-05-06,2025-05-16,2025-05-15,272,272,Closed
PO-000797,SUP-003,2025-05-06,2025-05-14,2025-05-14,333,333,Closed
PO-003857,SUP-024,2025-05-06,2025-05-11,2025-05-11,291,291,Closed
PO-002112,SUP-008,2025-05-06,2025-05-08,2025-05-09,578,578,Closed
PO-001286,SUP-005,2025-05-07,2025-05-10,2025-05-10,196,196,Closed
PO-004004,SUP-029,2025-05-07,2025-05-15,2025-05-15,182,182,Closed
PO-000794,SUP-003,2025-05-07,2025-05-14,2025-05-14,329,329,Closed
PO-003461,SUP-020,2025-05-07,2025-05-11,2025-05-11,245,245,Closed
PO-000530,SUP-002,2025-05-07,2025-05-10,2025-05-10,487,487,Closed
PO-001024,SUP-004,2025-05-07,2025-05-14,2025-05-14,417,417,Closed
PO-001027,SUP-004,2025-05-07,2025-05-15,2025-05-14,126,126,Closed
PO-002411,SUP-010,2025-05-07,2025-05-12,2025-05-12,1538,1538,Closed
PO-000798,SUP-003,2025-05-08,2025-05-16,2025-05-15,710,710,Closed
PO-003160,SUP-017,2025-05-08,2025-05-16,2025-05-16,856,856,Closed
PO-002631,SUP-012,2025-05-08,2025-05-18,2025-05-18,76,76,Closed
PO-003556,SUP-021,2025-05-08,2025-05-18,2025-05-18,329,329,Closed
PO-002519,SUP-011,2025-05-08,2025-05-11,2025-05-11,288,288,Closed
PO-000180,SUP-001,2025-05-09,2025-05-13,2025-05-14,160,160,Closed
PO-004069,SUP-031,2025-05-09,2025-05-23,2025-05-23,741,741,Closed
PO-004195,SUP-035,2025-05-10,2025-05-18,2025-05-18,263,263,Closed
PO-003049,SUP-016,2025-05-10,2025-05-16,2025-05-16,427,427,Closed
PO-003459,SUP-020,2025-05-10,2025-05-13,2025-05-13,232,232,Closed
PO-004319,SUP-038,2025-05-10,2025-05-23,2025-05-23,312,312,Closed
PO-003858,SUP-024,2025-05-10,2025-05-13,2025-05-13,48,43,Closed
PO-003983,SUP-028,2025-05-10,2025-05-15,2025-05-15,266,197,Closed
PO-004194,SUP-035,2025-05-11,2025-05-18,2025-05-18,116,116,Closed
PO-003457,SUP-020,2025-05-11,2025-05-13,2025-05-13,300,300,Closed
PO-001030,SUP-004,2025-05-11,2025-05-18,2025-05-18,262,262,Closed
PO-003361,SUP-019,2025-05-11,2025-05-23,2025-05-23,327,327,Closed
PO-003950,SUP-027,2025-05-12,2025-05-19,2025-05-19,494,494,Closed
PO-004321,SUP-038,2025-05-12,2025-05-25,2025-05-25,401,344,Closed
PO-002516,SUP-011,2025-05-12,2025-05-16,2025-05-16,604,604,Closed
PO-001846,SUP-007,2025-05-12,2025-05-23,2025-05-23,274,274,Closed
PO-001839,SUP-007,2025-05-12,2025-05-24,2025-05-24,396,396,Closed
PO-002825,SUP-014,2025-05-12,2025-05-21,2025-05-21,228,228,Closed
PO-004131,SUP-033,2025-05-13,2025-05-20,2025-05-20,320,320,Closed
PO-001569,SUP-006,2025-05-13,2025-05-23,2025-05-23,118,118,Closed
PO-000531,SUP-002,2025-05-13,2025-05-16,2025-05-15,272,272,Closed
PO-003783,SUP-023,2025-05-13,2025-05-18,2025-05-18,262,262,Closed
PO-001281,SUP-005,2025-05-13,2025-05-17,2025-05-17,103,103,Closed
PO-001568,SUP-006,2025-05-14,2025-05-23,2025-05-23,219,219,Closed
PO-002108,SUP-008,2025-05-14,2025-05-16,2025-05-16,936,830,Closed
PO-003155,SUP-017,2025-05-14,2025-05-22,2025-05-22,90,90,Closed
PO-001283,SUP-005,2025-05-14,2025-05-19,2025-05-19,762,762,Closed
PO-001021,SUP-004,2025-05-15,2025-05-22,2025-05-22,169,169,Closed
PO-002116,SUP-008,2025-05-15,2025-05-20,2025-05-19,779,779,Closed
PO-001023,SUP-004,2025-05-15,2025-05-21,2025-05-21,99,99,Closed
PO-004198,SUP-035,2025-05-15,2025-05-23,2025-05-23,928,928,Closed
PO-004130,SUP-033,2025-05-16,2025-05-26,2025-05-26,252,252,Closed
PO-002827,SUP-014,2025-05-16,2025-05-23,2025-05-23,171,171,Closed
PO-002520,SUP-011,2025-05-16,2025-05-20,2025-05-20,319,319,Closed
PO-002632,SUP-012,2025-05-16,2025-05-24,2025-05-23,149,149,Closed
PO-004067,SUP-031,2025-05-16,2025-05-27,2025-05-28,294,294,Closed
PO-002729,SUP-013,2025-05-16,2025-05-25,2025-05-25,520,520,Closed
PO-003782,SUP-023,2025-05-16,2025-05-20,2025-05-20,156,156,Closed
PO-001562,SUP-006,2025-05-17,2025-05-27,2025-05-27,211,211,Closed
PO-003557,SUP-021,2025-05-17,2025-05-26,2025-05-25,1087,1087,Closed
PO-003051,SUP-016,2025-05-17,2025-05-23,2025-05-23,110,110,Closed
PO-003780,SUP-023,2025-05-17,2025-05-23,2025-05-23,938,938,Closed
PO-003779,SUP-023,2025-05-18,2025-05-24,2025-05-24,274,274,Closed
PO-002412,SUP-010,2025-05-18,2025-05-22,2025-05-22,256,256,Closed
PO-001567,SUP-006,2025-05-18,2025-05-28,2025-05-27,371,371,Closed
PO-003359,SUP-019,2025-05-18,2025-05-30,2025-05-30,176,162,Closed
PO-003364,SUP-019,2025-05-19,2025-06-01,2025-06-01,248,248,Closed
PO-001285,SUP-005,2025-05-19,2025-05-25,2025-05-25,244,244,Closed
PO-003896,SUP-025,2025-05-19,2025-05-27,2025-05-27,622,622,Closed
PO-003367,SUP-019,2025-05-19,2025-06-02,2025-06-01,287,287,Closed
PO-004037,SUP-030,2025-05-19,2025-05-28,2025-05-28,54,54,Closed
PO-001841,SUP-007,2025-05-19,2025-06-02,2025-06-02,489,489,Closed
PO-003553,SUP-021,2025-05-20,2025-05-30,2025-05-30,718,718,Closed
PO-002935,SUP-015,2025-05-20,2025-05-23,2025-05-23,640,640,Closed
PO-002515,SUP-011,2025-05-20,2025-05-23,2025-05-23,348,348,Closed
PO-004322,SUP-038,2025-05-20,2025-06-01,2025-06-01,509,509,Closed
PO-001564,SUP-006,2025-05-20,2025-05-28,2025-05-28,359,359,Closed
PO-002117,SUP-008,2025-05-20,2025-05-25,2025-05-25,407,407,Closed
PO-001282,SUP-005,2025-05-21,2025-05-27,2025-05-27,178,178,Closed
PO-002110,SUP-008,2025-05-21,2025-05-23,2025-05-23,188,188,Closed
PO-003668,SUP-022,2025-05-21,2025-05-27,2025-05-27,291,291,Closed
PO-003456,SUP-020,2025-05-21,2025-05-23,2025-05-23,137,137,Closed
PO-001566,SUP-006,2025-05-21,2025-05-31,2025-05-31,201,201,Closed
PO-000182,SUP-001,2025-05-21,2025-05-24,2025-05-24,202,202,Closed
PO-003369,SUP-019,2025-05-21,2025-06-02,2025-06-01,165,165,Closed
PO-002731,SUP-013,2025-05-21,2025-05-27,2025-05-27,204,204,Closed
PO-003555,SUP-021,2025-05-21,2025-05-29,2025-05-30,348,348,Closed
PO-001029,SUP-004,2025-05-22,2025-05-30,2025-05-30,225,225,Closed
PO-002629,SUP-012,2025-05-22,2025-05-30,2025-05-30,453,453,Closed
PO-003362,SUP-019,2025-05-22,2025-06-05,2025-06-05,417,417,Closed
PO-002513,SUP-011,2025-05-22,2025-05-26,2025-05-26,218,169,Closed
PO-002730,SUP-013,2025-05-22,2025-05-28,2025-05-28,187,187,Closed
PO-001287,SUP-005,2025-05-22,2025-05-25,2025-05-25,206,206,Closed
PO-000178,SUP-001,2025-05-22,2025-05-25,2025-05-25,192,192,Closed
PO-002409,SUP-010,2025-05-22,2025-05-28,2025-05-28,1105,1105,Closed
PO-002312,SUP-009,2025-05-23,2025-06-01,2025-06-01,392,392,Closed
PO-003158,SUP-017,2025-05-23,2025-06-01,2025-06-01,264,264,Closed
PO-003159,SUP-017,2025-05-23,2025-05-31,2025-05-31,355,355,Closed
PO-004068,SUP-031,2025-05-23,2025-06-03,2025-06-03,274,274,Closed
PO-000528,SUP-002,2025-05-24,2025-05-29,2025-05-28,103,103,Closed
PO-002518,SUP-011,2025-05-24,2025-05-27,2025-05-27,247,247,Closed
PO-003360,SUP-019,2025-05-24,2025-06-05,2025-06-05,95,95,Closed
PO-002115,SUP-008,2025-05-25,2025-05-27,2025-05-27,185,185,Closed
PO-000181,SUP-001,2025-05-25,2025-05-27,2025-05-27,316,316,Closed
PO-004389,SUP-040,2025-05-25,2025-06-02,2025-06-02,415,308,Closed
PO-000189,SUP-001,2025-05-25,2025-05-27,2025-05-27,130,130,Closed
PO-000527,SUP-002,2025-05-26,2025-05-29,2025-05-29,148,148,Closed
PO-000188,SUP-001,2025-05-26,2025-05-28,2025-05-28,459,361,Closed
PO-003050,SUP-016,2025-05-26,2025-06-03,2025-06-03,297,297,Closed
PO-001284,SUP-005,2025-05-26,2025-06-01,2025-06-01,218,218,Closed
PO-003365,SUP-019,2025-05-26,2025-06-09,2025-06-08,136,136,Closed
PO-002630,SUP-012,2025-05-26,2025-06-03,2025-06-03,46,46,Closed
PO-002119,SUP-008,2025-05-26,2025-05-28,2025-05-27,167,167,Closed
PO-001026,SUP-004,2025-05-26,2025-06-03,2025-06-03,271,271,Closed
PO-002109,SUP-008,2025-05-26,2025-05-28,2025-05-28,258,258,Closed
PO-004229,SUP-036,2025-05-26,2025-05-28,2025-05-29,58,55,Closed
PO-003951,SUP-027,2025-05-27,2025-06-04,2025-06-04,95,95,Closed
PO-001563,SUP-006,2025-05-27,2025-06-06,2025-06-06,270,270,Closed
PO-003551,SUP-021,2025-05-27,2025-06-06,2025-06-06,294,294,Closed
PO-003554,SUP-021,2025-05-27,2025-06-03,2025-06-03,1179,1179,Closed
PO-002309,SUP-009,2025-05-28,2025-06-05,2025-06-05,192,192,Closed
PO-003552,SUP-021,2025-05-28,2025-06-07,2025-06-07,336,336,Closed
PO-002824,SUP-014,2025-05-28,2025-06-06,2025-06-06,156,156,Closed
PO-002311,SUP-009,2025-05-28,2025-06-05,2025-06-05,187,187,Closed
PO-001561,SUP-006,2025-05-28,2025-06-07,2025-06-07,349,349,Closed
PO-004226,SUP-036,2025-05-28,2025-06-01,2025-06-01,398,398,Closed
PO-003368,SUP-019,2025-05-28,2025-06-10,2025-06-10,281,281,Closed
PO-000186,SUP-001,2025-05-28,2025-06-01,2025-06-01,296,296,Closed
PO-000532,SUP-002,2025-05-28,2025-06-03,2025-06-03,1549,1549,Closed
PO-002517,SUP-011,2025-05-28,2025-06-02,2025-06-02,323,323,Closed
PO-004197,SUP-035,2025-05-29,2025-06-05,2025-06-05,350,290,Closed
PO-002111,SUP-008,2025-05-29,2025-06-03,2025-06-03,205,205,Closed
PO-003550,SUP-021,2025-05-29,2025-06-08,2025-06-08,250,250,Closed
PO-002410,SUP-010,2025-05-29,2025-06-02,2025-06-02,270,270,Closed
PO-000191,SUP-001,2025-05-29,2025-06-03,2025-06-03,61,61,Closed
PO-001843,SUP-007,2025-05-29,2025-06-12,2025-06-12,527,527,Closed
PO-003157,SUP-017,2025-05-30,2025-06-07,2025-06-07,328,285,Closed
PO-003366,SUP-019,2025-05-30,2025-06-11,2025-06-11,130,130,Closed
PO-001840,SUP-007,2025-05-30,2025-06-10,2025-06-10,453,453,Closed
PO-003156,SUP-017,2025-05-31,2025-06-10,2025-06-10,209,209,Closed
PO-003358,SUP-019,2025-05-31,2025-06-13,2025-06-13,1219,1219,Closed
PO-003458,SUP-020,2025-05-31,2025-06-04,2025-06-04,250,250,Closed
PO-004275,SUP-037,2025-05-31,2025-06-04,2025-06-04,164,164,Closed
PO-002308,SUP-009,2025-05-31,2025-06-09,2025-06-08,306,306,Closed
PO-000184,SUP-001,2025-05-31,2025-06-05,2025-06-06,218,218,Closed
PO-002633,SUP-012,2025-06-01,2025-06-11,2025-06-11,212,212,Closed
PO-001579,SUP-006,2025-06-01,2025-06-11,2025-06-11,306,306,Closed
PO-002414,SUP-010,2025-06-01,2025-06-06,2025-06-06,761,761,Closed
PO-003164,SUP-017,2025-06-02,2025-06-11,2025-06-11,188,188,Closed
PO-003558,SUP-021,2025-06-02,2025-06-12,2025-06-12,505,505,Closed
PO-003052,SUP-016,2025-06-02,2025-06-10,2025-06-10,453,453,Closed
PO-002120,SUP-008,2025-06-02,2025-06-05,2025-06-05,366,366,Closed
PO-001576,SUP-006,2025-06-02,2025-06-10,2025-06-09,445,445,Closed
PO-001574,SUP-006,2025-06-02,2025-06-11,2025-06-11,118,118,Closed
PO-002127,SUP-008,2025-06-03,2025-06-08,2025-06-08,296,296,Closed
PO-000554,SUP-002,2025-06-03,2025-06-06,2025-06-06,853,853,Closed
PO-002126,SUP-008,2025-06-03,2025-06-05,2025-06-04,573,573,Closed
PO-003161,SUP-017,2025-06-03,2025-06-10,2025-06-10,130,130,Closed
PO-002523,SUP-011,2025-06-03,2025-06-07,2025-06-06,143,143,Closed
PO-000538,SUP-002,2025-06-04,2025-06-09,2025-06-09,421,421,Closed
PO-000197,SUP-001,2025-06-04,2025-06-07,2025-06-07,300,300,Closed
PO-001850,SUP-007,2025-06-04,2025-06-16,2025-06-16,233,233,Closed
PO-002830,SUP-014,2025-06-04,2025-06-13,2025-06-12,209,209,Closed
PO-000546,SUP-002,2025-06-04,2025-06-08,2025-06-08,182,182,Closed
PO-000200,SUP-001,2025-06-05,2025-06-10,2025-06-10,123,123,Closed
PO-000536,SUP-002,2025-06-05,2025-06-10,2025-06-10,736,736,Closed
PO-001299,SUP-005,2025-06-05,2025-06-11,2025-06-11,614,614,Closed
PO-004133,SUP-033,2025-06-05,2025-06-15,2025-06-14,112,112,Closed
PO-003163,SUP-017,2025-06-05,2025-06-12,2025-06-12,852,852,Closed
PO-002732,SUP-013,2025-06-06,2025-06-12,2025-06-12,160,160,Closed
PO-000194,SUP-001,2025-06-06,2025-06-11,2025-06-11,534,534,Closed
PO-004277,SUP-037,2025-06-06,2025-06-12,2025-06-12,579,579,Closed
PO-003465,SUP-020,2025-06-06,2025-06-11,2025-06-10,1095,1095,Closed
PO-000550,SUP-002,2025-06-06,2025-06-09,2025-06-08,163,163,Closed
PO-001852,SUP-007,2025-06-06,2025-06-17,2025-06-17,253,253,Closed
PO-000551,SUP-002,2025-06-07,2025-06-12,2025-06-12,507,507,Closed
PO-002940,SUP-015,2025-06-07,2025-06-11,2025-06-11,281,281,Closed
PO-000207,SUP-001,2025-06-07,2025-06-09,2025-06-09,441,441,Closed
PO-003055,SUP-016,2025-06-07,2025-06-15,2025-06-15,612,612,Closed
PO-001038,SUP-004,2025-06-08,2025-06-16,2025-06-16,475,475,Closed
PO-001855,SUP-007,2025-06-08,2025-06-20,2025-06-20,115,80,Closed
PO-000802,SUP-003,2025-06-08,2025-06-15,2025-06-16,276,276,Closed
PO-003898,SUP-025,2025-06-08,2025-06-15,2025-06-15,412,412,Closed
PO-001292,SUP-005,2025-06-08,2025-06-14,2025-06-14,455,455,Closed
PO-004101,SUP-032,2025-06-08,2025-06-13,2025-06-14,186,186,Closed
PO-002521,SUP-011,2025-06-08,2025-06-10,2025-06-10,659,659,Closed
PO-000203,SUP-001,2025-06-08,2025-06-11,2025-06-11,101,101,Closed
PO-001031,SUP-004,2025-06-09,2025-06-15,2025-06-15,94,94,Closed
PO-002314,SUP-009,2025-06-09,2025-06-16,2025-06-16,96,96,Closed
PO-004071,SUP-031,2025-06-09,2025-06-21,2025-06-21,301,301,Closed
PO-001295,SUP-005,2025-06-09,2025-06-14,2025-06-16,197,197,Closed
PO-001572,SUP-006,2025-06-09,2025-06-19,2025-06-19,161,161,Closed
PO-001578,SUP-006,2025-06-09,2025-06-19,2025-06-19,171,171,Closed
PO-002634,SUP-012,2025-06-09,2025-06-18,2025-06-22,737,737,Closed
PO-003859,SUP-024,2025-06-09,2025-06-11,2025-06-14,204,204,Closed
PO-000199,SUP-001,2025-06-09,2025-06-14,2025-06-13,127,127,Closed
PO-001847,SUP-007,2025-06-09,2025-06-21,2025-06-21,620,620,Closed
PO-003464,SUP-020,2025-06-10,2025-06-12,2025-06-12,250,250,Closed
PO-000196,SUP-001,2025-06-10,2025-06-15,2025-06-15,234,234,Closed
PO-003168,SUP-017,2025-06-10,2025-06-19,2025-06-18,148,148,Closed
PO-000192,SUP-001,2025-06-10,2025-06-14,2025-06-14,311,311,Closed
PO-000800,SUP-003,2025-06-10,2025-06-17,2025-06-17,509,509,Closed
PO-004006,SUP-029,2025-06-10,2025-06-20,2025-06-20,237,237,Closed
PO-002121,SUP-008,2025-06-10,2025-06-13,2025-06-13,149,149,Closed
PO-000198,SUP-001,2025-06-10,2025-06-13,2025-06-13,748,748,Closed
PO-002524,SUP-011,2025-06-11,2025-06-15,2025-06-15,265,265,Closed
PO-004132,SUP-033,2025-06-11,2025-06-21,2025-06-21,41,41,Closed
PO-003670,SUP-022,2025-06-11,2025-06-19,2025-06-18,264,264,Closed
PO-002938,SUP-015,2025-06-12,2025-06-17,2025-06-17,265,265,Closed
PO-003785,SUP-023,2025-06-12,2025-06-17,2025-06-17,381,381,Closed
PO-002128,SUP-008,2025-06-12,2025-06-17,2025-06-16,247,247,Closed
PO-003374,SUP-019,2025-06-12,2025-06-24,2025-06-24,304,304,Closed
PO-003162,SUP-017,2025-06-12,2025-06-21,2025-06-21,383,383,Closed
PO-003053,SUP-016,2025-06-12,2025-06-21,2025-06-21,92,92,Closed
PO-003167,SUP-017,2025-06-12,2025-06-20,2025-06-20,251,251,Closed
PO-002124,SUP-008,2025-06-12,2025-06-17,2025-06-17,242,242,Closed
PO-003267,SUP-018,2025-06-13,2025-06-19,2025-06-19,253,253,Closed
PO-000535,SUP-002,2025-06-13,2025-06-19,2025-06-19,181,181,Closed
PO-000534,SUP-002,2025-06-13,2025-06-19,2025-06-19,582,582,Closed
PO-001291,SUP-005,2025-06-13,2025-06-18,2025-06-18,124,124,Closed
PO-003375,SUP-019,2025-06-13,2025-06-26,2025-06-27,300,300,Closed
PO-002122,SUP-008,2025-06-14,2025-06-17,2025-06-17,92,92,Closed
PO-000804,SUP-003,2025-06-14,2025-06-24,2025-06-24,174,174,Closed
PO-003673,SUP-022,2025-06-14,2025-06-22,2025-06-22,328,328,Closed
PO-003784,SUP-023,2025-06-14,2025-06-18,2025-06-18,516,516,Closed
PO-000201,SUP-001,2025-06-14,2025-06-19,2025-06-19,680,680,Closed
PO-000195,SUP-001,2025-06-14,2025-06-18,2025-06-18,185,185,Closed
PO-002939,SUP-015,2025-06-14,2025-06-17,2025-06-21,445,445,Closed
PO-003672,SUP-022,2025-06-15,2025-06-23,2025-06-24,259,225,Closed
PO-003266,SUP-018,2025-06-15,2025-06-18,2025-06-20,396,396,Closed
PO-002828,SUP-014,2025-06-15,2025-06-25,2025-06-25,707,623,Closed
PO-000539,SUP-002,2025-06-15,2025-06-19,2025-06-19,386,386,Closed
PO-004324,SUP-038,2025-06-15,2025-06-29,2025-06-29,1578,1578,Closed
PO-000806,SUP-003,2025-06-16,2025-06-24,2025-06-24,778,778,Closed
PO-003268,SUP-018,2025-06-16,2025-06-19,2025-06-19,137,137,Closed
PO-004039,SUP-030,2025-06-16,2025-06-23,2025-06-23,387,387,Closed
PO-002413,SUP-010,2025-06-16,2025-06-22,2025-06-21,342,342,Closed
PO-001848,SUP-007,2025-06-17,2025-06-30,2025-07-02,528,528,Closed
PO-002733,SUP-013,2025-06-17,2025-06-23,2025-06-23,827,827,Closed
PO-004278,SUP-037,2025-06-17,2025-06-20,2025-06-21,73,73,Closed
PO-003984,SUP-028,2025-06-17,2025-06-22,2025-06-21,563,563,Closed
PO-003370,SUP-019,2025-06-17,2025-07-01,2025-07-01,203,144,Closed
PO-001573,SUP-006,2025-06-17,2025-06-26,2025-06-26,261,261,Closed
PO-000193,SUP-001,2025-06-17,2025-06-19,2025-06-19,539,539,Closed
PO-001033,SUP-004,2025-06-18,2025-06-27,2025-06-26,269,269,Closed
PO-003786,SUP-023,2025-06-18,2025-06-21,2025-06-20,192,192,Closed
PO-003897,SUP-025,2025-06-18,2025-06-25,2025-06-25,122,122,Closed
PO-000204,SUP-001,2025-06-18,2025-06-20,2025-06-20,272,272,Closed
PO-004323,SUP-038,2025-06-18,2025-06-30,2025-06-30,312,312,Closed
PO-002635,SUP-012,2025-06-18,2025-06-25,2025-06-25,276,276,Closed
PO-002638,SUP-012,2025-06-18,2025-06-28,2025-06-28,214,214,Closed
PO-000549,SUP-002,2025-06-19,2025-06-25,2025-06-25,1054,1054,Closed
PO-001851,SUP-007,2025-06-19,2025-07-03,2025-07-03,113,113,Closed
PO-002831,SUP-014,2025-06-19,2025-06-26,2025-06-25,99,99,Closed
PO-003372,SUP-019,2025-06-19,2025-07-01,2025-07-01,181,181,Closed
PO-001854,SUP-007,2025-06-19,2025-07-01,2025-07-01,639,639,Closed
PO-001296,SUP-005,2025-06-19,2025-06-25,2025-06-25,345,345,Closed
PO-003371,SUP-019,2025-06-20,2025-07-01,2025-07-01,496,350,Closed
PO-003463,SUP-020,2025-06-20,2025-06-25,2025-06-25,1413,1413,Closed
PO-000543,SUP-002,2025-06-20,2025-06-26,2025-06-26,298,298,Closed
PO-000542,SUP-002,2025-06-20,2025-06-24,2025-06-24,457,457,Closed
PO-002636,SUP-012,2025-06-20,2025-06-30,2025-06-30,123,123,Closed
PO-000801,SUP-003,2025-06-20,2025-06-30,2025-06-30,639,639,Closed
PO-000206,SUP-001,2025-06-21,2025-06-25,2025-06-25,596,596,Closed
PO-003560,SUP-021,2025-06-21,2025-06-29,2025-06-30,161,161,Closed
PO-000803,SUP-003,2025-06-21,2025-06-30,2025-06-30,159,159,Closed
PO-000545,SUP-002,2025-06-21,2025-06-27,2025-06-27,115,115,Closed
PO-000805,SUP-003,2025-06-21,2025-06-30,2025-06-30,74,74,Closed
PO-001293,SUP-005,2025-06-21,2025-06-24,2025-06-24,190,190,Closed
PO-002522,SUP-011,2025-06-22,2025-06-27,2025-06-28,235,184,Closed
PO-002937,SUP-015,2025-06-22,2025-06-27,2025-06-27,645,645,Closed
PO-001035,SUP-004,2025-06-22,2025-07-01,2025-07-01,235,235,Closed
PO-002637,SUP-012,2025-06-22,2025-07-01,2025-07-01,823,823,Closed
PO-000540,SUP-002,2025-06-22,2025-06-28,2025-06-28,168,168,Closed
PO-003462,SUP-020,2025-06-22,2025-06-27,2025-06-27,135,135,Closed
PO-004390,SUP-040,2025-06-22,2025-06-28,2025-06-28,200,200,Closed
PO-001036,SUP-004,2025-06-23,2025-07-01,2025-07-01,403,403,Closed
PO-003169,SUP-017,2025-06-23,2025-07-01,2025-07-01,320,320,Closed
PO-000553,SUP-002,2025-06-23,2025-06-26,2025-06-26,40,40,Closed
PO-003054,SUP-016,2025-06-23,2025-07-01,2025-07-02,386,294,Closed
PO-001849,SUP-007,2025-06-23,2025-07-04,2025-07-04,409,409,Closed
PO-000808,SUP-003,2025-06-24,2025-07-03,2025-07-03,343,343,Closed
PO-002315,SUP-009,2025-06-24,2025-07-01,2025-07-01,333,333,Closed
PO-000544,SUP-002,2025-06-24,2025-06-29,2025-06-29,253,253,Closed
PO-001577,SUP-006,2025-06-24,2025-07-03,2025-07-03,238,238,Closed
PO-001570,SUP-006,2025-06-24,2025-07-01,2025-07-01,122,122,Closed
PO-002734,SUP-013,2025-06-24,2025-07-03,2025-07-03,259,259,Closed
PO-000205,SUP-001,2025-06-24,2025-06-28,2025-06-28,258,258,Closed
PO-002123,SUP-008,2025-06-25,2025-06-30,2025-06-30,103,103,Closed
PO-002829,SUP-014,2025-06-25,2025-07-02,2025-07-02,420,420,Closed
PO-001575,SUP-006,2025-06-25,2025-07-03,2025-07-05,415,415,Closed
PO-001294,SUP-005,2025-06-25,2025-06-30,2025-06-30,783,783,Closed
PO-003952,SUP-027,2025-06-26,2025-07-05,2025-07-05,445,357,Closed
PO-001290,SUP-005,2025-06-26,2025-07-02,2025-07-02,606,606,Closed
PO-001034,SUP-004,2025-06-26,2025-07-03,2025-07-03,164,164,Closed
PO-002313,SUP-009,2025-06-27,2025-07-04,2025-07-04,184,184,Closed
PO-002936,SUP-015,2025-06-27,2025-07-02,2025-07-02,167,167,Closed
PO-001288,SUP-005,2025-06-27,2025-07-01,2025-07-01,388,388,Closed
PO-002525,SUP-011,2025-06-27,2025-06-30,2025-06-30,391,391,Closed
PO-000537,SUP-002,2025-06-27,2025-06-30,2025-06-30,259,259,Closed
PO-004005,SUP-029,2025-06-27,2025-07-06,2025-07-06,691,691,Closed
PO-000202,SUP-001,2025-06-27,2025-07-02,2025-07-01,243,243,Closed
PO-000533,SUP-002,2025-06-27,2025-07-02,2025-07-02,398,398,Closed
PO-000552,SUP-002,2025-06-27,2025-07-02,2025-07-02,160,160,Closed
PO-000541,SUP-002,2025-06-28,2025-07-01,2025-07-02,185,185,Closed
PO-004070,SUP-031,2025-06-28,2025-07-10,2025-07-09,133,133,Closed
PO-002639,SUP-012,2025-06-28,2025-07-07,2025-07-06,481,481,Closed
PO-000807,SUP-003,2025-06-28,2025-07-07,2025-07-07,143,143,Closed
PO-001032,SUP-004,2025-06-28,2025-07-07,2025-07-07,168,168,Closed
PO-000799,SUP-003,2025-06-28,2025-07-07,2025-07-06,166,166,Closed
PO-001298,SUP-005,2025-06-28,2025-07-01,2025-07-01,247,247,Closed
PO-000208,SUP-001,2025-06-28,2025-07-03,2025-07-03,765,765,Closed
PO-003559,SUP-021,2025-06-29,2025-07-09,2025-07-09,400,400,Closed
PO-003166,SUP-017,2025-06-29,2025-07-09,2025-07-09,283,283,Closed
PO-004276,SUP-037,2025-06-29,2025-07-02,2025-07-01,670,670,Closed
PO-000548,SUP-002,2025-06-29,2025-07-04,2025-07-04,192,192,Closed
PO-001289,SUP-005,2025-06-29,2025-07-03,2025-07-03,576,576,Closed
PO-003985,SUP-028,2025-06-29,2025-07-03,2025-07-03,160,160,Closed
PO-002125,SUP-008,2025-06-29,2025-07-03,2025-07-03,103,103,Closed
PO-004038,SUP-030,2025-06-29,2025-07-07,2025-07-07,146,146,Closed
PO-003373,SUP-019,2025-06-29,2025-07-13,2025-07-13,998,998,Closed
PO-001037,SUP-004,2025-06-29,2025-07-07,2025-07-07,399,340,Closed
PO-003671,SUP-022,2025-06-29,2025-07-07,2025-07-07,123,123,Closed
PO-000547,SUP-002,2025-06-30,2025-07-03,2025-07-03,278,278,Closed
PO-001853,SUP-007,2025-06-30,2025-07-11,2025-07-11,64,64,Closed
PO-001039,SUP-004,2025-06-30,2025-07-08,2025-07-08,193,193,Closed
PO-003165,SUP-017,2025-06-30,2025-07-07,2025-07-07,613,613,Closed
PO-001297,SUP-005,2025-06-30,2025-07-05,2025-07-04,278,278,Closed
PO-001571,SUP-006,2025-06-30,2025-07-07,2025-07-07,186,186,Closed
PO-001583,SUP-006,2025-07-01,2025-07-10,2025-07-10,371,371,Closed
PO-001300,SUP-005,2025-07-01,2025-07-07,2025-07-07,357,300,Closed
PO-003860,SUP-024,2025-07-01,2025-07-04,2025-07-04,397,397,Closed
PO-003273,SUP-018,2025-07-02,2025-07-07,2025-07-07,189,189,Closed
PO-003272,SUP-018,2025-07-02,2025-07-07,2025-07-08,317,317,Closed
PO-003056,SUP-016,2025-07-02,2025-07-11,2025-07-11,94,94,Closed
PO-003862,SUP-024,2025-07-02,2025-07-04,2025-07-04,152,152,Closed
PO-003175,SUP-017,2025-07-02,2025-07-10,2025-07-11,155,155,Closed
PO-001585,SUP-006,2025-07-02,2025-07-12,2025-07-12,395,395,Closed
PO-000813,SUP-003,2025-07-02,2025-07-10,2025-07-10,284,284,Closed
PO-001042,SUP-004,2025-07-03,2025-07-12,2025-07-11,135,135,Closed
PO-001310,SUP-005,2025-07-03,2025-07-07,2025-07-07,471,471,Closed
PO-001865,SUP-007,2025-07-03,2025-07-14,2025-07-13,302,302,Closed
PO-001858,SUP-007,2025-07-03,2025-07-14,2025-07-14,225,225,Closed
PO-002526,SUP-011,2025-07-03,2025-07-05,2025-07-04,215,215,Closed
PO-003379,SUP-019,2025-07-03,2025-07-15,2025-07-14,382,289,Closed
PO-000568,SUP-002,2025-07-03,2025-07-08,2025-07-08,1410,1410,Closed
PO-003380,SUP-019,2025-07-03,2025-07-17,2025-07-17,148,148,Closed
PO-002832,SUP-014,2025-07-03,2025-07-12,2025-07-14,127,127,Closed
PO-001051,SUP-004,2025-07-04,2025-07-10,2025-07-10,262,262,Closed
PO-000811,SUP-003,2025-07-04,2025-07-14,2025-07-14,202,202,Closed
PO-001046,SUP-004,2025-07-04,2025-07-12,2025-07-12,304,304,Closed
PO-001307,SUP-005,2025-07-04,2025-07-09,2025-07-08,426,426,Closed
PO-002318,SUP-009,2025-07-04,2025-07-14,2025-07-14,150,150,Closed
PO-004393,SUP-040,2025-07-04,2025-07-10,2025-07-10,302,302,Closed
PO-003791,SUP-023,2025-07-04,2025-07-08,2025-07-08,240,240,Closed
PO-002130,SUP-008,2025-07-05,2025-07-10,2025-07-10,95,95,Closed
PO-000812,SUP-003,2025-07-05,2025-07-14,2025-07-14,361,361,Closed
PO-003564,SUP-021,2025-07-05,2025-07-13,2025-07-13,472,409,Closed
PO-003787,SUP-023,2025-07-05,2025-07-09,2025-07-09,538,538,Closed
PO-000566,SUP-002,2025-07-05,2025-07-10,2025-07-09,648,648,Closed
PO-002836,SUP-014,2025-07-05,2025-07-15,2025-07-15,494,494,Closed
PO-004231,SUP-036,2025-07-06,2025-07-09,2025-07-08,230,230,Closed
PO-000565,SUP-002,2025-07-06,2025-07-12,2025-07-12,158,158,Closed
PO-001862,SUP-007,2025-07-06,2025-07-18,2025-07-18,596,596,Closed
PO-000217,SUP-001,2025-07-06,2025-07-11,2025-07-11,100,100,Closed
PO-003057,SUP-016,2025-07-07,2025-07-15,2025-07-15,689,689,Closed
PO-001304,SUP-005,2025-07-07,2025-07-12,2025-07-12,109,109,Closed
PO-004392,SUP-040,2025-07-07,2025-07-16,2025-07-16,113,113,Closed
PO-003270,SUP-018,2025-07-07,2025-07-10,2025-07-10,762,762,Closed
PO-003376,SUP-019,2025-07-08,2025-07-21,2025-07-20,476,476,Closed
PO-003381,SUP-019,2025-07-08,2025-07-22,2025-07-22,212,212,Closed
PO-000810,SUP-003,2025-07-08,2025-07-15,2025-07-15,138,138,Closed
PO-002138,SUP-008,2025-07-08,2025-07-10,2025-07-12,218,218,Closed
PO-003174,SUP-017,2025-07-08,2025-07-16,2025-07-15,325,325,Closed
PO-000819,SUP-003,2025-07-08,2025-07-16,2025-07-16,140,109,Closed
PO-003563,SUP-021,2025-07-09,2025-07-16,2025-07-16,1766,1766,Closed
PO-000818,SUP-003,2025-07-09,2025-07-17,2025-07-17,2245,2245,Closed
PO-004072,SUP-031,2025-07-09,2025-07-22,2025-07-22,84,84,Closed
PO-000209,SUP-001,2025-07-09,2025-07-11,2025-07-10,210,210,Closed
PO-003674,SUP-022,2025-07-09,2025-07-18,2025-07-17,261,261,Closed
PO-002943,SUP-015,2025-07-09,2025-07-13,2025-07-13,49,49,Closed
PO-003927,SUP-026,2025-07-09,2025-07-13,2025-07-17,251,251,Closed
PO-000210,SUP-001,2025-07-09,2025-07-11,2025-07-12,229,200,Closed
PO-002129,SUP-008,2025-07-09,2025-07-11,2025-07-11,218,218,Closed
PO-001864,SUP-007,2025-07-09,2025-07-20,2025-07-20,248,248,Closed
PO-002131,SUP-008,2025-07-10,2025-07-15,2025-07-15,232,232,Closed
PO-003861,SUP-024,2025-07-10,2025-07-13,2025-07-13,133,133,Closed
PO-002137,SUP-008,2025-07-10,2025-07-15,2025-07-15,460,460,Closed
PO-000214,SUP-001,2025-07-10,2025-07-13,2025-07-13,273,273,Closed
PO-000555,SUP-002,2025-07-10,2025-07-16,2025-07-16,363,363,Closed
PO-000562,SUP-002,2025-07-10,2025-07-15,2025-07-15,253,253,Closed
PO-003170,SUP-017,2025-07-10,2025-07-17,2025-07-17,1394,1054,Closed
PO-004281,SUP-037,2025-07-10,2025-07-15,2025-07-15,478,478,Closed
PO-002736,SUP-013,2025-07-11,2025-07-19,2025-07-19,258,258,Closed
PO-002134,SUP-008,2025-07-11,2025-07-13,2025-07-12,627,590,Closed
PO-002834,SUP-014,2025-07-11,2025-07-18,2025-07-18,108,108,Closed
PO-001591,SUP-006,2025-07-11,2025-07-20,2025-07-20,50,50,Closed
PO-000221,SUP-001,2025-07-11,2025-07-15,2025-07-15,362,362,Closed
PO-001582,SUP-006,2025-07-11,2025-07-19,2025-07-19,109,109,Closed
PO-002735,SUP-013,2025-07-11,2025-07-19,2025-07-19,363,363,Closed
PO-002527,SUP-011,2025-07-11,2025-07-15,2025-07-15,188,188,Closed
PO-003269,SUP-018,2025-07-11,2025-07-16,2025-07-16,471,471,Closed
PO-001581,SUP-006,2025-07-11,2025-07-19,2025-07-19,388,388,Closed
PO-001590,SUP-006,2025-07-12,2025-07-21,2025-07-21,319,319,Closed
PO-003561,SUP-021,2025-07-12,2025-07-20,2025-07-20,177,177,Closed
PO-003792,SUP-023,2025-07-12,2025-07-15,2025-07-15,164,164,Closed
PO-002529,SUP-011,2025-07-12,2025-07-14,2025-07-14,265,265,Closed
PO-001859,SUP-007,2025-07-12,2025-07-25,2025-07-25,888,888,Closed
PO-000559,SUP-002,2025-07-12,2025-07-16,2025-07-16,167,167,Closed
PO-000220,SUP-001,2025-07-12,2025-07-15,2025-07-15,254,254,Closed
PO-000219,SUP-001,2025-07-12,2025-07-17,2025-07-16,209,209,Closed
PO-002416,SUP-010,2025-07-12,2025-07-17,2025-07-17,355,355,Closed
PO-003176,SUP-017,2025-07-13,2025-07-22,2025-07-22,107,107,Closed
PO-000222,SUP-001,2025-07-14,2025-07-18,2025-07-17,268,268,Closed
PO-001311,SUP-005,2025-07-14,2025-07-17,2025-07-18,263,263,Closed
PO-002640,SUP-012,2025-07-14,2025-07-21,2025-07-20,220,220,Closed
PO-001586,SUP-006,2025-07-14,2025-07-21,2025-07-21,117,117,Closed
PO-002133,SUP-008,2025-07-14,2025-07-18,2025-07-18,365,365,Closed
PO-001863,SUP-007,2025-07-15,2025-07-26,2025-07-26,320,320,Closed
PO-000218,SUP-001,2025-07-15,2025-07-19,2025-07-19,135,135,Closed
PO-001040,SUP-004,2025-07-15,2025-07-23,2025-07-23,503,503,Closed
PO-002837,SUP-014,2025-07-15,2025-07-24,2025-07-24,92,92,Closed
PO-001584,SUP-006,2025-07-15,2025-07-24,2025-07-24,440,440,Closed
PO-002321,SUP-009,2025-07-15,2025-07-23,2025-07-23,64,64,Closed
PO-002317,SUP-009,2025-07-16,2025-07-23,2025-07-23,76,76,Closed
PO-003377,SUP-019,2025-07-16,2025-07-29,2025-07-29,256,256,Closed
PO-001306,SUP-005,2025-07-16,2025-07-21,2025-07-21,285,285,Closed
PO-001303,SUP-005,2025-07-16,2025-07-22,2025-07-22,639,639,Closed
PO-001861,SUP-007,2025-07-16,2025-07-27,2025-07-27,115,115,Closed
PO-002833,SUP-014,2025-07-17,2025-07-27,2025-07-27,161,115,Closed
PO-003926,SUP-026,2025-07-17,2025-07-20,2025-07-20,586,586,Closed
PO-001301,SUP-005,2025-07-17,2025-07-20,2025-07-19,936,936,Closed
PO-003953,SUP-027,2025-07-17,2025-07-26,2025-07-25,194,194,Closed
PO-000567,SUP-002,2025-07-17,2025-07-22,2025-07-22,195,195,Closed
PO-001043,SUP-004,2025-07-17,2025-07-25,2025-07-24,184,184,Closed
PO-004073,SUP-031,2025-07-17,2025-07-29,2025-07-29,421,421,Closed
PO-003562,SUP-021,2025-07-17,2025-07-26,2025-07-26,121,121,Closed
PO-004362,SUP-039,2025-07-17,2025-07-20,2025-07-20,243,243,Closed
PO-001588,SUP-006,2025-07-18,2025-07-25,2025-07-25,595,595,Closed
PO-000212,SUP-001,2025-07-18,2025-07-22,2025-07-21,240,240,Closed
PO-002139,SUP-008,2025-07-18,2025-07-22,2025-07-22,141,141,Closed
PO-003382,SUP-019,2025-07-18,2025-07-31,2025-07-31,201,201,Closed
PO-004361,SUP-039,2025-07-19,2025-07-22,2025-07-22,151,109,Closed
PO-000223,SUP-001,2025-07-19,2025-07-24,2025-07-24,245,245,Closed
PO-000213,SUP-001,2025-07-19,2025-07-22,2025-07-22,271,271,Closed
PO-002838,SUP-014,2025-07-19,2025-07-29,2025-07-29,109,97,Closed
PO-000557,SUP-002,2025-07-19,2025-07-23,2025-07-23,292,292,Closed
PO-003173,SUP-017,2025-07-19,2025-07-29,2025-07-29,306,306,Closed
PO-001857,SUP-007,2025-07-19,2025-07-31,2025-07-30,508,508,Closed
PO-003790,SUP-023,2025-07-19,2025-07-22,2025-07-22,283,283,Closed
PO-003789,SUP-023,2025-07-20,2025-07-23,2025-07-23,581,581,Closed
PO-001860,SUP-007,2025-07-20,2025-08-01,2025-08-01,556,556,Closed
PO-001047,SUP-004,2025-07-20,2025-07-29,2025-07-29,673,673,Closed
PO-000817,SUP-003,2025-07-20,2025-07-28,2025-07-28,321,268,Closed
PO-003383,SUP-019,2025-07-20,2025-08-02,2025-08-02,509,509,Closed
PO-001044,SUP-004,2025-07-20,2025-07-29,2025-07-29,448,448,Closed
PO-000561,SUP-002,2025-07-21,2025-07-27,2025-07-27,105,105,Closed
PO-003171,SUP-017,2025-07-21,2025-07-30,2025-07-30,492,492,Closed
PO-002135,SUP-008,2025-07-21,2025-07-23,2025-07-23,289,289,Closed
PO-004230,SUP-036,2025-07-22,2025-07-25,2025-07-25,285,271,Closed
PO-004169,SUP-034,2025-07-22,2025-07-26,2025-07-26,77,77,Closed
PO-003274,SUP-018,2025-07-22,2025-07-26,2025-07-26,79,79,Closed
PO-002136,SUP-008,2025-07-22,2025-07-27,2025-07-27,133,133,Closed
PO-000216,SUP-001,2025-07-22,2025-07-27,2025-07-27,440,440,Closed
PO-002132,SUP-008,2025-07-23,2025-07-25,2025-07-24,223,223,Closed
PO-003378,SUP-019,2025-07-23,2025-08-05,2025-08-05,106,106,Closed
PO-003384,SUP-019,2025-07-23,2025-08-06,2025-08-05,583,583,Closed
PO-001049,SUP-004,2025-07-23,2025-07-31,2025-07-31,423,423,Closed
PO-002143,SUP-008,2025-07-23,2025-07-27,2025-07-27,299,299,Closed
PO-003675,SUP-022,2025-07-23,2025-07-29,2025-07-29,612,612,Closed
PO-002140,SUP-008,2025-07-24,2025-07-28,2025-07-28,68,68,Closed
PO-000211,SUP-001,2025-07-24,2025-07-29,2025-07-29,62,62,Closed
PO-000556,SUP-002,2025-07-24,2025-07-30,2025-07-30,220,220,Closed
PO-000215,SUP-001,2025-07-24,2025-07-26,2025-07-26,556,556,Closed
PO-003467,SUP-020,2025-07-24,2025-07-28,2025-07-28,403,403,Closed
PO-003466,SUP-020,2025-07-24,2025-07-27,2025-07-31,115,115,Closed
PO-000815,SUP-003,2025-07-24,2025-08-01,2025-08-01,272,272,Closed
PO-000816,SUP-003,2025-07-24,2025-07-31,2025-07-30,51,51,Closed
PO-001856,SUP-007,2025-07-25,2025-08-05,2025-08-05,962,962,Closed
PO-001050,SUP-004,2025-07-25,2025-08-03,2025-08-03,371,312,Closed
PO-004074,SUP-031,2025-07-25,2025-08-05,2025-08-05,490,490,Closed
PO-001041,SUP-004,2025-07-25,2025-08-01,2025-08-01,729,729,Closed
PO-004391,SUP-040,2025-07-25,2025-08-02,2025-08-02,517,517,Closed
PO-001048,SUP-004,2025-07-26,2025-08-01,2025-08-01,284,284,Closed
PO-002530,SUP-011,2025-07-26,2025-07-29,2025-07-29,893,893,Closed
PO-003788,SUP-023,2025-07-26,2025-07-29,2025-07-29,536,536,Closed
PO-001587,SUP-006,2025-07-26,2025-08-02,2025-08-01,254,254,Closed
PO-004007,SUP-029,2025-07-26,2025-08-02,2025-08-05,120,112,Closed
PO-000224,SUP-001,2025-07-26,2025-07-29,2025-07-28,1046,1046,Closed
PO-002417,SUP-010,2025-07-26,2025-08-01,2025-08-01,90,90,Closed
PO-000563,SUP-002,2025-07-26,2025-07-31,2025-07-31,197,197,Closed
PO-004280,SUP-037,2025-07-26,2025-07-30,2025-07-30,202,202,Closed
PO-004282,SUP-037,2025-07-26,2025-08-01,2025-08-01,426,426,Closed
PO-001302,SUP-005,2025-07-26,2025-08-01,2025-07-31,420,420,Closed
PO-001305,SUP-005,2025-07-26,2025-07-29,2025-07-29,1296,1296,Closed
PO-000814,SUP-003,2025-07-27,2025-08-06,2025-08-06,237,237,Closed
PO-004201,SUP-035,2025-07-27,2025-08-05,2025-08-05,230,230,Closed
PO-003172,SUP-017,2025-07-27,2025-08-05,2025-08-05,293,293,Closed
PO-003864,SUP-024,2025-07-27,2025-07-29,2025-07-28,988,920,Closed
PO-000564,SUP-002,2025-07-27,2025-07-30,2025-07-30,423,423,Closed
PO-001589,SUP-006,2025-07-27,2025-08-05,2025-08-05,524,524,Closed
PO-000558,SUP-002,2025-07-27,2025-08-02,2025-08-02,334,334,Closed
PO-002528,SUP-011,2025-07-27,2025-07-29,2025-07-29,61,61,Closed
PO-002942,SUP-015,2025-07-28,2025-07-31,2025-07-31,235,235,Closed
PO-002141,SUP-008,2025-07-28,2025-07-30,2025-07-31,93,93,Closed
PO-002737,SUP-013,2025-07-28,2025-08-03,2025-08-03,384,384,Closed
PO-002316,SUP-009,2025-07-28,2025-08-06,2025-08-06,287,287,Closed
PO-004363,SUP-039,2025-07-28,2025-08-02,2025-08-02,289,289,Closed
PO-003271,SUP-018,2025-07-28,2025-07-31,2025-07-31,109,109,Closed
PO-004200,SUP-035,2025-07-29,2025-08-08,2025-08-11,298,298,Closed
PO-002319,SUP-009,2025-07-29,2025-08-07,2025-08-08,155,137,Closed
PO-002941,SUP-015,2025-07-29,2025-08-03,2025-08-03,461,461,Closed
PO-001580,SUP-006,2025-07-29,2025-08-05,2025-08-05,588,588,Closed
PO-000560,SUP-002,2025-07-29,2025-08-01,2025-08-01,264,264,Closed
PO-003863,SUP-024,2025-07-29,2025-07-31,2025-07-31,135,135,Closed
PO-004279,SUP-037,2025-07-29,2025-08-02,2025-08-02,226,226,Closed
PO-003954,SUP-027,2025-07-29,2025-08-08,2025-08-08,194,194,Closed
PO-003177,SUP-017,2025-07-30,2025-08-08,2025-08-08,656,656,Closed
PO-000809,SUP-003,2025-07-30,2025-08-08,2025-08-08,356,356,Closed
PO-002320,SUP-009,2025-07-30,2025-08-08,2025-08-08,287,287,Closed
PO-003468,SUP-020,2025-07-30,2025-08-04,2025-08-04,70,70,Closed
PO-001308,SUP-005,2025-07-31,2025-08-06,2025-08-06,234,234,Closed
PO-004102,SUP-032,2025-07-31,2025-08-05,2025-08-05,1182,1182,Closed
PO-003955,SUP-027,2025-07-31,2025-08-07,2025-08-07,324,324,Closed
PO-002835,SUP-014,2025-07-31,2025-08-07,2025-08-07,339,303,Closed
PO-002142,SUP-008,2025-07-31,2025-08-02,2025-08-02,209,209,Closed
PO-002415,SUP-010,2025-07-31,2025-08-03,2025-08-06,216,216,Closed
PO-001309,SUP-005,2025-07-31,2025-08-06,2025-08-06,192,192,Closed
PO-001045,SUP-004,2025-07-31,2025-08-07,2025-08-06,160,160,Closed
PO-001595,SUP-006,2025-08-01,2025-08-08,2025-08-08,194,180,Closed
PO-000225,SUP-001,2025-08-01,2025-08-03,2025-08-03,192,192,Closed
PO-002840,SUP-014,2025-08-01,2025-08-11,2025-08-11,239,239,Closed
PO-000820,SUP-003,2025-08-01,2025-08-10,2025-08-10,405,405,Closed
PO-002535,SUP-011,2025-08-01,2025-08-05,2025-08-05,181,181,Closed
PO-002642,SUP-012,2025-08-01,2025-08-11,2025-08-11,215,215,Closed
PO-001867,SUP-007,2025-08-01,2025-08-12,2025-08-12,274,274,Closed
PO-002323,SUP-009,2025-08-01,2025-08-08,2025-08-07,288,288,Closed
PO-000574,SUP-002,2025-08-01,2025-08-05,2025-08-05,191,191,Closed
PO-001597,SUP-006,2025-08-01,2025-08-10,2025-08-15,685,685,Closed
PO-000573,SUP-002,2025-08-01,2025-08-07,2025-08-07,150,150,Closed
PO-002149,SUP-008,2025-08-02,2025-08-04,2025-08-04,201,201,Closed
PO-001317,SUP-005,2025-08-02,2025-08-06,2025-08-06,99,78,Closed
PO-003278,SUP-018,2025-08-02,2025-08-07,2025-08-07,320,320,Closed
PO-000576,SUP-002,2025-08-02,2025-08-05,2025-08-05,256,256,Closed
PO-001312,SUP-005,2025-08-03,2025-08-08,2025-08-08,207,207,Closed
PO-000226,SUP-001,2025-08-03,2025-08-05,2025-08-05,164,130,Closed
PO-002643,SUP-012,2025-08-03,2025-08-11,2025-08-11,499,499,Closed
PO-004202,SUP-035,2025-08-03,2025-08-13,2025-08-14,608,608,Closed
PO-002740,SUP-013,2025-08-04,2025-08-10,2025-08-10,118,118,Closed
PO-002533,SUP-011,2025-08-04,2025-08-07,2025-08-07,195,195,Closed
PO-002842,SUP-014,2025-08-04,2025-08-13,2025-08-13,285,285,Closed
PO-002844,SUP-014,2025-08-04,2025-08-14,2025-08-14,763,763,Closed
PO-003679,SUP-022,2025-08-05,2025-08-11,2025-08-12,179,179,Closed
PO-000571,SUP-002,2025-08-05,2025-08-08,2025-08-08,150,150,Closed
PO-000570,SUP-002,2025-08-05,2025-08-09,2025-08-08,240,240,Closed
PO-002531,SUP-011,2025-08-06,2025-08-08,2025-08-09,299,299,Closed
PO-002418,SUP-010,2025-08-06,2025-08-09,2025-08-08,428,428,Closed
PO-001601,SUP-006,2025-08-06,2025-08-15,2025-08-14,547,547,Closed
PO-002145,SUP-008,2025-08-06,2025-08-08,2025-08-08,206,206,Closed
PO-004075,SUP-031,2025-08-06,2025-08-19,2025-08-26,603,603,Closed
PO-002421,SUP-010,2025-08-06,2025-08-11,2025-08-11,461,461,Closed
PO-003567,SUP-021,2025-08-06,2025-08-13,2025-08-13,114,114,Closed
PO-001603,SUP-006,2025-08-06,2025-08-15,2025-08-15,553,553,Closed
PO-002534,SUP-011,2025-08-07,2025-08-11,2025-08-11,199,199,Closed
PO-000229,SUP-001,2025-08-07,2025-08-12,2025-08-12,360,360,Closed
PO-001593,SUP-006,2025-08-07,2025-08-17,2025-08-17,187,187,Closed
PO-002532,SUP-011,2025-08-07,2025-08-10,2025-08-10,258,258,Closed
PO-001061,SUP-004,2025-08-07,2025-08-16,2025-08-15,302,302,Closed
PO-004232,SUP-036,2025-08-07,2025-08-09,2025-08-09,411,411,Closed
PO-001056,SUP-004,2025-08-08,2025-08-16,2025-08-16,360,360,Closed
PO-002152,SUP-008,2025-08-08,2025-08-12,2025-08-12,239,239,Closed
PO-003793,SUP-023,2025-08-08,2025-08-12,2025-08-12,209,209,Closed
PO-003276,SUP-018,2025-08-08,2025-08-13,2025-08-12,185,185,Closed
PO-003900,SUP-025,2025-08-08,2025-08-15,2025-08-15,181,181,Closed
PO-004103,SUP-032,2025-08-08,2025-08-12,2025-08-12,56,53,Closed
PO-003182,SUP-017,2025-08-08,2025-08-15,2025-08-15,532,532,Closed
PO-002537,SUP-011,2025-08-09,2025-08-14,2025-08-14,305,305,Closed
PO-002839,SUP-014,2025-08-09,2025-08-16,2025-08-16,672,672,Closed
PO-000232,SUP-001,2025-08-09,2025-08-14,2025-08-14,155,155,Closed
PO-001062,SUP-004,2025-08-10,2025-08-16,2025-08-16,283,283,Closed
PO-000572,SUP-002,2025-08-10,2025-08-15,2025-08-15,347,347,Closed
PO-001060,SUP-004,2025-08-10,2025-08-19,2025-08-18,354,354,Closed
PO-002744,SUP-013,2025-08-10,2025-08-19,2025-08-20,317,317,Closed
PO-003385,SUP-019,2025-08-11,2025-08-22,2025-08-23,537,537,Closed
PO-000227,SUP-001,2025-08-11,2025-08-14,2025-08-14,237,237,Closed
PO-004134,SUP-033,2025-08-11,2025-08-18,2025-08-18,693,693,Closed
PO-004284,SUP-037,2025-08-11,2025-08-16,2025-08-16,247,247,Closed
PO-001605,SUP-006,2025-08-11,2025-08-20,2025-08-21,627,627,Closed
PO-000828,SUP-003,2025-08-12,2025-08-21,2025-08-21,57,57,Closed
PO-000236,SUP-001,2025-08-12,2025-08-15,2025-08-15,174,174,Closed
PO-003059,SUP-016,2025-08-12,2025-08-20,2025-08-24,301,301,Closed
PO-001316,SUP-005,2025-08-12,2025-08-16,2025-08-16,229,229,Closed
PO-002742,SUP-013,2025-08-13,2025-08-22,2025-08-22,274,274,Closed
PO-002422,SUP-010,2025-08-13,2025-08-19,2025-08-19,294,207,Closed
PO-003279,SUP-018,2025-08-13,2025-08-19,2025-08-20,188,188,Closed
PO-003956,SUP-027,2025-08-13,2025-08-20,2025-08-23,105,105,Closed
PO-001313,SUP-005,2025-08-13,2025-08-17,2025-08-17,699,699,Closed
PO-002146,SUP-008,2025-08-13,2025-08-15,2025-08-15,356,356,Closed
PO-003061,SUP-016,2025-08-13,2025-08-22,2025-08-21,184,184,Closed
PO-003058,SUP-016,2025-08-13,2025-08-21,2025-08-20,368,368,Closed
PO-001594,SUP-006,2025-08-14,2025-08-24,2025-08-23,295,295,Closed
PO-002641,SUP-012,2025-08-14,2025-08-21,2025-08-21,126,126,Closed
PO-001059,SUP-004,2025-08-14,2025-08-23,2025-08-23,255,255,Closed
PO-000230,SUP-001,2025-08-14,2025-08-16,2025-08-16,180,180,Closed
PO-003180,SUP-017,2025-08-15,2025-08-22,2025-08-24,216,216,Closed
PO-003470,SUP-020,2025-08-15,2025-08-20,2025-08-20,971,971,Closed
PO-000569,SUP-002,2025-08-15,2025-08-19,2025-08-19,64,64,Closed
PO-000821,SUP-003,2025-08-15,2025-08-22,2025-08-22,227,227,Closed
PO-003060,SUP-016,2025-08-15,2025-08-23,2025-08-23,65,46,Closed
PO-003680,SUP-022,2025-08-16,2025-08-23,2025-08-23,1299,1299,Closed
PO-001872,SUP-007,2025-08-16,2025-08-27,2025-08-28,107,107,Closed
PO-004009,SUP-029,2025-08-17,2025-08-27,2025-08-27,110,110,Closed
PO-004364,SUP-039,2025-08-17,2025-08-19,2025-08-18,91,91,Closed
PO-001869,SUP-007,2025-08-17,2025-08-31,2025-08-31,206,206,Closed
PO-001868,SUP-007,2025-08-17,2025-08-30,2025-08-30,354,354,Closed
PO-002841,SUP-014,2025-08-18,2025-08-26,2025-08-26,315,315,Closed
PO-004008,SUP-029,2025-08-18,2025-08-27,2025-08-27,687,687,Closed
PO-004394,SUP-040,2025-08-18,2025-08-25,2025-08-25,310,310,Closed
PO-001592,SUP-006,2025-08-18,2025-08-26,2025-08-26,498,498,Closed
PO-000823,SUP-003,2025-08-18,2025-08-28,2025-08-28,235,235,Closed
PO-000234,SUP-001,2025-08-18,2025-08-21,2025-08-21,283,283,Closed
PO-002536,SUP-011,2025-08-18,2025-08-23,2025-08-23,569,569,Closed
PO-001320,SUP-005,2025-08-18,2025-08-23,2025-08-23,184,184,Closed
PO-004136,SUP-033,2025-08-19,2025-08-26,2025-08-26,510,510,Closed
PO-000826,SUP-003,2025-08-19,2025-08-26,2025-08-26,532,532,Closed
PO-001596,SUP-006,2025-08-19,2025-08-27,2025-08-27,156,156,Closed
PO-001057,SUP-004,2025-08-19,2025-08-28,2025-08-27,386,386,Closed
PO-001321,SUP-005,2025-08-19,2025-08-23,2025-08-23,182,182,Closed
PO-003566,SUP-021,2025-08-19,2025-08-27,2025-08-27,209,209,Closed
PO-003565,SUP-021,2025-08-19,2025-08-29,2025-08-29,147,147,Closed
PO-004325,SUP-038,2025-08-19,2025-08-30,2025-08-29,232,232,Closed
PO-001055,SUP-004,2025-08-20,2025-08-26,2025-08-26,321,321,Closed
PO-002419,SUP-010,2025-08-20,2025-08-26,2025-08-25,185,185,Closed
PO-002150,SUP-008,2025-08-20,2025-08-25,2025-08-24,248,248,Closed
PO-002151,SUP-008,2025-08-20,2025-08-23,2025-08-23,688,688,Closed
PO-002147,SUP-008,2025-08-20,2025-08-22,2025-08-22,189,189,Closed
PO-001873,SUP-007,2025-08-21,2025-09-01,2025-09-01,105,105,Closed
PO-002538,SUP-011,2025-08-21,2025-08-24,2025-08-24,250,238,Closed
PO-000825,SUP-003,2025-08-21,2025-08-29,2025-08-29,346,346,Closed
PO-002944,SUP-015,2025-08-21,2025-08-24,2025-08-24,102,72,Closed
PO-000233,SUP-001,2025-08-21,2025-08-24,2025-08-23,661,661,Closed
PO-000228,SUP-001,2025-08-22,2025-08-24,2025-08-23,55,55,Closed
PO-001052,SUP-004,2025-08-22,2025-08-29,2025-08-29,350,350,Closed
PO-001871,SUP-007,2025-08-22,2025-09-03,2025-09-03,368,368,Closed
PO-000824,SUP-003,2025-08-22,2025-08-29,2025-08-28,159,159,Closed
PO-001866,SUP-007,2025-08-22,2025-09-02,2025-09-02,75,75,Closed
PO-000577,SUP-002,2025-08-23,2025-08-29,2025-08-29,168,168,Closed
PO-001315,SUP-005,2025-08-23,2025-08-29,2025-08-29,178,178,Closed
PO-003676,SUP-022,2025-08-24,2025-09-02,2025-09-03,272,272,Closed
PO-001602,SUP-006,2025-08-24,2025-09-02,2025-09-02,142,142,Closed
PO-001599,SUP-006,2025-08-24,2025-08-31,2025-08-31,463,463,Closed
PO-003277,SUP-018,2025-08-24,2025-08-28,2025-08-28,145,145,Closed
PO-001314,SUP-005,2025-08-24,2025-08-30,2025-08-30,131,131,Closed
PO-001606,SUP-006,2025-08-24,2025-09-01,2025-08-31,335,335,Closed
PO-003678,SUP-022,2025-08-25,2025-08-31,2025-08-31,434,434,Closed
PO-000235,SUP-001,2025-08-25,2025-08-30,2025-08-30,532,532,Closed
PO-002739,SUP-013,2025-08-25,2025-09-01,2025-09-01,268,268,Closed
PO-002945,SUP-015,2025-08-25,2025-08-29,2025-09-01,457,457,Closed
PO-004285,SUP-037,2025-08-26,2025-08-30,2025-09-02,144,144,Closed
PO-001318,SUP-005,2025-08-26,2025-08-30,2025-08-29,230,230,Closed
PO-003178,SUP-017,2025-08-26,2025-09-02,2025-09-02,59,59,Closed
PO-002743,SUP-013,2025-08-26,2025-09-03,2025-09-03,174,174,Closed
PO-004040,SUP-030,2025-08-26,2025-09-01,2025-09-01,334,334,Closed
PO-001058,SUP-004,2025-08-26,2025-09-01,2025-09-01,495,495,Closed
PO-002420,SUP-010,2025-08-27,2025-08-31,2025-09-01,305,305,Closed
PO-001054,SUP-004,2025-08-27,2025-09-02,2025-09-02,242,242,Closed
PO-002946,SUP-015,2025-08-27,2025-08-30,2025-08-30,1020,1020,Closed
PO-002741,SUP-013,2025-08-27,2025-09-04,2025-09-04,202,202,Closed
PO-001604,SUP-006,2025-08-27,2025-09-04,2025-09-04,623,623,Closed
PO-003181,SUP-017,2025-08-27,2025-09-04,2025-09-03,76,76,Closed
PO-002843,SUP-014,2025-08-27,2025-09-06,2025-09-05,1064,858,Closed
PO-004283,SUP-037,2025-08-27,2025-09-01,2025-09-01,455,455,Closed
PO-003677,SUP-022,2025-08-28,2025-09-06,2025-09-06,234,234,Closed
PO-000829,SUP-003,2025-08-28,2025-09-06,2025-09-06,1055,1055,Closed
PO-004135,SUP-033,2025-08-28,2025-09-04,2025-09-04,358,358,Closed
PO-002144,SUP-008,2025-08-28,2025-09-02,2025-09-02,59,59,Closed
PO-002154,SUP-008,2025-08-29,2025-09-02,2025-09-02,675,675,Closed
PO-000231,SUP-001,2025-08-29,2025-09-03,2025-09-03,118,118,Closed
PO-003275,SUP-018,2025-08-29,2025-09-04,2025-09-04,694,694,Closed
PO-002148,SUP-008,2025-08-29,2025-09-03,2025-09-03,369,330,Closed
PO-000827,SUP-003,2025-08-29,2025-09-06,2025-09-05,91,91,Closed
PO-004203,SUP-035,2025-08-29,2025-09-05,2025-09-05,573,573,Closed
PO-000822,SUP-003,2025-08-29,2025-09-06,2025-09-06,182,168,Closed
PO-001319,SUP-005,2025-08-30,2025-09-04,2025-09-04,293,293,Closed
PO-002153,SUP-008,2025-08-30,2025-09-03,2025-09-03,86,86,Closed
PO-002738,SUP-013,2025-08-30,2025-09-08,2025-09-08,752,752,Closed
PO-001600,SUP-006,2025-08-30,2025-09-06,2025-09-06,420,420,Closed
PO-001870,SUP-007,2025-08-30,2025-09-10,2025-09-10,168,168,Closed
PO-003179,SUP-017,2025-08-30,2025-09-06,2025-09-06,307,307,Closed
PO-002322,SUP-009,2025-08-31,2025-09-08,2025-09-08,141,141,Closed
PO-001598,SUP-006,2025-08-31,2025-09-09,2025-09-09,379,379,Closed
PO-003899,SUP-025,2025-08-31,2025-09-07,2025-09-07,178,178,Closed
PO-003183,SUP-017,2025-08-31,2025-09-07,2025-09-07,838,838,Closed
PO-001053,SUP-004,2025-08-31,2025-09-08,2025-09-08,897,897,Closed
PO-000575,SUP-002,2025-08-31,2025-09-04,2025-09-04,503,503,Closed
PO-001063,SUP-004,2025-08-31,2025-09-07,2025-09-07,338,338,Closed
PO-003986,SUP-028,2025-08-31,2025-09-03,2025-09-04,295,295,Closed
PO-003469,SUP-020,2025-08-31,2025-09-03,2025-09-03,125,125,Closed
PO-001608,SUP-006,2025-09-01,2025-09-10,2025-09-10,718,718,Closed
PO-001877,SUP-007,2025-09-01,2025-09-14,2025-09-14,132,132,Closed
PO-001068,SUP-004,2025-09-01,2025-09-07,2025-09-07,40,40,Closed
PO-002949,SUP-015,2025-09-01,2025-09-04,2025-09-05,404,404,Closed
PO-000584,SUP-002,2025-09-02,2025-09-05,2025-09-06,409,409,Closed
PO-003064,SUP-016,2025-09-02,2025-09-10,2025-09-10,351,351,Closed
PO-002850,SUP-014,2025-09-02,2025-09-09,2025-09-09,757,757,Closed
PO-001878,SUP-007,2025-09-02,2025-09-16,2025-09-16,401,401,Closed
PO-002950,SUP-015,2025-09-02,2025-09-06,2025-09-05,315,315,Closed
PO-000580,SUP-002,2025-09-02,2025-09-07,2025-09-07,148,127,Closed
PO-001064,SUP-004,2025-09-02,2025-09-11,2025-09-11,232,232,Closed
PO-001330,SUP-005,2025-09-02,2025-09-06,2025-09-06,342,285,Closed
PO-003184,SUP-017,2025-09-02,2025-09-10,2025-09-10,166,166,Closed
PO-002425,SUP-010,2025-09-02,2025-09-05,2025-09-05,804,804,Closed
PO-002747,SUP-013,2025-09-03,2025-09-10,2025-09-10,97,97,Closed
PO-003280,SUP-018,2025-09-03,2025-09-08,2025-09-08,141,141,Closed
PO-003389,SUP-019,2025-09-03,2025-09-15,2025-09-14,239,239,Closed
PO-000244,SUP-001,2025-09-03,2025-09-08,2025-09-08,137,137,Closed
PO-002423,SUP-010,2025-09-03,2025-09-08,2025-09-08,60,60,Closed
PO-004286,SUP-037,2025-09-04,2025-09-08,2025-09-09,481,481,Closed
PO-002848,SUP-014,2025-09-04,2025-09-11,2025-09-10,86,86,Closed
PO-004105,SUP-032,2025-09-04,2025-09-07,2025-09-11,195,195,Closed
PO-001074,SUP-004,2025-09-04,2025-09-12,2025-09-11,214,214,Closed
PO-000239,SUP-001,2025-09-04,2025-09-08,2025-09-08,208,208,Closed
PO-000842,SUP-003,2025-09-04,2025-09-13,2025-09-12,363,320,Closed
PO-000247,SUP-001,2025-09-04,2025-09-06,2025-09-06,358,358,Closed
PO-001875,SUP-007,2025-09-05,2025-09-16,2025-09-16,284,284,Closed
PO-003189,SUP-017,2025-09-05,2025-09-15,2025-09-15,202,202,Closed
PO-001070,SUP-004,2025-09-05,2025-09-14,2025-09-14,605,605,Closed
PO-000241,SUP-001,2025-09-05,2025-09-10,2025-09-10,282,282,Closed
PO-001328,SUP-005,2025-09-05,2025-09-10,2025-09-10,182,182,Closed
PO-002156,SUP-008,2025-09-06,2025-09-11,2025-09-11,208,164,Closed
PO-002325,SUP-009,2025-09-06,2025-09-14,2025-09-13,345,345,Closed
PO-002542,SUP-011,2025-09-06,2025-09-10,2025-09-10,584,584,Closed
PO-004368,SUP-039,2025-09-06,2025-09-08,2025-09-08,193,193,Closed
PO-002539,SUP-011,2025-09-06,2025-09-11,2025-09-11,279,237,Closed
PO-002952,SUP-015,2025-09-07,2025-09-10,2025-09-11,242,242,Closed
PO-004287,SUP-037,2025-09-07,2025-09-11,2025-09-11,741,741,Closed
PO-000832,SUP-003,2025-09-07,2025-09-17,2025-09-16,195,195,Closed
PO-003572,SUP-021,2025-09-07,2025-09-17,2025-09-17,133,133,Closed
PO-001609,SUP-006,2025-09-07,2025-09-15,2025-09-15,189,189,Closed
PO-001327,SUP-005,2025-09-07,2025-09-12,2025-09-12,400,400,Closed
PO-001607,SUP-006,2025-09-07,2025-09-15,2025-09-15,689,689,Closed
PO-000589,SUP-002,2025-09-08,2025-09-13,2025-09-13,399,399,Closed
PO-002647,SUP-012,2025-09-08,2025-09-18,2025-09-18,131,131,Closed
PO-001331,SUP-005,2025-09-08,2025-09-13,2025-09-13,130,95,Closed
PO-003929,SUP-026,2025-09-08,2025-09-12,2025-09-13,527,527,Closed
PO-004041,SUP-030,2025-09-08,2025-09-14,2025-09-14,221,221,Closed
PO-003682,SUP-022,2025-09-09,2025-09-18,2025-09-18,601,601,Closed
PO-000588,SUP-002,2025-09-09,2025-09-12,2025-09-13,341,341,Closed
PO-004042,SUP-030,2025-09-09,2025-09-17,2025-09-17,202,202,Closed
PO-000581,SUP-002,2025-09-10,2025-09-14,2025-09-14,124,124,Closed
PO-001067,SUP-004,2025-09-10,2025-09-19,2025-09-26,430,430,Closed
PO-000237,SUP-001,2025-09-10,2025-09-12,2025-09-12,472,472,Closed
PO-004288,SUP-037,2025-09-10,2025-09-14,2025-09-13,164,164,Closed
PO-000590,SUP-002,2025-09-10,2025-09-16,2025-09-16,431,431,Closed
PO-003063,SUP-016,2025-09-10,2025-09-17,2025-09-16,218,218,Closed
PO-003471,SUP-020,2025-09-10,2025-09-15,2025-09-15,233,233,Closed
PO-001065,SUP-004,2025-09-10,2025-09-19,2025-09-18,166,166,Closed
PO-002646,SUP-012,2025-09-10,2025-09-19,2025-09-19,791,791,Closed
PO-004327,SUP-038,2025-09-10,2025-09-23,2025-09-24,533,533,Closed
PO-002160,SUP-008,2025-09-10,2025-09-15,2025-09-15,189,189,Closed
PO-004104,SUP-032,2025-09-11,2025-09-15,2025-09-15,247,247,Closed
PO-002327,SUP-009,2025-09-11,2025-09-20,2025-09-20,240,240,Closed
PO-002161,SUP-008,2025-09-11,2025-09-14,2025-09-13,504,504,Closed
PO-002745,SUP-013,2025-09-11,2025-09-20,2025-09-20,276,276,Closed
PO-000585,SUP-002,2025-09-11,2025-09-14,2025-09-14,257,257,Closed
PO-000843,SUP-003,2025-09-11,2025-09-19,2025-09-19,105,93,Closed
PO-001876,SUP-007,2025-09-12,2025-09-26,2025-09-26,394,394,Closed
PO-001333,SUP-005,2025-09-12,2025-09-17,2025-09-16,214,214,Closed
PO-004076,SUP-031,2025-09-12,2025-09-25,2025-09-25,586,586,Closed
PO-004137,SUP-033,2025-09-12,2025-09-19,2025-09-21,218,218,Closed
PO-003685,SUP-022,2025-09-12,2025-09-20,2025-09-20,123,123,Closed
PO-000834,SUP-003,2025-09-12,2025-09-22,2025-09-22,320,320,Closed
PO-001336,SUP-005,2025-09-13,2025-09-19,2025-09-19,462,445,Closed
PO-004233,SUP-036,2025-09-13,2025-09-16,2025-09-16,233,233,Closed
PO-003865,SUP-024,2025-09-13,2025-09-18,2025-09-18,318,318,Closed
PO-003684,SUP-022,2025-09-13,2025-09-21,2025-09-21,256,222,Closed
PO-001066,SUP-004,2025-09-13,2025-09-22,2025-09-21,250,250,Closed
PO-003065,SUP-016,2025-09-13,2025-09-22,2025-09-22,856,856,Closed
PO-002326,SUP-009,2025-09-13,2025-09-23,2025-09-23,1013,1013,Closed
PO-002645,SUP-012,2025-09-14,2025-09-23,2025-09-23,144,144,Closed
PO-003386,SUP-019,2025-09-14,2025-09-28,2025-09-28,69,69,Closed
PO-003571,SUP-021,2025-09-14,2025-09-23,2025-09-29,595,595,Closed
PO-003387,SUP-019,2025-09-14,2025-09-28,2025-09-28,1621,1621,Closed
PO-001324,SUP-005,2025-09-14,2025-09-19,2025-09-19,903,903,Closed
PO-001874,SUP-007,2025-09-14,2025-09-25,2025-09-25,236,236,Closed
PO-003187,SUP-017,2025-09-14,2025-09-22,2025-09-22,259,259,Closed
PO-001884,SUP-007,2025-09-14,2025-09-28,2025-09-29,376,376,Closed
PO-002748,SUP-013,2025-09-15,2025-09-24,2025-09-24,192,192,Closed
PO-002948,SUP-015,2025-09-15,2025-09-17,2025-09-17,286,258,Closed
PO-003901,SUP-025,2025-09-15,2025-09-23,2025-09-23,787,787,Closed
PO-003957,SUP-027,2025-09-15,2025-09-25,2025-09-25,593,593,Closed
PO-001883,SUP-007,2025-09-15,2025-09-29,2025-09-29,144,144,Closed
PO-002846,SUP-014,2025-09-15,2025-09-25,2025-09-25,1760,1760,Closed
PO-003683,SUP-022,2025-09-16,2025-09-25,2025-09-25,396,396,Closed
PO-003570,SUP-021,2025-09-16,2025-09-26,2025-09-27,128,128,Closed
PO-002540,SUP-011,2025-09-17,2025-09-20,2025-09-20,277,277,Closed
PO-002951,SUP-015,2025-09-17,2025-09-21,2025-09-21,558,403,Closed
PO-003062,SUP-016,2025-09-17,2025-09-26,2025-09-25,565,565,Closed
PO-001880,SUP-007,2025-09-17,2025-09-30,2025-09-30,387,387,Closed
PO-002324,SUP-009,2025-09-17,2025-09-27,2025-09-27,174,174,Closed
PO-003569,SUP-021,2025-09-17,2025-09-24,2025-09-24,133,133,Closed
PO-001326,SUP-005,2025-09-17,2025-09-22,2025-09-22,733,733,Closed
PO-002159,SUP-008,2025-09-18,2025-09-20,2025-09-20,314,314,Closed
PO-000578,SUP-002,2025-09-18,2025-09-24,2025-09-24,271,271,Closed
PO-004170,SUP-034,2025-09-18,2025-09-21,2025-09-21,1169,1169,Closed
PO-000579,SUP-002,2025-09-18,2025-09-21,2025-09-20,493,493,Closed
PO-000245,SUP-001,2025-09-18,2025-09-21,2025-09-21,458,458,Closed
PO-003186,SUP-017,2025-09-19,2025-09-28,2025-09-28,656,656,Closed
PO-000249,SUP-001,2025-09-19,2025-09-23,2025-09-23,317,317,Closed
PO-000586,SUP-002,2025-09-19,2025-09-25,2025-09-25,153,153,Closed
PO-004366,SUP-039,2025-09-19,2025-09-24,2025-09-24,327,327,Closed
PO-001325,SUP-005,2025-09-19,2025-09-23,2025-09-23,743,743,Closed
PO-000836,SUP-003,2025-09-19,2025-09-29,2025-09-28,336,336,Closed
PO-002644,SUP-012,2025-09-19,2025-09-26,2025-09-26,150,150,Closed
PO-002849,SUP-014,2025-09-19,2025-09-27,2025-09-27,158,134,Closed
PO-001075,SUP-004,2025-09-20,2025-09-28,2025-09-28,224,224,Closed
PO-003472,SUP-020,2025-09-20,2025-09-22,2025-09-21,105,105,Closed
PO-000246,SUP-001,2025-09-20,2025-09-25,2025-09-25,40,40,Closed
PO-001334,SUP-005,2025-09-20,2025-09-24,2025-09-24,205,205,Closed
PO-004365,SUP-039,2025-09-21,2025-09-26,2025-09-26,388,388,Closed
PO-000841,SUP-003,2025-09-21,2025-09-29,2025-09-29,59,59,Closed
PO-001335,SUP-005,2025-09-21,2025-09-26,2025-09-26,153,153,Closed
PO-001071,SUP-004,2025-09-21,2025-09-29,2025-09-29,438,438,Closed
PO-000243,SUP-001,2025-09-21,2025-09-23,2025-09-23,323,323,Closed
PO-003686,SUP-022,2025-09-21,2025-09-27,2025-09-27,133,133,Closed
PO-002541,SUP-011,2025-09-21,2025-09-26,2025-09-26,204,204,Closed
PO-001879,SUP-007,2025-09-22,2025-10-03,2025-10-03,158,158,Closed
PO-002749,SUP-013,2025-09-22,2025-09-28,2025-09-28,480,480,Closed
PO-000248,SUP-001,2025-09-22,2025-09-27,2025-09-29,622,622,Closed
PO-000840,SUP-003,2025-09-22,2025-09-29,2025-09-28,201,201,Closed
PO-003687,SUP-022,2025-09-22,2025-09-28,2025-09-28,138,138,Closed
PO-002155,SUP-008,2025-09-22,2025-09-25,2025-09-25,696,696,Closed
PO-000831,SUP-003,2025-09-23,2025-09-30,2025-09-30,127,127,Closed
PO-000830,SUP-003,2025-09-23,2025-10-01,2025-10-01,414,414,Closed
PO-000238,SUP-001,2025-09-23,2025-09-28,2025-09-28,429,429,Closed
PO-003066,SUP-016,2025-09-23,2025-09-29,2025-09-29,222,222,Closed
PO-002424,SUP-010,2025-09-24,2025-09-30,2025-09-30,358,358,Closed
PO-000833,SUP-003,2025-09-24,2025-10-02,2025-10-02,167,167,Closed
PO-003794,SUP-023,2025-09-25,2025-09-28,2025-09-27,723,723,Closed
PO-001073,SUP-004,2025-09-25,2025-10-04,2025-10-04,465,465,Closed
PO-001072,SUP-004,2025-09-26,2025-10-05,2025-10-05,149,149,Closed
PO-002847,SUP-014,2025-09-26,2025-10-05,2025-10-05,214,214,Closed
PO-004204,SUP-035,2025-09-26,2025-10-03,2025-10-03,508,508,Closed
PO-001610,SUP-006,2025-09-26,2025-10-04,2025-10-04,455,455,Closed
PO-000582,SUP-002,2025-09-26,2025-09-29,2025-09-29,119,119,Closed
PO-000839,SUP-003,2025-09-26,2025-10-04,2025-10-03,391,391,Closed
PO-000838,SUP-003,2025-09-26,2025-10-03,2025-10-03,102,102,Closed
PO-003185,SUP-017,2025-09-27,2025-10-04,2025-10-04,1254,1254,Closed
PO-002947,SUP-015,2025-09-27,2025-09-29,2025-09-29,88,88,Closed
PO-001332,SUP-005,2025-09-27,2025-10-03,2025-10-03,233,233,Closed
PO-003928,SUP-026,2025-09-27,2025-10-02,2025-10-02,284,284,Closed
PO-002543,SUP-011,2025-09-27,2025-09-30,2025-09-30,520,520,Closed
PO-003681,SUP-022,2025-09-27,2025-10-04,2025-10-03,180,180,Closed
PO-000240,SUP-001,2025-09-28,2025-10-02,2025-10-03,348,313,Closed
PO-002746,SUP-013,2025-09-28,2025-10-04,2025-10-04,942,942,Closed
PO-003188,SUP-017,2025-09-28,2025-10-06,2025-10-06,100,100,Closed
PO-004326,SUP-038,2025-09-28,2025-10-10,2025-10-10,113,113,Closed
PO-000837,SUP-003,2025-09-28,2025-10-08,2025-10-08,99,99,Closed
PO-002157,SUP-008,2025-09-28,2025-09-30,2025-09-30,173,173,Closed
PO-001882,SUP-007,2025-09-28,2025-10-12,2025-10-12,192,192,Closed
PO-003568,SUP-021,2025-09-28,2025-10-07,2025-10-10,278,278,Closed
PO-003281,SUP-018,2025-09-29,2025-10-04,2025-10-05,203,203,Closed
PO-000250,SUP-001,2025-09-29,2025-10-03,2025-10-03,454,454,Closed
PO-000242,SUP-001,2025-09-29,2025-10-02,2025-10-02,481,481,Closed
PO-000583,SUP-002,2025-09-29,2025-10-02,2025-10-02,169,169,Closed
PO-001069,SUP-004,2025-09-29,2025-10-06,2025-10-06,40,40,Closed
PO-003388,SUP-019,2025-09-29,2025-10-13,2025-10-13,193,193,Closed
PO-001881,SUP-007,2025-09-29,2025-10-10,2025-10-10,360,360,Closed
PO-004367,SUP-039,2025-09-29,2025-10-02,2025-10-02,227,227,Closed
PO-001323,SUP-005,2025-09-30,2025-10-04,2025-10-04,213,213,Closed
PO-001322,SUP-005,2025-09-30,2025-10-06,2025-10-06,987,987,Closed
PO-000835,SUP-003,2025-09-30,2025-10-07,2025-10-07,455,455,Closed
PO-000587,SUP-002,2025-09-30,2025-10-03,2025-10-03,330,330,Closed
PO-002158,SUP-008,2025-09-30,2025-10-03,2025-10-03,90,90,Closed
PO-001329,SUP-005,2025-09-30,2025-10-05,2025-10-05,124,124,Closed
PO-002845,SUP-014,2025-09-30,2025-10-08,2025-10-08,566,566,Closed
PO-002426,SUP-010,2025-10-01,2025-10-05,2025-10-04,136,136,Closed
PO-000851,SUP-003,2025-10-01,2025-10-09,2025-10-09,59,59,Closed
PO-004205,SUP-035,2025-10-01,2025-10-08,2025-10-08,971,971,Closed
PO-003391,SUP-019,2025-10-01,2025-10-12,2025-10-12,338,338,Closed
PO-000596,SUP-002,2025-10-01,2025-10-04,2025-10-04,434,434,Closed
PO-001613,SUP-006,2025-10-02,2025-10-12,2025-10-12,774,774,Closed
PO-003796,SUP-023,2025-10-02,2025-10-06,2025-10-05,499,499,Closed
PO-001612,SUP-006,2025-10-02,2025-10-10,2025-10-10,273,273,Closed
PO-004329,SUP-038,2025-10-02,2025-10-16,2025-10-15,619,619,Closed
PO-002956,SUP-015,2025-10-02,2025-10-04,2025-10-04,207,207,Closed
PO-003474,SUP-020,2025-10-03,2025-10-05,2025-10-05,636,636,Closed
PO-003903,SUP-025,2025-10-03,2025-10-11,2025-10-11,817,817,Closed
PO-002655,SUP-012,2025-10-03,2025-10-11,2025-10-11,336,336,Closed
PO-000261,SUP-001,2025-10-04,2025-10-06,2025-10-06,142,142,Closed
PO-000258,SUP-001,2025-10-04,2025-10-09,2025-10-09,265,265,Closed
PO-003192,SUP-017,2025-10-04,2025-10-11,2025-10-11,157,157,Closed
PO-002651,SUP-012,2025-10-04,2025-10-11,2025-10-11,99,99,Closed
PO-001080,SUP-004,2025-10-04,2025-10-10,2025-10-10,144,144,Closed
PO-003283,SUP-018,2025-10-04,2025-10-09,2025-10-09,227,227,Closed
PO-000844,SUP-003,2025-10-04,2025-10-11,2025-10-11,578,578,Closed
PO-002654,SUP-012,2025-10-04,2025-10-13,2025-10-13,297,297,Closed
PO-001891,SUP-007,2025-10-05,2025-10-17,2025-10-17,140,140,Closed
PO-001340,SUP-005,2025-10-05,2025-10-10,2025-10-10,449,353,Closed
PO-003068,SUP-016,2025-10-06,2025-10-15,2025-10-14,279,279,Closed
PO-000849,SUP-003,2025-10-06,2025-10-16,2025-10-16,129,129,Closed
PO-002650,SUP-012,2025-10-06,2025-10-15,2025-10-15,52,52,Closed
PO-000595,SUP-002,2025-10-06,2025-10-10,2025-10-10,97,97,Closed
PO-002329,SUP-009,2025-10-06,2025-10-16,2025-10-16,179,179,Closed
PO-003282,SUP-018,2025-10-06,2025-10-11,2025-10-11,654,654,Closed
PO-003958,SUP-027,2025-10-06,2025-10-15,2025-10-15,467,467,Closed
PO-002167,SUP-008,2025-10-07,2025-10-09,2025-10-09,256,256,Closed
PO-001348,SUP-005,2025-10-07,2025-10-10,2025-10-09,486,486,Closed
PO-002163,SUP-008,2025-10-07,2025-10-09,2025-10-09,212,212,Closed
PO-002545,SUP-011,2025-10-07,2025-10-12,2025-10-12,508,508,Closed
PO-000257,SUP-001,2025-10-07,2025-10-12,2025-10-12,529,529,Closed
PO-003067,SUP-016,2025-10-08,2025-10-16,2025-10-15,202,202,Closed
PO-002750,SUP-013,2025-10-09,2025-10-16,2025-10-16,295,295,Closed
PO-003392,SUP-019,2025-10-09,2025-10-23,2025-10-23,588,588,Closed
PO-003689,SUP-022,2025-10-10,2025-10-18,2025-10-18,417,417,Closed
PO-001888,SUP-007,2025-10-10,2025-10-23,2025-10-23,98,90,Closed
PO-001886,SUP-007,2025-10-10,2025-10-21,2025-10-21,247,247,Closed
PO-000259,SUP-001,2025-10-10,2025-10-14,2025-10-14,758,758,Closed
PO-002162,SUP-008,2025-10-11,2025-10-15,2025-10-14,264,222,Closed
PO-002851,SUP-014,2025-10-11,2025-10-21,2025-10-21,342,307,Closed
PO-002164,SUP-008,2025-10-11,2025-10-13,2025-10-13,138,138,Closed
PO-003693,SUP-022,2025-10-11,2025-10-19,2025-10-19,193,193,Closed
PO-001082,SUP-004,2025-10-11,2025-10-19,2025-10-18,74,74,Closed
PO-002547,SUP-011,2025-10-11,2025-10-16,2025-10-16,141,141,Closed
PO-001079,SUP-004,2025-10-11,2025-10-18,2025-10-18,134,134,Closed
PO-004328,SUP-038,2025-10-11,2025-10-23,2025-10-23,974,974,Closed
PO-001081,SUP-004,2025-10-11,2025-10-19,2025-10-19,428,428,Closed
PO-002649,SUP-012,2025-10-12,2025-10-19,2025-10-19,406,406,Closed
PO-001614,SUP-006,2025-10-12,2025-10-21,2025-10-21,109,109,Closed
PO-001346,SUP-005,2025-10-12,2025-10-17,2025-10-16,142,142,Closed
PO-000852,SUP-003,2025-10-12,2025-10-21,2025-10-21,108,108,Closed
PO-002168,SUP-008,2025-10-12,2025-10-16,2025-10-16,107,86,Closed
PO-002546,SUP-011,2025-10-12,2025-10-16,2025-10-16,266,266,Closed
PO-000252,SUP-001,2025-10-12,2025-10-15,2025-10-14,187,187,Closed
PO-000263,SUP-001,2025-10-12,2025-10-16,2025-10-16,618,458,Closed
PO-001077,SUP-004,2025-10-12,2025-10-18,2025-10-18,214,214,Closed
PO-000850,SUP-003,2025-10-13,2025-10-20,2025-10-20,161,161,Closed
PO-000251,SUP-001,2025-10-13,2025-10-18,2025-10-18,1803,1803,Closed
PO-003286,SUP-018,2025-10-13,2025-10-19,2025-10-18,114,114,Closed
PO-001892,SUP-007,2025-10-13,2025-10-25,2025-10-25,662,662,Closed
PO-003390,SUP-019,2025-10-13,2025-10-25,2025-10-25,135,135,Closed
PO-003573,SUP-021,2025-10-13,2025-10-21,2025-10-21,409,409,Closed
PO-001615,SUP-006,2025-10-13,2025-10-23,2025-10-22,600,600,Closed
PO-001890,SUP-007,2025-10-13,2025-10-25,2025-10-25,324,324,Closed
PO-002954,SUP-015,2025-10-13,2025-10-16,2025-10-16,408,408,Closed
PO-003191,SUP-017,2025-10-13,2025-10-22,2025-10-22,157,157,Closed
PO-004077,SUP-031,2025-10-14,2025-10-26,2025-10-26,1003,1003,Closed
PO-003473,SUP-020,2025-10-14,2025-10-18,2025-10-18,50,50,Closed
PO-002544,SUP-011,2025-10-14,2025-10-19,2025-10-18,195,195,Closed
PO-001611,SUP-006,2025-10-14,2025-10-22,2025-10-22,226,226,Closed
PO-001086,SUP-004,2025-10-14,2025-10-20,2025-10-20,300,300,Closed
PO-003069,SUP-016,2025-10-14,2025-10-21,2025-10-21,333,333,Closed
PO-000846,SUP-003,2025-10-14,2025-10-24,2025-10-24,943,943,Closed
PO-003475,SUP-020,2025-10-14,2025-10-16,2025-10-16,428,428,Closed
PO-003574,SUP-021,2025-10-15,2025-10-24,2025-10-25,171,171,Closed
PO-000253,SUP-001,2025-10-15,2025-10-20,2025-10-21,250,238,Closed
PO-004079,SUP-031,2025-10-15,2025-10-29,2025-10-31,297,297,Closed
PO-002751,SUP-013,2025-10-15,2025-10-21,2025-10-20,336,336,Closed
PO-003284,SUP-018,2025-10-16,2025-10-20,2025-10-21,312,312,Closed
PO-004395,SUP-040,2025-10-16,2025-10-25,2025-10-25,146,146,Closed
PO-001078,SUP-004,2025-10-16,2025-10-24,2025-10-24,490,490,Closed
PO-001893,SUP-007,2025-10-16,2025-10-29,2025-10-29,225,225,Closed
PO-003285,SUP-018,2025-10-17,2025-10-20,2025-10-20,502,502,Closed
PO-001885,SUP-007,2025-10-17,2025-10-28,2025-10-28,329,329,Closed
PO-004171,SUP-034,2025-10-18,2025-10-21,2025-10-21,202,202,Closed
PO-004078,SUP-031,2025-10-18,2025-10-30,2025-10-30,104,104,Closed
PO-004138,SUP-033,2025-10-18,2025-10-26,2025-10-27,146,107,Closed
PO-003692,SUP-022,2025-10-18,2025-10-27,2025-10-27,478,478,Closed
PO-002548,SUP-011,2025-10-18,2025-10-23,2025-10-23,130,130,Closed
PO-002957,SUP-015,2025-10-19,2025-10-22,2025-10-21,199,199,Closed
PO-000847,SUP-003,2025-10-19,2025-10-26,2025-10-26,188,188,Closed
PO-001337,SUP-005,2025-10-19,2025-10-24,2025-10-25,285,285,Closed
PO-003190,SUP-017,2025-10-19,2025-10-27,2025-10-27,807,807,Closed
PO-002652,SUP-012,2025-10-20,2025-10-27,2025-10-28,188,188,Closed
PO-000591,SUP-002,2025-10-20,2025-10-24,2025-10-24,1075,1075,Closed
PO-003904,SUP-025,2025-10-20,2025-10-27,2025-10-26,90,90,Closed
PO-001084,SUP-004,2025-10-20,2025-10-28,2025-10-28,154,154,Closed
PO-002955,SUP-015,2025-10-21,2025-10-24,2025-10-24,824,824,Closed
PO-002656,SUP-012,2025-10-21,2025-10-28,2025-10-28,78,78,Closed
PO-002165,SUP-008,2025-10-21,2025-10-24,2025-10-24,189,189,Closed
PO-000848,SUP-003,2025-10-21,2025-10-30,2025-10-30,365,365,Closed
PO-000265,SUP-001,2025-10-21,2025-10-25,2025-10-25,1287,1287,Closed
PO-004234,SUP-036,2025-10-21,2025-10-23,2025-10-23,531,457,Closed
PO-001342,SUP-005,2025-10-21,2025-10-25,2025-10-25,770,770,Closed
PO-001344,SUP-005,2025-10-21,2025-10-27,2025-10-27,254,254,Closed
PO-003902,SUP-025,2025-10-22,2025-10-30,2025-10-30,582,582,Closed
PO-002328,SUP-009,2025-10-22,2025-10-31,2025-10-31,690,690,Closed
PO-001085,SUP-004,2025-10-22,2025-10-28,2025-10-28,94,72,Closed
PO-001889,SUP-007,2025-10-22,2025-11-03,2025-11-03,165,118,Closed
PO-000255,SUP-001,2025-10-23,2025-10-27,2025-10-27,226,226,Closed
PO-002648,SUP-012,2025-10-23,2025-11-02,2025-11-06,327,327,Closed
PO-001076,SUP-004,2025-10-23,2025-10-31,2025-10-31,389,389,Closed
PO-003797,SUP-023,2025-10-23,2025-10-28,2025-10-28,257,257,Closed
PO-003575,SUP-021,2025-10-23,2025-10-30,2025-10-30,394,394,Closed
PO-003691,SUP-022,2025-10-23,2025-11-01,2025-11-01,254,254,Closed
PO-000254,SUP-001,2025-10-24,2025-10-29,2025-10-28,1031,1031,Closed
PO-000260,SUP-001,2025-10-24,2025-10-27,2025-10-27,79,79,Closed
PO-001887,SUP-007,2025-10-24,2025-11-04,2025-11-04,322,322,Closed
PO-004397,SUP-040,2025-10-24,2025-10-31,2025-10-31,257,257,Closed
PO-002852,SUP-014,2025-10-24,2025-10-31,2025-10-31,79,79,Closed
PO-003959,SUP-027,2025-10-24,2025-11-01,2025-11-01,263,263,Closed
PO-002953,SUP-015,2025-10-25,2025-10-30,2025-10-30,359,359,Closed
PO-000594,SUP-002,2025-10-25,2025-10-31,2025-10-31,246,246,Closed
PO-004206,SUP-035,2025-10-25,2025-11-03,2025-11-03,293,241,Closed
PO-002427,SUP-010,2025-10-25,2025-10-29,2025-10-29,164,164,Closed
PO-003577,SUP-021,2025-10-25,2025-11-02,2025-11-02,1415,1415,Closed
PO-002428,SUP-010,2025-10-26,2025-10-31,2025-10-31,293,293,Closed
PO-000593,SUP-002,2025-10-26,2025-10-30,2025-10-30,937,937,Closed
PO-003393,SUP-019,2025-10-26,2025-11-06,2025-11-06,156,156,Closed
PO-002549,SUP-011,2025-10-26,2025-10-31,2025-10-30,191,191,Closed
PO-000262,SUP-001,2025-10-26,2025-10-30,2025-11-01,995,995,Closed
PO-001343,SUP-005,2025-10-26,2025-10-30,2025-10-30,226,226,Closed
PO-003795,SUP-023,2025-10-27,2025-10-31,2025-10-31,179,179,Closed
PO-001345,SUP-005,2025-10-27,2025-11-02,2025-11-02,279,279,Closed
PO-003690,SUP-022,2025-10-27,2025-11-05,2025-11-05,326,326,Closed
PO-001341,SUP-005,2025-10-27,2025-10-30,2025-10-30,1069,1069,Closed
PO-000592,SUP-002,2025-10-27,2025-11-01,2025-10-31,323,323,Closed
PO-002657,SUP-012,2025-10-28,2025-11-07,2025-11-07,272,272,Closed
PO-001347,SUP-005,2025-10-28,2025-11-02,2025-11-02,499,499,Closed
PO-001339,SUP-005,2025-10-28,2025-11-02,2025-11-02,59,59,Closed
PO-003688,SUP-022,2025-10-28,2025-11-04,2025-11-04,395,395,Closed
PO-001083,SUP-004,2025-10-28,2025-11-04,2025-11-04,134,134,Closed
PO-004106,SUP-032,2025-10-29,2025-11-02,2025-11-02,360,272,Closed
PO-000845,SUP-003,2025-10-29,2025-11-07,2025-11-07,216,216,Closed
PO-004172,SUP-034,2025-10-29,2025-11-02,2025-11-03,146,146,Closed
PO-004396,SUP-040,2025-10-29,2025-11-04,2025-11-04,425,425,Closed
PO-000264,SUP-001,2025-10-29,2025-10-31,2025-10-31,323,323,Closed
PO-001338,SUP-005,2025-10-30,2025-11-04,2025-11-04,152,152,Closed
PO-001087,SUP-004,2025-10-30,2025-11-06,2025-11-05,310,310,Closed
PO-002853,SUP-014,2025-10-30,2025-11-08,2025-11-08,249,249,Closed
PO-002166,SUP-008,2025-10-30,2025-11-04,2025-11-04,127,127,Closed
PO-002653,SUP-012,2025-10-30,2025-11-08,2025-11-08,259,259,Closed
PO-002752,SUP-013,2025-10-31,2025-11-07,2025-11-06,120,120,Closed
PO-003576,SUP-021,2025-10-31,2025-11-07,2025-11-09,181,181,Closed
PO-002429,SUP-010,2025-10-31,2025-11-06,2025-11-07,361,361,Closed
PO-000256,SUP-001,2025-10-31,2025-11-02,2025-11-02,207,207,Closed
PO-003287,SUP-018,2025-10-31,2025-11-03,2025-11-03,252,252,Closed
PO-004081,SUP-031,2025-11-01,2025-11-14,2025-11-14,438,438,Closed
PO-001364,SUP-005,2025-11-01,2025-11-05,2025-11-05,255,255,Closed
PO-004174,SUP-034,2025-11-01,2025-11-06,2025-11-06,515,515,Closed
PO-000270,SUP-001,2025-11-01,2025-11-05,2025-11-05,112,112,Closed
PO-000285,SUP-001,2025-11-01,2025-11-04,2025-11-04,83,83,Closed
PO-000286,SUP-001,2025-11-02,2025-11-07,2025-11-07,69,69,Closed
PO-002178,SUP-008,2025-11-02,2025-11-06,2025-11-06,380,380,Closed
PO-001901,SUP-007,2025-11-02,2025-11-15,2025-11-15,159,129,Closed
PO-004236,SUP-036,2025-11-02,2025-11-04,2025-11-04,1490,1490,Closed
PO-003194,SUP-017,2025-11-02,2025-11-10,2025-11-10,346,346,Closed
PO-000605,SUP-002,2025-11-02,2025-11-06,2025-11-06,278,278,Closed
PO-002959,SUP-015,2025-11-02,2025-11-04,2025-11-05,358,358,Closed
PO-001361,SUP-005,2025-11-03,2025-11-09,2025-11-09,313,313,Closed
PO-001620,SUP-006,2025-11-03,2025-11-12,2025-11-13,208,208,Closed
PO-000290,SUP-001,2025-11-03,2025-11-08,2025-11-08,225,225,Closed
PO-002557,SUP-011,2025-11-03,2025-11-05,2025-11-05,197,197,Closed
PO-002433,SUP-010,2025-11-03,2025-11-08,2025-11-08,179,179,Closed
PO-003905,SUP-025,2025-11-03,2025-11-11,2025-11-12,209,209,Closed
PO-000266,SUP-001,2025-11-04,2025-11-06,2025-11-06,533,533,Closed
PO-004331,SUP-038,2025-11-04,2025-11-18,2025-11-18,384,384,Closed
PO-003960,SUP-027,2025-11-04,2025-11-13,2025-11-14,447,447,Closed
PO-002854,SUP-014,2025-11-04,2025-11-14,2025-11-14,328,328,Closed
PO-001898,SUP-007,2025-11-04,2025-11-18,2025-11-18,78,73,Closed
PO-003801,SUP-023,2025-11-04,2025-11-10,2025-11-10,866,866,Closed
PO-003580,SUP-021,2025-11-04,2025-11-12,2025-11-12,1044,1044,Closed
PO-001360,SUP-005,2025-11-05,2025-11-11,2025-11-11,414,414,Closed
PO-003799,SUP-023,2025-11-05,2025-11-11,2025-11-11,373,373,Closed
PO-003906,SUP-025,2025-11-05,2025-11-15,2025-11-15,322,322,Closed
PO-001351,SUP-005,2025-11-05,2025-11-10,2025-11-10,245,245,Closed
PO-002754,SUP-013,2025-11-05,2025-11-11,2025-11-11,107,107,Closed
PO-000606,SUP-002,2025-11-05,2025-11-09,2025-11-09,374,374,Closed
PO-003398,SUP-019,2025-11-05,2025-11-16,2025-11-15,231,231,Closed
PO-002430,SUP-010,2025-11-06,2025-11-12,2025-11-12,142,142,Closed
PO-001352,SUP-005,2025-11-06,2025-11-12,2025-11-11,135,135,Closed
PO-001353,SUP-005,2025-11-06,2025-11-10,2025-11-10,249,249,Closed
PO-000858,SUP-003,2025-11-06,2025-11-13,2025-11-13,268,268,Closed
PO-001362,SUP-005,2025-11-06,2025-11-11,2025-11-11,315,315,Closed
PO-000603,SUP-002,2025-11-06,2025-11-11,2025-11-11,180,180,Closed
PO-003070,SUP-016,2025-11-06,2025-11-14,2025-11-15,179,179,Closed
PO-000268,SUP-001,2025-11-06,2025-11-10,2025-11-10,427,427,Closed
PO-003290,SUP-018,2025-11-06,2025-11-10,2025-11-09,117,117,Closed
PO-004139,SUP-033,2025-11-07,2025-11-14,2025-11-17,274,274,Closed
PO-003193,SUP-017,2025-11-07,2025-11-15,2025-11-15,149,111,Closed
PO-001091,SUP-004,2025-11-07,2025-11-13,2025-11-13,94,94,Closed
PO-002169,SUP-008,2025-11-07,2025-11-09,2025-11-09,148,148,Closed
PO-002171,SUP-008,2025-11-07,2025-11-11,2025-11-11,298,298,Closed
PO-001908,SUP-007,2025-11-07,2025-11-19,2025-11-18,236,236,Closed
PO-002961,SUP-015,2025-11-07,2025-11-10,2025-11-10,115,115,Closed
PO-001359,SUP-005,2025-11-07,2025-11-10,2025-11-11,834,834,Closed
PO-001350,SUP-005,2025-11-07,2025-11-13,2025-11-13,643,643,Closed
PO-001355,SUP-005,2025-11-07,2025-11-11,2025-11-11,388,388,Closed
PO-001357,SUP-005,2025-11-07,2025-11-11,2025-11-11,1564,1564,Closed
PO-000610,SUP-002,2025-11-07,2025-11-10,2025-11-09,497,497,Closed
PO-003397,SUP-019,2025-11-08,2025-11-19,2025-11-19,214,214,Closed
PO-001349,SUP-005,2025-11-08,2025-11-14,2025-11-13,644,644,Closed
PO-000282,SUP-001,2025-11-08,2025-11-13,2025-11-13,118,118,Closed
PO-002331,SUP-009,2025-11-08,2025-11-15,2025-11-15,294,294,Closed
PO-003695,SUP-022,2025-11-08,2025-11-16,2025-11-15,204,204,Closed
PO-000281,SUP-001,2025-11-08,2025-11-11,2025-11-11,127,105,Closed
PO-002963,SUP-015,2025-11-09,2025-11-14,2025-11-13,228,228,Closed
PO-004399,SUP-040,2025-11-09,2025-11-15,2025-11-15,502,502,Closed
PO-002965,SUP-015,2025-11-09,2025-11-11,2025-11-11,625,625,Closed
PO-000283,SUP-001,2025-11-09,2025-11-11,2025-11-11,233,233,Closed
PO-003867,SUP-024,2025-11-09,2025-11-11,2025-11-11,299,299,Closed
PO-000598,SUP-002,2025-11-09,2025-11-15,2025-11-15,78,78,Closed
PO-000601,SUP-002,2025-11-09,2025-11-12,2025-11-12,99,99,Closed
PO-002558,SUP-011,2025-11-09,2025-11-13,2025-11-13,265,265,Closed
PO-003798,SUP-023,2025-11-09,2025-11-12,2025-11-12,1888,1352,Closed
PO-001094,SUP-004,2025-11-09,2025-11-15,2025-11-15,178,178,Closed
PO-000267,SUP-001,2025-11-10,2025-11-15,2025-11-15,721,721,Closed
PO-002555,SUP-011,2025-11-10,2025-11-13,2025-11-13,372,372,Closed
PO-003196,SUP-017,2025-11-10,2025-11-17,2025-11-17,174,174,Closed
PO-003075,SUP-016,2025-11-10,2025-11-17,2025-11-17,582,582,Closed
PO-002551,SUP-011,2025-11-10,2025-11-12,2025-11-12,288,288,Closed
PO-002434,SUP-010,2025-11-10,2025-11-15,2025-11-14,416,416,Closed
PO-002559,SUP-011,2025-11-11,2025-11-15,2025-11-15,103,103,Closed
PO-000277,SUP-001,2025-11-11,2025-11-13,2025-11-13,55,55,Closed
PO-002435,SUP-010,2025-11-12,2025-11-15,2025-11-15,66,66,Closed
PO-001092,SUP-004,2025-11-12,2025-11-19,2025-11-19,591,591,Closed
PO-001899,SUP-007,2025-11-12,2025-11-23,2025-11-23,228,228,Closed
PO-000279,SUP-001,2025-11-12,2025-11-15,2025-11-15,340,340,Closed
PO-000276,SUP-001,2025-11-12,2025-11-16,2025-11-16,99,99,Closed
PO-002175,SUP-008,2025-11-12,2025-11-15,2025-11-15,83,83,Closed
PO-001088,SUP-004,2025-11-12,2025-11-21,2025-11-21,705,705,Closed
PO-002332,SUP-009,2025-11-13,2025-11-20,2025-11-20,349,349,Closed
PO-002554,SUP-011,2025-11-13,2025-11-18,2025-11-18,290,290,Closed
PO-001894,SUP-007,2025-11-13,2025-11-26,2025-11-26,97,97,Closed
PO-001906,SUP-007,2025-11-13,2025-11-25,2025-11-25,507,507,Closed
PO-000604,SUP-002,2025-11-13,2025-11-18,2025-11-17,212,212,Closed
PO-000599,SUP-002,2025-11-13,2025-11-17,2025-11-16,135,135,Closed
PO-000859,SUP-003,2025-11-14,2025-11-21,2025-11-21,438,438,Closed
PO-003288,SUP-018,2025-11-14,2025-11-17,2025-11-17,493,493,Closed
PO-000609,SUP-002,2025-11-14,2025-11-18,2025-11-18,416,416,Closed
PO-000274,SUP-001,2025-11-14,2025-11-18,2025-11-18,943,943,Closed
PO-000287,SUP-001,2025-11-15,2025-11-19,2025-11-19,200,200,Closed
PO-001363,SUP-005,2025-11-15,2025-11-19,2025-11-18,430,430,Closed
PO-000856,SUP-003,2025-11-15,2025-11-22,2025-11-22,559,559,Closed
PO-002550,SUP-011,2025-11-15,2025-11-17,2025-11-17,207,207,Closed
PO-002174,SUP-008,2025-11-15,2025-11-18,2025-11-18,373,282,Closed
PO-004398,SUP-040,2025-11-15,2025-11-22,2025-11-22,171,171,Closed
PO-001903,SUP-007,2025-11-16,2025-11-27,2025-11-27,471,471,Closed
PO-002966,SUP-015,2025-11-16,2025-11-20,2025-11-20,122,122,Closed
PO-002964,SUP-015,2025-11-16,2025-11-18,2025-11-18,154,154,Closed
PO-002755,SUP-013,2025-11-16,2025-11-24,2025-11-24,620,620,Closed
PO-000611,SUP-002,2025-11-16,2025-11-21,2025-11-21,511,511,Closed
PO-004082,SUP-031,2025-11-16,2025-11-28,2025-11-28,143,143,Closed
PO-001100,SUP-004,2025-11-16,2025-11-25,2025-11-25,198,198,Closed
PO-001090,SUP-004,2025-11-17,2025-11-25,2025-11-25,406,406,Closed
PO-000854,SUP-003,2025-11-17,2025-11-25,2025-11-25,476,476,Closed
PO-001089,SUP-004,2025-11-17,2025-11-24,2025-11-24,429,429,Closed
PO-000857,SUP-003,2025-11-17,2025-11-25,2025-11-24,736,736,Closed
PO-003395,SUP-019,2025-11-17,2025-12-01,2025-11-30,414,414,Closed
PO-003074,SUP-016,2025-11-17,2025-11-26,2025-11-28,155,155,Closed
PO-001095,SUP-004,2025-11-17,2025-11-23,2025-11-23,859,859,Closed
PO-003289,SUP-018,2025-11-17,2025-11-20,2025-11-20,188,188,Closed
PO-001096,SUP-004,2025-11-17,2025-11-25,2025-11-25,260,260,Closed
PO-001617,SUP-006,2025-11-17,2025-11-24,2025-11-24,227,227,Closed
PO-002958,SUP-015,2025-11-18,2025-11-22,2025-11-22,1849,1301,Closed
PO-001896,SUP-007,2025-11-18,2025-12-02,2025-12-02,197,197,Closed
PO-004207,SUP-035,2025-11-18,2025-11-26,2025-11-26,150,150,Closed
PO-001358,SUP-005,2025-11-18,2025-11-21,2025-11-21,102,102,Closed
PO-001097,SUP-004,2025-11-18,2025-11-24,2025-11-24,304,304,Closed
PO-002336,SUP-009,2025-11-18,2025-11-27,2025-11-27,625,625,Closed
PO-002170,SUP-008,2025-11-18,2025-11-21,2025-11-21,139,139,Closed
PO-002960,SUP-015,2025-11-18,2025-11-23,2025-11-23,587,587,Closed
PO-004235,SUP-036,2025-11-18,2025-11-23,2025-11-23,310,254,Closed
PO-001909,SUP-007,2025-11-19,2025-12-03,2025-12-03,308,308,Closed
PO-002552,SUP-011,2025-11-19,2025-11-22,2025-11-22,844,844,Closed
PO-003396,SUP-019,2025-11-19,2025-12-01,2025-12-01,199,199,Closed
PO-002431,SUP-010,2025-11-19,2025-11-24,2025-11-24,413,413,Closed
PO-001619,SUP-006,2025-11-19,2025-11-26,2025-11-26,280,280,Closed
PO-001904,SUP-007,2025-11-19,2025-12-02,2025-12-02,74,74,Closed
PO-000272,SUP-001,2025-11-19,2025-11-21,2025-11-21,218,218,Closed
PO-001905,SUP-007,2025-11-19,2025-11-30,2025-11-30,258,258,Closed
PO-001354,SUP-005,2025-11-19,2025-11-25,2025-11-24,413,413,Closed
PO-003195,SUP-017,2025-11-20,2025-11-28,2025-11-28,110,110,Closed
PO-002658,SUP-012,2025-11-20,2025-11-28,2025-12-02,1775,1775,Closed
PO-002180,SUP-008,2025-11-20,2025-11-25,2025-11-25,648,648,Closed
PO-003476,SUP-020,2025-11-20,2025-11-24,2025-11-23,560,560,Closed
PO-002659,SUP-012,2025-11-20,2025-11-27,2025-11-27,479,479,Closed
PO-002758,SUP-013,2025-11-20,2025-11-28,2025-11-28,145,145,Closed
PO-001098,SUP-004,2025-11-20,2025-11-29,2025-11-29,118,118,Closed
PO-004330,SUP-038,2025-11-21,2025-12-02,2025-12-06,177,177,Closed
PO-002757,SUP-013,2025-11-21,2025-11-27,2025-11-27,241,241,Closed
PO-000861,SUP-003,2025-11-21,2025-11-28,2025-11-28,297,297,Closed
PO-001616,SUP-006,2025-11-21,2025-11-28,2025-11-28,328,328,Closed
PO-002856,SUP-014,2025-11-21,2025-11-28,2025-11-28,284,284,Closed
PO-003961,SUP-027,2025-11-21,2025-12-01,2025-12-02,245,245,Closed
PO-004370,SUP-039,2025-11-21,2025-11-24,2025-11-24,703,703,Closed
PO-001622,SUP-006,2025-11-21,2025-11-30,2025-11-30,142,142,Closed
PO-001618,SUP-006,2025-11-21,2025-11-29,2025-11-29,277,277,Closed
PO-001907,SUP-007,2025-11-22,2025-12-04,2025-12-03,755,755,Closed
PO-000597,SUP-002,2025-11-22,2025-11-28,2025-11-27,569,569,Closed
PO-000269,SUP-001,2025-11-22,2025-11-27,2025-11-26,86,86,Closed
PO-000273,SUP-001,2025-11-22,2025-11-24,2025-11-24,205,205,Closed
PO-002330,SUP-009,2025-11-22,2025-11-30,2025-11-30,985,985,Closed
PO-000853,SUP-003,2025-11-22,2025-11-30,2025-11-30,240,240,Closed
PO-001099,SUP-004,2025-11-22,2025-11-28,2025-11-28,142,142,Closed
PO-000278,SUP-001,2025-11-22,2025-11-25,2025-11-25,205,205,Closed
PO-000284,SUP-001,2025-11-22,2025-11-24,2025-11-24,296,296,Closed
PO-003694,SUP-022,2025-11-22,2025-11-30,2025-11-30,408,384,Closed
PO-000607,SUP-002,2025-11-22,2025-11-27,2025-11-27,734,734,Closed
PO-002436,SUP-010,2025-11-22,2025-11-26,2025-11-26,91,91,Closed
PO-002173,SUP-008,2025-11-23,2025-11-27,2025-11-27,131,131,Closed
PO-003800,SUP-023,2025-11-23,2025-11-27,2025-11-27,308,308,Closed
PO-000288,SUP-001,2025-11-23,2025-11-25,2025-11-26,398,398,Closed
PO-001897,SUP-007,2025-11-23,2025-12-04,2025-12-04,40,40,Closed
PO-004010,SUP-029,2025-11-23,2025-12-02,2025-12-02,286,286,Closed
PO-000860,SUP-003,2025-11-23,2025-12-01,2025-12-01,401,401,Closed
PO-000289,SUP-001,2025-11-23,2025-11-27,2025-11-26,138,138,Closed
PO-001895,SUP-007,2025-11-23,2025-12-06,2025-12-06,329,329,Closed
PO-002753,SUP-013,2025-11-23,2025-12-02,2025-12-02,549,549,Closed
PO-003394,SUP-019,2025-11-24,2025-12-06,2025-12-06,482,482,Closed
PO-002334,SUP-009,2025-11-24,2025-12-04,2025-12-04,298,298,Closed
PO-004369,SUP-039,2025-11-24,2025-11-29,2025-11-29,450,450,Closed
PO-004080,SUP-031,2025-11-24,2025-12-08,2025-12-08,267,267,Closed
PO-003866,SUP-024,2025-11-24,2025-11-26,2025-11-25,211,211,Closed
PO-000275,SUP-001,2025-11-24,2025-11-28,2025-11-28,373,373,Closed
PO-001356,SUP-005,2025-11-25,2025-11-29,2025-11-29,274,274,Closed
PO-000600,SUP-002,2025-11-25,2025-11-29,2025-11-28,103,103,Closed
PO-004237,SUP-036,2025-11-25,2025-11-28,2025-11-28,691,524,Closed
PO-002432,SUP-010,2025-11-25,2025-11-30,2025-11-30,151,151,Closed
PO-002756,SUP-013,2025-11-25,2025-12-01,2025-12-02,428,428,Closed
PO-000280,SUP-001,2025-11-26,2025-11-28,2025-11-28,340,340,Closed
PO-003579,SUP-021,2025-11-26,2025-12-03,2025-12-03,51,51,Closed
PO-004173,SUP-034,2025-11-26,2025-12-01,2025-12-01,174,174,Closed
PO-001093,SUP-004,2025-11-26,2025-12-04,2025-12-04,237,237,Closed
PO-001902,SUP-007,2025-11-26,2025-12-07,2025-12-07,636,636,Closed
PO-003071,SUP-016,2025-11-26,2025-12-02,2025-12-02,358,358,Closed
PO-003987,SUP-028,2025-11-26,2025-12-01,2025-12-01,333,333,Closed
PO-001900,SUP-007,2025-11-27,2025-12-11,2025-12-11,653,653,Closed
PO-002660,SUP-012,2025-11-27,2025-12-06,2025-12-06,249,249,Closed
PO-000612,SUP-002,2025-11-27,2025-11-30,2025-11-30,324,324,Closed
PO-002172,SUP-008,2025-11-27,2025-12-02,2025-12-02,288,288,Closed
PO-002333,SUP-009,2025-11-28,2025-12-08,2025-12-08,296,296,Closed
PO-003072,SUP-016,2025-11-28,2025-12-06,2025-12-06,363,363,Closed
PO-003073,SUP-016,2025-11-28,2025-12-07,2025-12-06,720,720,Closed
PO-002962,SUP-015,2025-11-28,2025-12-01,2025-12-01,344,344,Closed
PO-002556,SUP-011,2025-11-28,2025-12-01,2025-12-01,536,536,Closed
PO-000855,SUP-003,2025-11-28,2025-12-08,2025-12-08,468,468,Closed
PO-000271,SUP-001,2025-11-28,2025-12-01,2025-12-01,740,740,Closed
PO-002553,SUP-011,2025-11-29,2025-12-03,2025-12-03,336,336,Closed
PO-000608,SUP-002,2025-11-29,2025-12-03,2025-12-02,178,178,Closed
PO-002335,SUP-009,2025-11-29,2025-12-09,2025-12-09,152,152,Closed
PO-001624,SUP-006,2025-11-29,2025-12-09,2025-12-09,451,451,Closed
PO-001623,SUP-006,2025-11-29,2025-12-07,2025-12-07,260,260,Closed
PO-002176,SUP-008,2025-11-29,2025-12-02,2025-12-02,544,544,Closed
PO-002177,SUP-008,2025-11-29,2025-12-01,2025-12-01,398,398,Closed
PO-003578,SUP-021,2025-11-30,2025-12-10,2025-12-10,424,424,Closed
PO-002855,SUP-014,2025-11-30,2025-12-09,2025-12-09,131,131,Closed
PO-000602,SUP-002,2025-11-30,2025-12-06,2025-12-06,567,567,Closed
PO-003477,SUP-020,2025-11-30,2025-12-05,2025-12-05,101,101,Closed
PO-001621,SUP-006,2025-11-30,2025-12-07,2025-12-07,67,67,Closed
PO-002179,SUP-008,2025-11-30,2025-12-04,2025-12-04,74,74,Closed
PO-004043,SUP-030,2025-11-30,2025-12-07,2025-12-08,430,430,Closed
PO-001629,SUP-006,2025-12-01,2025-12-08,2025-12-08,246,246,Closed
PO-000305,SUP-001,2025-12-01,2025-12-06,2025-12-06,77,77,Closed
PO-002762,SUP-013,2025-12-01,2025-12-07,2025-12-12,247,247,Closed
PO-003584,SUP-021,2025-12-01,2025-12-10,2025-12-10,78,78,Closed
PO-003291,SUP-018,2025-12-01,2025-12-06,2025-12-06,250,250,Closed
PO-003076,SUP-016,2025-12-01,2025-12-07,2025-12-07,100,100,Closed
PO-002560,SUP-011,2025-12-01,2025-12-06,2025-12-06,362,362,Closed
PO-004046,SUP-030,2025-12-02,2025-12-10,2025-12-10,366,366,Closed
PO-000293,SUP-001,2025-12-02,2025-12-07,2025-12-07,464,464,Closed
PO-001917,SUP-007,2025-12-02,2025-12-16,2025-12-16,153,153,Closed
PO-002967,SUP-015,2025-12-02,2025-12-07,2025-12-07,132,132,Closed
PO-003081,SUP-016,2025-12-03,2025-12-12,2025-12-15,363,363,Closed
PO-002970,SUP-015,2025-12-03,2025-12-05,2025-12-05,192,192,Closed
PO-003399,SUP-019,2025-12-03,2025-12-15,2025-12-15,153,137,Closed
PO-002858,SUP-014,2025-12-04,2025-12-14,2025-12-14,664,664,Closed
PO-002857,SUP-014,2025-12-04,2025-12-14,2025-12-14,203,203,Closed
PO-001630,SUP-006,2025-12-04,2025-12-14,2025-12-14,313,313,Closed
PO-001912,SUP-007,2025-12-04,2025-12-16,2025-12-16,1166,1166,Closed
PO-001911,SUP-007,2025-12-04,2025-12-18,2025-12-18,164,164,Closed
PO-003292,SUP-018,2025-12-04,2025-12-09,2025-12-10,502,502,Closed
PO-001910,SUP-007,2025-12-04,2025-12-18,2025-12-18,184,184,Closed
PO-003806,SUP-023,2025-12-04,2025-12-08,2025-12-08,200,200,Closed
PO-000863,SUP-003,2025-12-04,2025-12-12,2025-12-12,424,424,Closed
PO-004371,SUP-039,2025-12-04,2025-12-07,2025-12-07,219,179,Closed
PO-000301,SUP-001,2025-12-05,2025-12-10,2025-12-10,319,319,Closed
PO-003583,SUP-021,2025-12-05,2025-12-12,2025-12-13,158,158,Closed
PO-001367,SUP-005,2025-12-05,2025-12-08,2025-12-08,186,186,Closed
PO-004045,SUP-030,2025-12-05,2025-12-13,2025-12-13,553,553,Closed
PO-001920,SUP-007,2025-12-05,2025-12-18,2025-12-18,297,247,Closed
PO-000299,SUP-001,2025-12-05,2025-12-08,2025-12-08,523,523,Closed
PO-000617,SUP-002,2025-12-05,2025-12-10,2025-12-10,207,207,Closed
PO-001914,SUP-007,2025-12-05,2025-12-18,2025-12-17,1210,1210,Closed
PO-001922,SUP-007,2025-12-05,2025-12-18,2025-12-18,948,948,Closed
PO-000869,SUP-003,2025-12-06,2025-12-14,2025-12-14,385,385,Closed
PO-003080,SUP-016,2025-12-06,2025-12-12,2025-12-12,173,173,Closed
PO-003696,SUP-022,2025-12-06,2025-12-14,2025-12-14,351,351,Closed
PO-000303,SUP-001,2025-12-06,2025-12-08,2025-12-08,310,310,Closed
PO-002183,SUP-008,2025-12-06,2025-12-10,2025-12-09,155,155,Closed
PO-001107,SUP-004,2025-12-07,2025-12-13,2025-12-13,124,124,Closed
PO-001628,SUP-006,2025-12-07,2025-12-15,2025-12-15,523,523,Closed
PO-001919,SUP-007,2025-12-07,2025-12-20,2025-12-20,159,159,Closed
PO-003082,SUP-016,2025-12-07,2025-12-16,2025-12-18,292,292,Closed
PO-000292,SUP-001,2025-12-07,2025-12-09,2025-12-08,179,179,Closed
PO-001635,SUP-006,2025-12-08,2025-12-18,2025-12-18,442,442,Closed
PO-001634,SUP-006,2025-12-08,2025-12-17,2025-12-17,117,117,Closed
PO-001913,SUP-007,2025-12-08,2025-12-22,2025-12-22,136,136,Closed
PO-002184,SUP-008,2025-12-08,2025-12-11,2025-12-10,727,727,Closed
PO-001371,SUP-005,2025-12-08,2025-12-14,2025-12-14,219,219,Closed
PO-001915,SUP-007,2025-12-08,2025-12-22,2025-12-22,159,159,Closed
PO-003697,SUP-022,2025-12-09,2025-12-18,2025-12-18,195,195,Closed
PO-001631,SUP-006,2025-12-09,2025-12-19,2025-12-19,137,137,Closed
PO-002859,SUP-014,2025-12-09,2025-12-19,2025-12-19,215,215,Closed
PO-000867,SUP-003,2025-12-09,2025-12-17,2025-12-17,144,144,Closed
PO-002191,SUP-008,2025-12-09,2025-12-12,2025-12-12,491,363,Closed
PO-000862,SUP-003,2025-12-09,2025-12-18,2025-12-18,842,842,Closed
PO-000872,SUP-003,2025-12-09,2025-12-18,2025-12-18,617,617,Closed
PO-000620,SUP-002,2025-12-09,2025-12-14,2025-12-14,203,203,Closed
PO-002761,SUP-013,2025-12-10,2025-12-18,2025-12-18,120,102,Closed
PO-003077,SUP-016,2025-12-10,2025-12-18,2025-12-18,218,218,Closed
PO-002568,SUP-011,2025-12-10,2025-12-12,2025-12-12,197,197,Closed
PO-001106,SUP-004,2025-12-10,2025-12-17,2025-12-18,385,385,Closed
PO-001108,SUP-004,2025-12-10,2025-12-17,2025-12-17,67,67,Closed
PO-003803,SUP-023,2025-12-10,2025-12-16,2025-12-16,49,49,Closed
PO-002760,SUP-013,2025-12-10,2025-12-16,2025-12-16,210,210,Closed
PO-004044,SUP-030,2025-12-10,2025-12-16,2025-12-20,69,69,Closed
PO-003079,SUP-016,2025-12-11,2025-12-20,2025-12-20,312,312,Closed
PO-000621,SUP-002,2025-12-11,2025-12-16,2025-12-16,398,398,Closed
PO-001916,SUP-007,2025-12-11,2025-12-25,2025-12-25,268,268,Closed
PO-003587,SUP-021,2025-12-11,2025-12-19,2025-12-21,110,110,Closed
PO-002562,SUP-011,2025-12-11,2025-12-14,2025-12-13,301,301,Closed
PO-002181,SUP-008,2025-12-11,2025-12-14,2025-12-14,135,135,Closed
PO-000866,SUP-003,2025-12-11,2025-12-21,2025-12-21,105,105,Closed
PO-002561,SUP-011,2025-12-12,2025-12-17,2025-12-17,314,263,Closed
PO-001103,SUP-004,2025-12-12,2025-12-21,2025-12-22,133,133,Closed
PO-001374,SUP-005,2025-12-12,2025-12-16,2025-12-16,155,148,Closed
PO-000616,SUP-002,2025-12-12,2025-12-15,2025-12-15,217,217,Closed
PO-003293,SUP-018,2025-12-13,2025-12-16,2025-12-16,1123,1123,Closed
PO-002664,SUP-012,2025-12-13,2025-12-22,2025-12-22,1243,1243,Closed
PO-002188,SUP-008,2025-12-13,2025-12-16,2025-12-16,229,229,Closed
PO-001633,SUP-006,2025-12-13,2025-12-20,2025-12-20,852,852,Closed
PO-000865,SUP-003,2025-12-13,2025-12-20,2025-12-20,144,144,Closed
PO-004177,SUP-034,2025-12-13,2025-12-18,2025-12-22,738,738,Closed
PO-002563,SUP-011,2025-12-13,2025-12-18,2025-12-18,60,60,Closed
PO-000868,SUP-003,2025-12-14,2025-12-23,2025-12-23,473,473,Closed
PO-004083,SUP-031,2025-12-14,2025-12-25,2025-12-25,243,243,Closed
PO-000873,SUP-003,2025-12-14,2025-12-23,2025-12-23,399,399,Closed
PO-003804,SUP-023,2025-12-14,2025-12-17,2025-12-17,1121,1121,Closed
PO-004400,SUP-040,2025-12-14,2025-12-20,2025-12-20,293,293,Closed
PO-000295,SUP-001,2025-12-14,2025-12-16,2025-12-16,302,302,Closed
PO-003700,SUP-022,2025-12-14,2025-12-20,2025-12-20,484,484,Closed
PO-003988,SUP-028,2025-12-15,2025-12-20,2025-12-20,159,159,Closed
PO-004011,SUP-029,2025-12-15,2025-12-23,2025-12-23,150,150,Closed
PO-003198,SUP-017,2025-12-15,2025-12-25,2025-12-25,594,594,Closed
PO-002185,SUP-008,2025-12-15,2025-12-19,2025-12-19,273,273,Closed
PO-002969,SUP-015,2025-12-15,2025-12-19,2025-12-19,453,453,Closed
PO-000614,SUP-002,2025-12-15,2025-12-19,2025-12-20,146,146,Closed
PO-001373,SUP-005,2025-12-15,2025-12-19,2025-12-19,295,295,Closed
PO-004238,SUP-036,2025-12-15,2025-12-20,2025-12-20,329,329,Closed
PO-002564,SUP-011,2025-12-15,2025-12-20,2025-12-20,143,143,Closed
PO-004175,SUP-034,2025-12-15,2025-12-21,2025-12-21,91,91,Closed
PO-001627,SUP-006,2025-12-15,2025-12-23,2025-12-23,289,289,Closed
PO-002438,SUP-010,2025-12-15,2025-12-20,2025-12-21,393,393,Closed
PO-001636,SUP-006,2025-12-15,2025-12-23,2025-12-23,234,234,Closed
PO-001918,SUP-007,2025-12-15,2025-12-28,2025-12-28,57,57,Closed
PO-003585,SUP-021,2025-12-16,2025-12-26,2025-12-25,496,496,Closed
PO-000871,SUP-003,2025-12-16,2025-12-24,2025-12-24,348,348,Closed
PO-001632,SUP-006,2025-12-16,2025-12-24,2025-12-24,133,133,Closed
PO-002437,SUP-010,2025-12-16,2025-12-20,2025-12-20,340,340,Closed
PO-001368,SUP-005,2025-12-16,2025-12-20,2025-12-20,651,651,Closed
PO-002663,SUP-012,2025-12-16,2025-12-25,2025-12-28,127,127,Closed
PO-003699,SUP-022,2025-12-16,2025-12-24,2025-12-24,329,329,Closed
PO-003200,SUP-017,2025-12-16,2025-12-26,2025-12-26,267,267,Closed
PO-004012,SUP-029,2025-12-17,2025-12-24,2025-12-25,300,300,Closed
PO-003802,SUP-023,2025-12-17,2025-12-23,2025-12-26,40,40,Closed
PO-002566,SUP-011,2025-12-17,2025-12-20,2025-12-20,353,353,Closed
PO-000304,SUP-001,2025-12-17,2025-12-22,2025-12-22,262,262,Closed
PO-001105,SUP-004,2025-12-17,2025-12-24,2025-12-24,343,343,Closed
PO-000623,SUP-002,2025-12-17,2025-12-21,2025-12-21,2349,2349,Closed
PO-001370,SUP-005,2025-12-17,2025-12-21,2025-12-21,152,152,Closed
PO-003078,SUP-016,2025-12-18,2025-12-27,2025-12-31,1112,1112,Closed
PO-001366,SUP-005,2025-12-18,2025-12-22,2025-12-22,412,412,Closed
PO-002186,SUP-008,2025-12-18,2025-12-20,2025-12-20,123,123,Closed
PO-000300,SUP-001,2025-12-18,2025-12-21,2025-12-21,239,239,Closed
PO-000615,SUP-002,2025-12-18,2025-12-24,2025-12-24,835,835,Closed
PO-001101,SUP-004,2025-12-19,2025-12-25,2025-12-25,157,157,Closed
PO-002189,SUP-008,2025-12-19,2025-12-22,2025-12-22,511,511,Closed
PO-002338,SUP-009,2025-12-19,2025-12-28,2025-12-28,396,396,Closed
PO-003199,SUP-017,2025-12-20,2025-12-30,2025-12-29,857,857,Closed
PO-002182,SUP-008,2025-12-20,2025-12-23,2025-12-23,162,162,Closed
PO-001102,SUP-004,2025-12-20,2025-12-28,2025-12-28,591,591,Closed
PO-003586,SUP-021,2025-12-20,2025-12-30,2025-12-30,1561,1561,Closed
PO-003807,SUP-023,2025-12-20,2025-12-24,2025-12-24,702,702,Closed
PO-001921,SUP-007,2025-12-20,2026-01-02,2026-01-02,787,787,Closed
PO-003582,SUP-021,2025-12-21,2025-12-30,2025-12-30,220,220,Closed
PO-000624,SUP-002,2025-12-21,2025-12-26,2025-12-26,198,198,Closed
PO-004140,SUP-033,2025-12-21,2025-12-31,2025-12-31,180,180,Closed
PO-003805,SUP-023,2025-12-21,2025-12-25,2025-12-25,655,655,Closed
PO-003197,SUP-017,2025-12-21,2025-12-29,2025-12-29,180,180,Closed
PO-001369,SUP-005,2025-12-21,2025-12-24,2025-12-24,489,489,Closed
PO-002662,SUP-012,2025-12-21,2025-12-31,2025-12-31,452,452,Closed
PO-002968,SUP-015,2025-12-21,2025-12-25,2025-12-25,493,493,Closed
PO-003698,SUP-022,2025-12-22,2025-12-30,2025-12-30,140,140,Closed
PO-001626,SUP-006,2025-12-22,2025-12-31,2025-12-31,525,525,Closed
PO-002665,SUP-012,2025-12-22,2025-12-29,2025-12-28,196,196,Closed
PO-001625,SUP-006,2025-12-23,2026-01-01,2026-01-01,631,631,Closed
PO-003478,SUP-020,2025-12-23,2025-12-28,2025-12-28,1139,1139,Closed
PO-003703,SUP-022,2025-12-23,2026-01-01,2026-01-01,408,408,Closed
PO-004290,SUP-037,2025-12-23,2025-12-29,2025-12-31,466,466,Closed
PO-002339,SUP-009,2025-12-23,2026-01-01,2026-01-01,205,205,Closed
PO-000297,SUP-001,2025-12-23,2025-12-28,2025-12-27,555,555,Closed
PO-004013,SUP-029,2025-12-23,2026-01-01,2026-01-01,660,660,Closed
PO-001376,SUP-005,2025-12-23,2025-12-26,2025-12-26,613,613,Closed
PO-003084,SUP-016,2025-12-23,2025-12-30,2025-12-30,547,547,Closed
PO-001104,SUP-004,2025-12-24,2026-01-01,2026-01-01,463,463,Closed
PO-002661,SUP-012,2025-12-24,2026-01-02,2026-01-02,359,359,Closed
PO-001375,SUP-005,2025-12-24,2025-12-29,2025-12-29,213,213,Closed
PO-003083,SUP-016,2025-12-24,2025-12-30,2025-12-30,330,330,Closed
PO-002565,SUP-011,2025-12-24,2025-12-27,2025-12-27,308,308,Closed
PO-000870,SUP-003,2025-12-24,2026-01-01,2026-01-01,489,489,Closed
PO-004141,SUP-033,2025-12-25,2026-01-04,2026-01-04,220,220,Closed
PO-002971,SUP-015,2025-12-25,2025-12-30,2025-12-30,540,473,Closed
PO-002759,SUP-013,2025-12-25,2026-01-01,2026-01-01,123,123,Closed
PO-002670,SUP-012,2025-12-25,2026-01-02,2026-01-02,245,245,Closed
PO-002669,SUP-012,2025-12-25,2026-01-03,2026-01-03,63,63,Closed
PO-004176,SUP-034,2025-12-25,2025-12-29,2025-12-30,180,180,Closed
PO-002668,SUP-012,2025-12-25,2026-01-04,2026-01-04,74,74,Closed
PO-000291,SUP-001,2025-12-26,2025-12-30,2025-12-30,154,154,Closed
PO-003480,SUP-020,2025-12-26,2025-12-28,2025-12-28,318,318,Closed
PO-004289,SUP-037,2025-12-26,2025-12-31,2025-12-31,533,533,Closed
PO-003400,SUP-019,2025-12-26,2026-01-06,2026-01-06,252,252,Closed
PO-002567,SUP-011,2025-12-27,2025-12-31,2025-12-30,710,710,Closed
PO-000622,SUP-002,2025-12-27,2026-01-02,2026-01-02,198,187,Closed
PO-003401,SUP-019,2025-12-27,2026-01-09,2026-01-08,71,71,Closed
PO-000618,SUP-002,2025-12-28,2025-12-31,2025-12-31,158,158,Closed
PO-004239,SUP-036,2025-12-28,2026-01-01,2026-01-01,399,399,Closed
PO-002667,SUP-012,2025-12-28,2026-01-06,2026-01-06,373,373,Closed
PO-000298,SUP-001,2025-12-28,2025-12-30,2025-12-30,397,397,Closed
PO-001365,SUP-005,2025-12-28,2026-01-01,2026-01-01,236,236,Closed
PO-002187,SUP-008,2025-12-28,2025-12-31,2025-12-31,195,195,Closed
PO-000619,SUP-002,2025-12-29,2026-01-02,2026-01-02,673,673,Closed
PO-003479,SUP-020,2025-12-29,2025-12-31,2025-12-31,260,260,Closed
PO-000613,SUP-002,2025-12-29,2026-01-02,2026-01-02,101,101,Closed
PO-003907,SUP-025,2025-12-29,2026-01-05,2026-01-05,176,176,Closed
PO-001372,SUP-005,2025-12-29,2026-01-02,2026-01-03,90,90,Closed
PO-002666,SUP-012,2025-12-29,2026-01-05,2026-01-05,125,125,Closed
PO-002337,SUP-009,2025-12-30,2026-01-09,2026-01-09,322,322,Closed
PO-003701,SUP-022,2025-12-31,2026-01-07,2026-01-06,406,406,Closed
PO-000296,SUP-001,2025-12-31,2026-01-03,2026-01-03,343,343,Closed
PO-000302,SUP-001,2025-12-31,2026-01-04,2026-01-03,655,655,Closed
PO-003581,SUP-021,2025-12-31,2026-01-07,2026-01-07,540,540,Closed
PO-000294,SUP-001,2025-12-31,2026-01-03,2026-01-03,152,152,Closed
PO-002190,SUP-008,2025-12-31,2026-01-04,2026-01-04,103,103,Closed
PO-003868,SUP-024,2025-12-31,2026-01-05,2026-01-05,217,217,Closed
PO-003702,SUP-022,2025-12-31,2026-01-08,2026-01-07,206,206,Closed
PO-000864,SUP-003,2025-12-31,2026-01-07,2026-01-07,293,293,Closed
PO-001386,SUP-005,2026-01-01,2026-01-04,2026-01-04,176,176,Closed
PO-003481,SUP-020,2026-01-01,2026-01-04,2026-01-04,156,156,Closed
PO-001389,SUP-005,2026-01-01,2026-01-06,2026-01-06,183,183,Closed
PO-000313,SUP-001,2026-01-01,2026-01-05,2026-01-05,125,125,Closed
PO-003704,SUP-022,2026-01-01,2026-01-10,2026-01-10,123,123,Closed
PO-002860,SUP-014,2026-01-01,2026-01-11,2026-01-12,566,566,Closed
PO-002441,SUP-010,2026-01-01,2026-01-05,2026-01-05,263,263,Closed
PO-001639,SUP-006,2026-01-01,2026-01-11,2026-01-11,1250,1250,Closed
PO-004049,SUP-030,2026-01-01,2026-01-08,2026-01-08,155,155,Closed
PO-003201,SUP-017,2026-01-01,2026-01-08,2026-01-08,151,151,Closed
PO-000309,SUP-001,2026-01-02,2026-01-07,2026-01-07,384,384,Closed
PO-000323,SUP-001,2026-01-02,2026-01-05,2026-01-05,133,133,Closed
PO-003964,SUP-027,2026-01-02,2026-01-10,2026-01-09,959,959,Closed
PO-002764,SUP-013,2026-01-02,2026-01-08,2026-01-08,93,93,Closed
PO-002569,SUP-011,2026-01-02,2026-01-05,2026-01-05,771,771,Closed
PO-003814,SUP-023,2026-01-02,2026-01-07,2026-01-07,398,398,Closed
PO-002206,SUP-008,2026-01-03,2026-01-07,2026-01-08,262,262,Closed
PO-002205,SUP-008,2026-01-03,2026-01-06,2026-01-06,212,212,Closed
PO-000315,SUP-001,2026-01-04,2026-01-07,2026-01-07,88,88,Closed
PO-000322,SUP-001,2026-01-04,2026-01-07,2026-01-07,241,241,Closed
PO-003930,SUP-026,2026-01-04,2026-01-10,2026-01-10,1084,966,Closed
PO-002200,SUP-008,2026-01-04,2026-01-08,2026-01-08,766,766,Closed
PO-002198,SUP-008,2026-01-04,2026-01-07,2026-01-07,291,291,Closed
PO-000306,SUP-001,2026-01-05,2026-01-07,2026-01-07,52,52,Closed
PO-003712,SUP-022,2026-01-05,2026-01-11,2026-01-11,105,105,Closed
PO-002439,SUP-010,2026-01-05,2026-01-09,2026-01-09,91,91,Closed
PO-002678,SUP-012,2026-01-05,2026-01-15,2026-01-15,291,291,Closed
PO-001378,SUP-005,2026-01-05,2026-01-10,2026-01-10,364,364,Closed
PO-000633,SUP-002,2026-01-06,2026-01-11,2026-01-11,653,653,Closed
PO-001385,SUP-005,2026-01-06,2026-01-11,2026-01-12,278,278,Closed
PO-004402,SUP-040,2026-01-06,2026-01-15,2026-01-15,73,73,Closed
PO-003808,SUP-023,2026-01-06,2026-01-10,2026-01-10,78,78,Closed
PO-000880,SUP-003,2026-01-07,2026-01-16,2026-01-16,176,176,Closed
PO-002193,SUP-008,2026-01-07,2026-01-11,2026-01-11,152,106,Closed
PO-002202,SUP-008,2026-01-07,2026-01-09,2026-01-10,750,750,Closed
PO-001377,SUP-005,2026-01-07,2026-01-10,2026-01-10,362,362,Closed
PO-001640,SUP-006,2026-01-07,2026-01-17,2026-01-17,214,214,Closed
PO-003707,SUP-022,2026-01-07,2026-01-14,2026-01-13,256,233,Closed
PO-003809,SUP-023,2026-01-07,2026-01-13,2026-01-13,785,785,Closed
PO-001110,SUP-004,2026-01-08,2026-01-17,2026-01-17,744,744,Closed
PO-004015,SUP-029,2026-01-08,2026-01-18,2026-01-18,378,354,Closed
PO-000631,SUP-002,2026-01-09,2026-01-15,2026-01-15,323,323,Closed
PO-001638,SUP-006,2026-01-09,2026-01-19,2026-01-19,124,124,Closed
PO-000312,SUP-001,2026-01-09,2026-01-13,2026-01-13,354,354,Closed
PO-001391,SUP-005,2026-01-09,2026-01-15,2026-01-15,148,148,Closed
PO-002864,SUP-014,2026-01-09,2026-01-18,2026-01-18,1187,1187,Closed
PO-002974,SUP-015,2026-01-10,2026-01-12,2026-01-12,333,333,Closed
PO-004110,SUP-032,2026-01-10,2026-01-15,2026-01-16,448,448,Closed
PO-000877,SUP-003,2026-01-10,2026-01-19,2026-01-19,354,354,Closed
PO-002442,SUP-010,2026-01-10,2026-01-13,2026-01-13,211,211,Closed
PO-000881,SUP-003,2026-01-10,2026-01-19,2026-01-19,259,259,Closed
PO-003297,SUP-018,2026-01-11,2026-01-15,2026-01-15,136,136,Closed
PO-002861,SUP-014,2026-01-11,2026-01-18,2026-01-18,470,470,Closed
PO-000632,SUP-002,2026-01-11,2026-01-16,2026-01-17,482,482,Closed
PO-001923,SUP-007,2026-01-11,2026-01-22,2026-01-23,110,110,Closed
PO-003085,SUP-016,2026-01-11,2026-01-20,2026-01-26,530,530,Closed
PO-003705,SUP-022,2026-01-12,2026-01-21,2026-01-21,77,77,Closed
PO-002972,SUP-015,2026-01-12,2026-01-14,2026-01-14,325,325,Closed
PO-001109,SUP-004,2026-01-12,2026-01-19,2026-01-19,268,268,Closed
PO-002208,SUP-008,2026-01-12,2026-01-14,2026-01-14,142,142,Closed
PO-001387,SUP-005,2026-01-12,2026-01-16,2026-01-16,354,354,Closed
PO-003594,SUP-021,2026-01-12,2026-01-21,2026-01-21,199,199,Closed
PO-004014,SUP-029,2026-01-12,2026-01-21,2026-01-21,330,330,Closed
PO-004084,SUP-031,2026-01-13,2026-01-27,2026-01-27,147,147,Closed
PO-002203,SUP-008,2026-01-13,2026-01-17,2026-01-17,107,107,Closed
PO-001111,SUP-004,2026-01-13,2026-01-20,2026-01-20,425,425,Closed
PO-000319,SUP-001,2026-01-13,2026-01-18,2026-01-19,186,186,Closed
PO-002207,SUP-008,2026-01-13,2026-01-16,2026-01-16,311,311,Closed
PO-002863,SUP-014,2026-01-13,2026-01-22,2026-01-22,130,130,Closed
PO-001381,SUP-005,2026-01-14,2026-01-20,2026-01-20,597,597,Closed
PO-001926,SUP-007,2026-01-14,2026-01-28,2026-01-27,71,71,Closed
PO-001928,SUP-007,2026-01-14,2026-01-26,2026-01-26,163,163,Closed
PO-001930,SUP-007,2026-01-14,2026-01-28,2026-01-28,473,473,Closed
PO-000321,SUP-001,2026-01-14,2026-01-18,2026-01-18,319,319,Closed
PO-001388,SUP-005,2026-01-14,2026-01-18,2026-01-18,279,279,Closed
PO-002192,SUP-008,2026-01-14,2026-01-18,2026-01-17,823,823,Closed
PO-002570,SUP-011,2026-01-15,2026-01-20,2026-01-20,552,552,Closed
PO-004291,SUP-037,2026-01-15,2026-01-19,2026-01-19,496,496,Closed
PO-000318,SUP-001,2026-01-15,2026-01-17,2026-01-17,321,321,Closed
PO-003589,SUP-021,2026-01-15,2026-01-24,2026-01-24,203,203,Closed
PO-003963,SUP-027,2026-01-15,2026-01-23,2026-01-23,155,155,Closed
PO-002677,SUP-012,2026-01-15,2026-01-25,2026-01-25,156,156,Closed
PO-004109,SUP-032,2026-01-16,2026-01-19,2026-01-19,343,343,Closed
PO-003595,SUP-021,2026-01-16,2026-01-24,2026-01-24,232,232,Closed
PO-003815,SUP-023,2026-01-16,2026-01-21,2026-01-21,1081,1081,Closed
PO-001642,SUP-006,2026-01-16,2026-01-23,2026-01-22,462,462,Closed
PO-001384,SUP-005,2026-01-16,2026-01-21,2026-01-20,226,226,Closed
PO-004178,SUP-034,2026-01-16,2026-01-19,2026-01-19,132,132,Closed
PO-000320,SUP-001,2026-01-17,2026-01-21,2026-01-21,80,76,Closed
PO-003706,SUP-022,2026-01-17,2026-01-23,2026-01-23,82,82,Closed
PO-001929,SUP-007,2026-01-17,2026-01-30,2026-01-30,133,133,Closed
PO-002975,SUP-015,2026-01-17,2026-01-20,2026-01-20,274,274,Closed
PO-002973,SUP-015,2026-01-17,2026-01-19,2026-01-19,264,264,Closed
PO-003296,SUP-018,2026-01-17,2026-01-23,2026-01-23,277,277,Closed
PO-000307,SUP-001,2026-01-17,2026-01-19,2026-01-19,151,151,Closed
PO-002763,SUP-013,2026-01-17,2026-01-26,2026-01-26,104,104,Closed
PO-002340,SUP-009,2026-01-18,2026-01-27,2026-01-29,102,102,Closed
PO-004108,SUP-032,2026-01-18,2026-01-22,2026-01-22,220,220,Closed
PO-002341,SUP-009,2026-01-18,2026-01-27,2026-01-27,195,195,Closed
PO-000878,SUP-003,2026-01-18,2026-01-25,2026-01-26,90,90,Closed
PO-003483,SUP-020,2026-01-18,2026-01-21,2026-01-20,163,163,Closed
PO-003482,SUP-020,2026-01-18,2026-01-22,2026-01-22,327,327,Closed
PO-003484,SUP-020,2026-01-18,2026-01-23,2026-01-23,111,111,Closed
PO-001643,SUP-006,2026-01-18,2026-01-27,2026-01-26,306,306,Closed
PO-004048,SUP-030,2026-01-18,2026-01-25,2026-01-25,217,217,Closed
PO-004016,SUP-029,2026-01-19,2026-01-28,2026-01-28,313,313,Closed
PO-003709,SUP-022,2026-01-19,2026-01-27,2026-01-26,1271,1271,Closed
PO-003588,SUP-021,2026-01-19,2026-01-29,2026-01-31,302,302,Closed
PO-003711,SUP-022,2026-01-19,2026-01-25,2026-01-27,165,165,Closed
PO-001114,SUP-004,2026-01-19,2026-01-27,2026-01-26,85,85,Closed
PO-000308,SUP-001,2026-01-19,2026-01-21,2026-01-21,78,78,Closed
PO-000310,SUP-001,2026-01-20,2026-01-23,2026-01-24,248,248,Closed
PO-001383,SUP-005,2026-01-20,2026-01-24,2026-01-24,97,97,Closed
PO-000630,SUP-002,2026-01-20,2026-01-23,2026-01-23,461,461,Closed
PO-002342,SUP-009,2026-01-20,2026-01-27,2026-01-27,212,212,Closed
PO-004142,SUP-033,2026-01-20,2026-01-27,2026-01-27,400,400,Closed
PO-002196,SUP-008,2026-01-20,2026-01-23,2026-01-23,664,664,Closed
PO-002343,SUP-009,2026-01-21,2026-01-31,2026-01-31,300,300,Closed
PO-002671,SUP-012,2026-01-21,2026-01-29,2026-01-29,355,355,Closed
PO-003086,SUP-016,2026-01-21,2026-01-28,2026-01-28,587,587,Closed
PO-002673,SUP-012,2026-01-21,2026-01-28,2026-01-27,373,373,Closed
PO-001925,SUP-007,2026-01-21,2026-02-04,2026-02-04,143,143,Closed
PO-003989,SUP-028,2026-01-21,2026-01-26,2026-01-27,820,820,Closed
PO-000314,SUP-001,2026-01-21,2026-01-24,2026-01-23,316,316,Closed
PO-004401,SUP-040,2026-01-22,2026-01-28,2026-01-28,122,122,Closed
PO-002194,SUP-008,2026-01-22,2026-01-25,2026-01-25,450,450,Closed
PO-003087,SUP-016,2026-01-22,2026-01-29,2026-01-30,241,241,Closed
PO-001112,SUP-004,2026-01-22,2026-01-31,2026-01-31,266,266,Closed
PO-003811,SUP-023,2026-01-22,2026-01-25,2026-01-24,163,163,Closed
PO-003295,SUP-018,2026-01-22,2026-01-25,2026-01-25,684,659,Closed
PO-002440,SUP-010,2026-01-22,2026-01-25,2026-01-25,361,361,Closed
PO-001392,SUP-005,2026-01-23,2026-01-28,2026-01-27,267,267,Closed
PO-003402,SUP-019,2026-01-23,2026-02-06,2026-02-06,147,147,Closed
PO-004292,SUP-037,2026-01-23,2026-01-26,2026-01-26,300,300,Closed
PO-003713,SUP-022,2026-01-23,2026-01-30,2026-01-30,66,66,Closed
PO-003708,SUP-022,2026-01-23,2026-01-31,2026-01-31,107,107,Closed
PO-001382,SUP-005,2026-01-23,2026-01-26,2026-01-26,416,416,Closed
PO-004047,SUP-030,2026-01-23,2026-01-30,2026-01-30,423,423,Closed
PO-001924,SUP-007,2026-01-24,2026-02-05,2026-02-05,285,285,Closed
PO-000874,SUP-003,2026-01-24,2026-01-31,2026-01-31,289,289,Closed
PO-000875,SUP-003,2026-01-24,2026-02-01,2026-02-01,863,863,Closed
PO-003965,SUP-027,2026-01-24,2026-02-02,2026-02-02,230,230,Closed
PO-001641,SUP-006,2026-01-24,2026-02-02,2026-02-02,559,559,Closed
PO-004293,SUP-037,2026-01-24,2026-01-27,2026-01-28,251,251,Closed
PO-002674,SUP-012,2026-01-24,2026-02-01,2026-02-01,228,228,Closed
PO-004208,SUP-035,2026-01-25,2026-02-01,2026-02-01,179,179,Closed
PO-002766,SUP-013,2026-01-25,2026-02-01,2026-02-01,562,562,Closed
PO-002675,SUP-012,2026-01-25,2026-02-04,2026-02-04,262,262,Closed
PO-000316,SUP-001,2026-01-25,2026-01-28,2026-01-28,540,540,Closed
PO-003592,SUP-021,2026-01-25,2026-02-02,2026-02-02,510,510,Closed
PO-002765,SUP-013,2026-01-25,2026-02-01,2026-02-04,175,175,Closed
PO-000629,SUP-002,2026-01-25,2026-01-30,2026-01-30,227,227,Closed
PO-000628,SUP-002,2026-01-26,2026-02-01,2026-02-01,263,263,Closed
PO-002199,SUP-008,2026-01-26,2026-01-30,2026-01-30,144,144,Closed
PO-003088,SUP-016,2026-01-26,2026-02-03,2026-02-03,69,69,Closed
PO-004107,SUP-032,2026-01-26,2026-01-29,2026-01-28,56,56,Closed
PO-003962,SUP-027,2026-01-26,2026-02-02,2026-02-02,189,189,Closed
PO-002676,SUP-012,2026-01-27,2026-02-05,2026-02-05,144,144,Closed
PO-003590,SUP-021,2026-01-27,2026-02-04,2026-02-04,111,111,Closed
PO-000626,SUP-002,2026-01-27,2026-02-02,2026-02-01,217,217,Closed
PO-000311,SUP-001,2026-01-27,2026-01-30,2026-01-30,659,659,Closed
PO-003593,SUP-021,2026-01-27,2026-02-06,2026-02-06,367,367,Closed
PO-001390,SUP-005,2026-01-27,2026-01-30,2026-01-29,75,75,Closed
PO-000627,SUP-002,2026-01-27,2026-01-30,2026-01-30,407,407,Closed
PO-003591,SUP-021,2026-01-27,2026-02-06,2026-02-08,376,376,Closed
PO-000876,SUP-003,2026-01-28,2026-02-07,2026-02-07,124,124,Closed
PO-001645,SUP-006,2026-01-28,2026-02-06,2026-02-06,500,500,Closed
PO-002201,SUP-008,2026-01-28,2026-02-02,2026-02-02,399,399,Closed
PO-000625,SUP-002,2026-01-28,2026-01-31,2026-01-31,241,241,Closed
PO-001380,SUP-005,2026-01-28,2026-01-31,2026-01-30,163,163,Closed
PO-003813,SUP-023,2026-01-28,2026-02-03,2026-02-03,190,190,Closed
PO-003710,SUP-022,2026-01-29,2026-02-07,2026-02-07,469,469,Closed
PO-000317,SUP-001,2026-01-29,2026-02-03,2026-02-04,185,185,Closed
PO-002672,SUP-012,2026-01-29,2026-02-08,2026-02-10,259,259,Closed
PO-002204,SUP-008,2026-01-29,2026-01-31,2026-01-31,176,176,Closed
PO-000879,SUP-003,2026-01-29,2026-02-05,2026-02-05,40,40,Closed
PO-001116,SUP-004,2026-01-29,2026-02-04,2026-02-04,588,588,Closed
PO-003202,SUP-017,2026-01-30,2026-02-07,2026-02-07,298,298,Closed
PO-002862,SUP-014,2026-01-30,2026-02-06,2026-02-06,166,166,Closed
PO-002195,SUP-008,2026-01-30,2026-02-03,2026-02-03,252,252,Closed
PO-002197,SUP-008,2026-01-30,2026-02-03,2026-02-03,577,577,Closed
PO-002865,SUP-014,2026-01-30,2026-02-06,2026-02-07,690,690,Closed
PO-004240,SUP-036,2026-01-30,2026-02-01,2026-02-01,229,229,Closed
PO-001644,SUP-006,2026-01-30,2026-02-06,2026-02-06,316,316,Closed
PO-003294,SUP-018,2026-01-30,2026-02-03,2026-02-06,136,136,Closed
PO-003298,SUP-018,2026-01-30,2026-02-03,2026-02-02,341,341,Closed
PO-001113,SUP-004,2026-01-30,2026-02-08,2026-02-08,130,130,Closed
PO-003810,SUP-023,2026-01-31,2026-02-06,2026-02-06,178,178,Closed
PO-001115,SUP-004,2026-01-31,2026-02-09,2026-02-09,306,306,Closed
PO-000634,SUP-002,2026-01-31,2026-02-04,2026-02-03,55,55,Closed
PO-002976,SUP-015,2026-01-31,2026-02-02,2026-02-02,2540,2540,Closed
PO-001637,SUP-006,2026-01-31,2026-02-07,2026-02-07,358,358,Closed
PO-001927,SUP-007,2026-01-31,2026-02-14,2026-02-14,1356,1356,Closed
PO-004209,SUP-035,2026-01-31,2026-02-08,2026-02-07,129,129,Closed
PO-003812,SUP-023,2026-01-31,2026-02-03,2026-02-03,353,353,Closed
PO-001379,SUP-005,2026-01-31,2026-02-06,2026-02-06,137,137,Closed
PO-004241,SUP-036,2026-02-01,2026-02-03,2026-02-03,733,733,Closed
PO-002447,SUP-010,2026-02-01,2026-02-05,2026-02-05,297,223,Closed
PO-002347,SUP-009,2026-02-01,2026-02-10,2026-02-10,74,74,Closed
PO-003485,SUP-020,2026-02-01,2026-02-03,2026-02-03,295,295,Closed
PO-001938,SUP-007,2026-02-01,2026-02-12,2026-02-12,137,137,Closed
PO-001130,SUP-004,2026-02-01,2026-02-09,2026-02-08,2554,2554,Closed
PO-001394,SUP-005,2026-02-01,2026-02-06,2026-02-06,196,196,Closed
PO-002985,SUP-015,2026-02-01,2026-02-03,2026-02-03,310,310,Closed
PO-001647,SUP-006,2026-02-01,2026-02-11,2026-02-11,117,117,Closed
PO-003715,SUP-022,2026-02-01,2026-02-09,2026-02-09,470,470,Closed
PO-000345,SUP-001,2026-02-02,2026-02-05,2026-02-05,287,287,Closed
PO-000334,SUP-001,2026-02-02,2026-02-07,2026-02-07,592,592,Closed
PO-003091,SUP-016,2026-02-02,2026-02-10,2026-02-10,410,410,Closed
PO-003300,SUP-018,2026-02-02,2026-02-05,2026-02-05,58,58,Closed
PO-002983,SUP-015,2026-02-02,2026-02-07,2026-02-07,347,300,Closed
PO-002771,SUP-013,2026-02-02,2026-02-11,2026-02-11,313,313,Closed
PO-001932,SUP-007,2026-02-02,2026-02-13,2026-02-13,133,133,Closed
PO-002679,SUP-012,2026-02-02,2026-02-11,2026-02-10,1019,1019,Closed
PO-001651,SUP-006,2026-02-02,2026-02-11,2026-02-11,777,777,Closed
PO-001127,SUP-004,2026-02-03,2026-02-12,2026-02-12,89,89,Closed
PO-002984,SUP-015,2026-02-03,2026-02-08,2026-02-09,429,429,Closed
PO-000639,SUP-002,2026-02-03,2026-02-09,2026-02-09,127,127,Closed
PO-000882,SUP-003,2026-02-03,2026-02-12,2026-02-12,197,197,Closed
PO-000339,SUP-001,2026-02-03,2026-02-08,2026-02-09,218,218,Closed
PO-002981,SUP-015,2026-02-03,2026-02-08,2026-02-08,397,397,Closed
PO-000325,SUP-001,2026-02-03,2026-02-05,2026-02-06,284,284,Closed
PO-002215,SUP-008,2026-02-04,2026-02-06,2026-02-06,199,199,Closed
PO-001128,SUP-004,2026-02-04,2026-02-13,2026-02-12,414,414,Closed
PO-003301,SUP-018,2026-02-04,2026-02-09,2026-02-09,286,286,Closed
PO-001124,SUP-004,2026-02-04,2026-02-13,2026-02-13,220,220,Closed
PO-002571,SUP-011,2026-02-04,2026-02-07,2026-02-13,155,155,Closed
PO-000637,SUP-002,2026-02-05,2026-02-11,2026-02-11,222,202,Closed
PO-001131,SUP-004,2026-02-05,2026-02-14,2026-02-13,364,364,Closed
PO-003090,SUP-016,2026-02-05,2026-02-13,2026-02-13,348,348,Closed
PO-001654,SUP-006,2026-02-06,2026-02-14,2026-02-14,208,208,Closed
PO-003486,SUP-020,2026-02-07,2026-02-12,2026-02-13,646,646,Closed
PO-003487,SUP-020,2026-02-07,2026-02-09,2026-02-09,388,388,Closed
PO-004294,SUP-037,2026-02-07,2026-02-10,2026-02-12,133,133,Closed
PO-004180,SUP-034,2026-02-07,2026-02-12,2026-02-11,310,310,Closed
PO-002769,SUP-013,2026-02-07,2026-02-16,2026-02-15,155,155,Closed
PO-000344,SUP-001,2026-02-07,2026-02-12,2026-02-12,456,456,Closed
PO-002979,SUP-015,2026-02-07,2026-02-10,2026-02-10,342,342,Closed
PO-003817,SUP-023,2026-02-07,2026-02-11,2026-02-11,660,660,Closed
PO-003206,SUP-017,2026-02-07,2026-02-14,2026-02-14,215,215,Closed
PO-001646,SUP-006,2026-02-08,2026-02-15,2026-02-15,224,224,Closed
PO-002868,SUP-014,2026-02-08,2026-02-18,2026-02-18,175,175,Closed
PO-002682,SUP-012,2026-02-08,2026-02-17,2026-02-16,128,128,Closed
PO-000638,SUP-002,2026-02-08,2026-02-12,2026-02-11,364,364,Closed
PO-001399,SUP-005,2026-02-08,2026-02-12,2026-02-12,61,61,Closed
PO-001119,SUP-004,2026-02-08,2026-02-14,2026-02-14,232,232,Closed
PO-001650,SUP-006,2026-02-08,2026-02-15,2026-02-14,202,202,Closed
PO-003816,SUP-023,2026-02-08,2026-02-12,2026-02-12,203,203,Closed
PO-000636,SUP-002,2026-02-08,2026-02-12,2026-02-12,179,126,Closed
PO-004210,SUP-035,2026-02-09,2026-02-16,2026-02-17,594,594,Closed
PO-000889,SUP-003,2026-02-09,2026-02-17,2026-02-17,235,235,Closed
PO-001397,SUP-005,2026-02-09,2026-02-12,2026-02-12,235,235,Closed
PO-000340,SUP-001,2026-02-09,2026-02-14,2026-02-16,278,278,Closed
PO-002870,SUP-014,2026-02-09,2026-02-17,2026-02-16,146,146,Closed
PO-001122,SUP-004,2026-02-09,2026-02-16,2026-02-16,446,446,Closed
PO-002576,SUP-011,2026-02-10,2026-02-14,2026-02-14,166,166,Closed
PO-002574,SUP-011,2026-02-10,2026-02-15,2026-02-15,543,543,Closed
PO-002346,SUP-009,2026-02-10,2026-02-17,2026-02-17,411,411,Closed
PO-002770,SUP-013,2026-02-10,2026-02-16,2026-02-16,808,808,Closed
PO-000333,SUP-001,2026-02-10,2026-02-13,2026-02-13,217,217,Closed
PO-003093,SUP-016,2026-02-11,2026-02-18,2026-02-18,63,63,Closed
PO-000338,SUP-001,2026-02-11,2026-02-16,2026-02-15,215,215,Closed
PO-004332,SUP-038,2026-02-11,2026-02-25,2026-02-28,379,379,Closed
PO-001931,SUP-007,2026-02-11,2026-02-23,2026-02-23,391,285,Closed
PO-002216,SUP-008,2026-02-11,2026-02-14,2026-02-14,107,107,Closed
PO-000341,SUP-001,2026-02-11,2026-02-16,2026-02-18,304,304,Closed
PO-001132,SUP-004,2026-02-11,2026-02-17,2026-02-17,98,98,Closed
PO-001934,SUP-007,2026-02-12,2026-02-26,2026-02-26,1690,1690,Closed
PO-000326,SUP-001,2026-02-12,2026-02-17,2026-02-17,98,98,Closed
PO-000328,SUP-001,2026-02-12,2026-02-14,2026-02-16,432,432,Closed
PO-000343,SUP-001,2026-02-12,2026-02-17,2026-02-19,433,433,Closed
PO-000346,SUP-001,2026-02-12,2026-02-15,2026-02-15,179,179,Closed
PO-003207,SUP-017,2026-02-13,2026-02-23,2026-02-23,389,389,Closed
PO-000331,SUP-001,2026-02-13,2026-02-17,2026-02-17,118,118,Closed
PO-000890,SUP-003,2026-02-13,2026-02-21,2026-02-21,160,160,Closed
PO-002573,SUP-011,2026-02-14,2026-02-19,2026-02-19,336,336,Closed
PO-000884,SUP-003,2026-02-14,2026-02-21,2026-02-21,166,166,Closed
PO-001395,SUP-005,2026-02-14,2026-02-19,2026-02-19,209,209,Closed
PO-003203,SUP-017,2026-02-15,2026-02-22,2026-02-22,215,154,Closed
PO-001653,SUP-006,2026-02-15,2026-02-22,2026-02-22,265,265,Closed
PO-000337,SUP-001,2026-02-15,2026-02-18,2026-02-21,268,268,Closed
PO-004086,SUP-031,2026-02-15,2026-02-27,2026-02-27,473,473,Closed
PO-002978,SUP-015,2026-02-16,2026-02-18,2026-02-18,150,150,Closed
PO-001118,SUP-004,2026-02-16,2026-02-25,2026-02-25,892,892,Closed
PO-000332,SUP-001,2026-02-16,2026-02-20,2026-02-21,115,115,Closed
PO-002212,SUP-008,2026-02-16,2026-02-20,2026-02-21,122,86,Closed
PO-003405,SUP-019,2026-02-17,2026-03-01,2026-03-01,176,176,Closed
PO-003596,SUP-021,2026-02-17,2026-02-25,2026-02-25,373,373,Closed
PO-002345,SUP-009,2026-02-17,2026-02-26,2026-02-26,234,234,Closed
PO-003089,SUP-016,2026-02-17,2026-02-24,2026-02-24,195,195,Closed
PO-001126,SUP-004,2026-02-17,2026-02-23,2026-02-22,305,305,Closed
PO-002681,SUP-012,2026-02-18,2026-02-28,2026-03-01,295,295,Closed
PO-001396,SUP-005,2026-02-18,2026-02-21,2026-02-21,132,132,Closed
PO-004018,SUP-029,2026-02-18,2026-02-25,2026-02-25,875,875,Closed
PO-003598,SUP-021,2026-02-18,2026-02-28,2026-02-28,133,133,Closed
PO-001117,SUP-004,2026-02-19,2026-02-28,2026-02-28,349,349,Closed
PO-000330,SUP-001,2026-02-19,2026-02-24,2026-02-25,419,419,Closed
PO-002575,SUP-011,2026-02-19,2026-02-22,2026-02-22,269,269,Closed
PO-002344,SUP-009,2026-02-19,2026-02-28,2026-02-28,510,510,Closed
PO-002445,SUP-010,2026-02-19,2026-02-22,2026-02-22,233,233,Closed
PO-000336,SUP-001,2026-02-19,2026-02-22,2026-02-22,632,632,Closed
PO-002768,SUP-013,2026-02-19,2026-02-25,2026-02-25,361,361,Closed
PO-000883,SUP-003,2026-02-19,2026-02-26,2026-02-25,175,175,Closed
PO-003403,SUP-019,2026-02-19,2026-03-02,2026-03-02,268,268,Closed
PO-001936,SUP-007,2026-02-19,2026-03-04,2026-03-03,329,329,Closed
PO-002866,SUP-014,2026-02-19,2026-02-26,2026-02-28,756,756,Closed
PO-003908,SUP-025,2026-02-20,2026-03-02,2026-03-02,508,508,Closed
PO-000886,SUP-003,2026-02-20,2026-03-01,2026-03-01,399,308,Closed
PO-001937,SUP-007,2026-02-20,2026-03-06,2026-03-06,260,260,Closed
PO-002982,SUP-015,2026-02-20,2026-02-25,2026-02-25,303,303,Closed
PO-004295,SUP-037,2026-02-20,2026-02-26,2026-02-26,271,271,Closed
PO-004017,SUP-029,2026-02-20,2026-03-01,2026-03-01,508,508,Closed
PO-000641,SUP-002,2026-02-20,2026-02-24,2026-02-24,357,357,Closed
PO-000327,SUP-001,2026-02-20,2026-02-23,2026-02-23,152,152,Closed
PO-000888,SUP-003,2026-02-20,2026-03-02,2026-03-02,175,175,Closed
PO-002213,SUP-008,2026-02-20,2026-02-24,2026-02-24,405,405,Closed
PO-001120,SUP-004,2026-02-21,2026-02-27,2026-02-27,280,280,Closed
PO-003931,SUP-026,2026-02-21,2026-02-24,2026-02-24,325,325,Closed
PO-002980,SUP-015,2026-02-21,2026-02-26,2026-02-26,440,440,Closed
PO-004373,SUP-039,2026-02-21,2026-02-24,2026-02-25,515,515,Closed
PO-000342,SUP-001,2026-02-22,2026-02-27,2026-02-27,225,225,Closed
PO-002214,SUP-008,2026-02-22,2026-02-25,2026-02-25,136,136,Closed
PO-001123,SUP-004,2026-02-22,2026-02-28,2026-03-02,391,391,Closed
PO-002446,SUP-010,2026-02-22,2026-02-27,2026-02-26,499,499,Closed
PO-003299,SUP-018,2026-02-22,2026-02-28,2026-02-28,247,247,Closed
PO-004333,SUP-038,2026-02-22,2026-03-05,2026-03-05,488,488,Closed
PO-002444,SUP-010,2026-02-23,2026-02-28,2026-02-28,299,299,Closed
PO-002209,SUP-008,2026-02-23,2026-02-25,2026-02-25,155,155,Closed
PO-004296,SUP-037,2026-02-23,2026-02-26,2026-02-26,211,211,Closed
PO-001652,SUP-006,2026-02-23,2026-03-04,2026-03-05,104,104,Closed
PO-001121,SUP-004,2026-02-23,2026-03-04,2026-03-04,297,297,Closed
PO-000640,SUP-002,2026-02-23,2026-02-27,2026-02-27,411,411,Closed
PO-003092,SUP-016,2026-02-23,2026-03-01,2026-03-01,357,357,Closed
PO-003404,SUP-019,2026-02-23,2026-03-07,2026-03-06,92,92,Closed
PO-002680,SUP-012,2026-02-24,2026-03-05,2026-03-06,168,168,Closed
PO-003716,SUP-022,2026-02-24,2026-03-02,2026-03-02,195,195,Closed
PO-000324,SUP-001,2026-02-24,2026-02-26,2026-03-01,170,170,Closed
PO-002211,SUP-008,2026-02-24,2026-02-27,2026-02-27,125,108,Closed
PO-001649,SUP-006,2026-02-24,2026-03-04,2026-03-04,412,412,Closed
PO-002767,SUP-013,2026-02-24,2026-03-05,2026-03-05,530,530,Closed
PO-001125,SUP-004,2026-02-24,2026-03-03,2026-03-03,111,111,Closed
PO-004179,SUP-034,2026-02-24,2026-03-01,2026-03-01,290,290,Closed
PO-000635,SUP-002,2026-02-25,2026-03-01,2026-03-01,334,334,Closed
PO-002448,SUP-010,2026-02-25,2026-02-28,2026-02-28,376,376,Closed
PO-001655,SUP-006,2026-02-25,2026-03-04,2026-03-04,197,197,Closed
PO-000329,SUP-001,2026-02-25,2026-02-27,2026-02-27,505,505,Closed
PO-004181,SUP-034,2026-02-25,2026-02-28,2026-02-28,312,312,Closed
PO-004085,SUP-031,2026-02-25,2026-03-09,2026-03-09,1059,1059,Closed
PO-000885,SUP-003,2026-02-26,2026-03-08,2026-03-08,989,989,Closed
PO-002869,SUP-014,2026-02-26,2026-03-05,2026-03-05,1176,1176,Closed
PO-002867,SUP-014,2026-02-26,2026-03-07,2026-03-07,84,84,Closed
PO-003717,SUP-022,2026-02-26,2026-03-04,2026-03-04,610,610,Closed
PO-002977,SUP-015,2026-02-26,2026-03-02,2026-03-02,324,324,Closed
PO-003597,SUP-021,2026-02-26,2026-03-07,2026-03-07,550,550,Closed
PO-001398,SUP-005,2026-02-26,2026-03-01,2026-02-28,211,211,Closed
PO-002572,SUP-011,2026-02-26,2026-03-01,2026-03-01,159,159,Closed
PO-003714,SUP-022,2026-02-26,2026-03-06,2026-03-06,277,277,Closed
PO-000335,SUP-001,2026-02-27,2026-03-02,2026-03-02,752,631,Closed
PO-002443,SUP-010,2026-02-27,2026-03-03,2026-03-03,306,306,Closed
PO-001129,SUP-004,2026-02-27,2026-03-05,2026-03-05,637,637,Closed
PO-001935,SUP-007,2026-02-27,2026-03-10,2026-03-10,460,460,Closed
PO-004372,SUP-039,2026-02-27,2026-03-01,2026-03-05,502,502,Closed
PO-001933,SUP-007,2026-02-27,2026-03-12,2026-03-15,309,309,Closed
PO-000887,SUP-003,2026-02-27,2026-03-09,2026-03-09,140,140,Closed
PO-001393,SUP-005,2026-02-28,2026-03-05,2026-03-05,753,753,Closed
PO-002210,SUP-008,2026-02-28,2026-03-05,2026-03-05,624,624,Closed
PO-004403,SUP-040,2026-02-28,2026-03-06,2026-03-10,547,547,Closed
PO-003205,SUP-017,2026-02-28,2026-03-07,2026-03-08,427,427,Closed
PO-003204,SUP-017,2026-02-28,2026-03-10,2026-03-10,425,425,Closed
PO-002348,SUP-009,2026-02-28,2026-03-07,2026-03-06,144,144,Closed
PO-001648,SUP-006,2026-02-28,2026-03-10,2026-03-09,436,436,Closed
PO-004297,SUP-037,2026-02-28,2026-03-06,2026-03-06,402,402,Closed
PO-004087,SUP-031,2026-03-01,2026-03-14,2026-03-14,266,266,Closed
PO-001661,SUP-006,2026-03-01,2026-03-08,2026-03-08,676,676,Closed
PO-003304,SUP-018,2026-03-01,2026-03-06,2026-03-06,108,108,Closed
PO-003600,SUP-021,2026-03-01,2026-03-10,2026-03-10,97,84,Closed
PO-000891,SUP-003,2026-03-01,2026-03-08,2026-03-08,471,471,Closed
PO-000896,SUP-003,2026-03-01,2026-03-11,2026-03-11,596,596,Closed
PO-003870,SUP-024,2026-03-01,2026-03-04,2026-03-04,96,96,Closed
PO-002218,SUP-008,2026-03-01,2026-03-04,2026-03-04,610,610,Closed
PO-000897,SUP-003,2026-03-01,2026-03-09,2026-03-09,242,242,Closed
PO-001406,SUP-005,2026-03-01,2026-03-04,2026-03-04,160,127,Closed
PO-000898,SUP-003,2026-03-02,2026-03-09,2026-03-09,269,269,Closed
PO-003406,SUP-019,2026-03-02,2026-03-16,2026-03-16,359,359,Closed
PO-002772,SUP-013,2026-03-02,2026-03-08,2026-03-08,312,312,Closed
PO-003212,SUP-017,2026-03-02,2026-03-11,2026-03-11,373,373,Closed
PO-003821,SUP-023,2026-03-02,2026-03-07,2026-03-07,273,273,Closed
PO-001409,SUP-005,2026-03-02,2026-03-06,2026-03-06,179,179,Closed
PO-002687,SUP-012,2026-03-03,2026-03-12,2026-03-12,137,137,Closed
PO-002774,SUP-013,2026-03-03,2026-03-12,2026-03-12,296,296,Closed
PO-001404,SUP-005,2026-03-03,2026-03-07,2026-03-06,285,285,Closed
PO-003303,SUP-018,2026-03-03,2026-03-06,2026-03-05,229,192,Closed
PO-000642,SUP-002,2026-03-03,2026-03-09,2026-03-09,871,871,Closed
PO-001134,SUP-004,2026-03-03,2026-03-12,2026-03-12,673,481,Closed
PO-001672,SUP-006,2026-03-03,2026-03-10,2026-03-10,367,367,Closed
PO-003605,SUP-021,2026-03-03,2026-03-13,2026-03-13,131,131,Closed
PO-003412,SUP-019,2026-03-04,2026-03-17,2026-03-17,146,146,Closed
PO-000348,SUP-001,2026-03-04,2026-03-06,2026-03-07,377,377,Closed
PO-003822,SUP-023,2026-03-04,2026-03-08,2026-03-08,175,175,Closed
PO-003306,SUP-018,2026-03-04,2026-03-08,2026-03-08,552,552,Closed
PO-000905,SUP-003,2026-03-04,2026-03-14,2026-03-14,311,311,Closed
PO-003719,SUP-022,2026-03-04,2026-03-12,2026-03-12,159,159,Closed
PO-001407,SUP-005,2026-03-05,2026-03-09,2026-03-09,510,510,Closed
PO-003966,SUP-027,2026-03-05,2026-03-12,2026-03-12,188,188,Closed
PO-000357,SUP-001,2026-03-05,2026-03-10,2026-03-10,412,391,Closed
PO-003209,SUP-017,2026-03-05,2026-03-13,2026-03-13,325,325,Closed
PO-002986,SUP-015,2026-03-05,2026-03-08,2026-03-08,94,94,Closed
PO-000352,SUP-001,2026-03-05,2026-03-09,2026-03-09,75,75,Closed
PO-002583,SUP-011,2026-03-05,2026-03-10,2026-03-10,446,446,Closed
PO-002871,SUP-014,2026-03-05,2026-03-15,2026-03-15,163,163,Closed
PO-000899,SUP-003,2026-03-05,2026-03-15,2026-03-15,223,223,Closed
PO-001665,SUP-006,2026-03-06,2026-03-16,2026-03-16,724,724,Closed
PO-000894,SUP-003,2026-03-06,2026-03-15,2026-03-15,850,850,Closed
PO-003208,SUP-017,2026-03-06,2026-03-16,2026-03-17,153,153,Closed
PO-003491,SUP-020,2026-03-06,2026-03-09,2026-03-08,155,123,Closed
PO-004298,SUP-037,2026-03-07,2026-03-10,2026-03-11,172,124,Closed
PO-003408,SUP-019,2026-03-07,2026-03-20,2026-03-20,114,114,Closed
PO-000907,SUP-003,2026-03-07,2026-03-15,2026-03-15,276,276,Closed
PO-002988,SUP-015,2026-03-07,2026-03-10,2026-03-10,1280,1280,Closed
PO-001141,SUP-004,2026-03-07,2026-03-14,2026-03-14,85,85,Closed
PO-002219,SUP-008,2026-03-07,2026-03-10,2026-03-10,299,299,Closed
PO-001403,SUP-005,2026-03-08,2026-03-14,2026-03-14,72,72,Closed
PO-003603,SUP-021,2026-03-08,2026-03-18,2026-03-17,1037,1037,Closed
PO-003096,SUP-016,2026-03-08,2026-03-16,2026-03-16,620,620,Closed
PO-001400,SUP-005,2026-03-08,2026-03-14,2026-03-14,203,203,Closed
PO-001946,SUP-007,2026-03-08,2026-03-19,2026-03-19,244,244,Closed
PO-002350,SUP-009,2026-03-08,2026-03-17,2026-03-17,166,166,Closed
PO-003819,SUP-023,2026-03-08,2026-03-13,2026-03-13,148,148,Closed
PO-003818,SUP-023,2026-03-09,2026-03-15,2026-03-15,319,319,Closed
PO-003488,SUP-020,2026-03-09,2026-03-14,2026-03-14,201,201,Closed
PO-001657,SUP-006,2026-03-09,2026-03-18,2026-03-18,193,193,Closed
PO-001401,SUP-005,2026-03-09,2026-03-12,2026-03-13,373,373,Closed
PO-003094,SUP-016,2026-03-09,2026-03-18,2026-03-17,589,589,Closed
PO-001663,SUP-006,2026-03-09,2026-03-19,2026-03-19,470,470,Closed
PO-002451,SUP-010,2026-03-10,2026-03-13,2026-03-16,427,427,Closed
PO-000903,SUP-003,2026-03-10,2026-03-19,2026-03-19,306,306,Closed
PO-002217,SUP-008,2026-03-10,2026-03-13,2026-03-13,73,73,Closed
PO-000893,SUP-003,2026-03-10,2026-03-18,2026-03-18,364,364,Closed
PO-001945,SUP-007,2026-03-10,2026-03-23,2026-03-22,49,49,Closed
PO-001137,SUP-004,2026-03-10,2026-03-18,2026-03-18,61,61,Closed
PO-003967,SUP-027,2026-03-10,2026-03-17,2026-03-17,172,172,Closed
PO-000902,SUP-003,2026-03-11,2026-03-19,2026-03-19,176,176,Closed
PO-002875,SUP-014,2026-03-11,2026-03-19,2026-03-21,114,114,Closed
PO-000906,SUP-003,2026-03-11,2026-03-18,2026-03-18,229,229,Closed
PO-000892,SUP-003,2026-03-12,2026-03-21,2026-03-21,404,404,Closed
PO-000644,SUP-002,2026-03-12,2026-03-15,2026-03-15,283,283,Closed
PO-003305,SUP-018,2026-03-12,2026-03-16,2026-03-16,627,627,Closed
PO-002989,SUP-015,2026-03-12,2026-03-17,2026-03-17,441,441,Closed
PO-001664,SUP-006,2026-03-12,2026-03-20,2026-03-20,271,271,Closed
PO-000645,SUP-002,2026-03-13,2026-03-19,2026-03-19,271,271,Closed
PO-001405,SUP-005,2026-03-13,2026-03-19,2026-03-19,311,311,Closed
PO-003602,SUP-021,2026-03-13,2026-03-20,2026-03-21,197,197,Closed
PO-002225,SUP-008,2026-03-13,2026-03-15,2026-03-15,218,218,Closed
PO-003604,SUP-021,2026-03-13,2026-03-20,2026-03-20,177,177,Closed
PO-003210,SUP-017,2026-03-14,2026-03-23,2026-03-23,346,346,Closed
PO-002874,SUP-014,2026-03-14,2026-03-22,2026-03-22,361,361,Closed
PO-000648,SUP-002,2026-03-14,2026-03-20,2026-03-20,390,390,Closed
PO-002685,SUP-012,2026-03-14,2026-03-22,2026-03-22,396,396,Closed
PO-001667,SUP-006,2026-03-15,2026-03-24,2026-03-24,281,281,Closed
PO-002223,SUP-008,2026-03-15,2026-03-19,2026-03-19,257,257,Closed
PO-000354,SUP-001,2026-03-15,2026-03-19,2026-03-20,128,128,Closed
PO-004019,SUP-029,2026-03-15,2026-03-23,2026-03-23,275,257,Closed
PO-002582,SUP-011,2026-03-15,2026-03-17,2026-03-17,133,133,Closed
PO-002351,SUP-009,2026-03-15,2026-03-24,2026-03-24,258,258,Closed
PO-000647,SUP-002,2026-03-15,2026-03-19,2026-03-19,87,87,Closed
PO-002450,SUP-010,2026-03-15,2026-03-19,2026-03-19,119,87,Closed
PO-003932,SUP-026,2026-03-15,2026-03-18,2026-03-17,265,200,Closed
PO-001942,SUP-007,2026-03-15,2026-03-26,2026-03-26,116,100,Closed
PO-001136,SUP-004,2026-03-16,2026-03-22,2026-03-24,402,402,Closed
PO-001135,SUP-004,2026-03-16,2026-03-23,2026-03-23,159,159,Closed
PO-001142,SUP-004,2026-03-16,2026-03-22,2026-03-23,554,554,Closed
PO-004404,SUP-040,2026-03-16,2026-03-25,2026-03-26,218,218,Closed
PO-003718,SUP-022,2026-03-16,2026-03-23,2026-03-23,264,264,Closed
PO-004300,SUP-037,2026-03-16,2026-03-19,2026-03-20,241,241,Closed
PO-002990,SUP-015,2026-03-16,2026-03-20,2026-03-20,152,152,Closed
PO-002224,SUP-008,2026-03-16,2026-03-19,2026-03-19,205,205,Closed
PO-001944,SUP-007,2026-03-17,2026-03-31,2026-03-31,260,260,Closed
PO-000355,SUP-001,2026-03-17,2026-03-22,2026-03-21,156,156,Closed
PO-002222,SUP-008,2026-03-17,2026-03-21,2026-03-21,159,159,Closed
PO-002873,SUP-014,2026-03-17,2026-03-27,2026-03-27,157,157,Closed
PO-004211,SUP-035,2026-03-17,2026-03-24,2026-03-24,195,195,Closed
PO-004336,SUP-038,2026-03-17,2026-03-31,2026-04-02,806,806,Closed
PO-000358,SUP-001,2026-03-17,2026-03-22,2026-03-23,366,366,Closed
PO-001666,SUP-006,2026-03-18,2026-03-25,2026-03-25,269,269,Closed
PO-002872,SUP-014,2026-03-18,2026-03-27,2026-03-27,403,403,Closed
PO-004335,SUP-038,2026-03-18,2026-03-31,2026-03-31,735,735,Closed
PO-000904,SUP-003,2026-03-19,2026-03-26,2026-03-26,349,349,Closed
PO-002684,SUP-012,2026-03-19,2026-03-27,2026-03-27,178,127,Closed
PO-000351,SUP-001,2026-03-19,2026-03-24,2026-03-24,497,497,Closed
PO-002226,SUP-008,2026-03-19,2026-03-23,2026-03-23,960,960,Closed
PO-001133,SUP-004,2026-03-20,2026-03-26,2026-03-26,787,787,Closed
PO-004242,SUP-036,2026-03-20,2026-03-25,2026-03-25,128,128,Closed
PO-000643,SUP-002,2026-03-20,2026-03-24,2026-03-23,58,58,Closed
PO-001402,SUP-005,2026-03-20,2026-03-25,2026-03-25,102,102,Closed
PO-001943,SUP-007,2026-03-20,2026-04-01,2026-04-01,370,370,Closed
PO-000350,SUP-001,2026-03-21,2026-03-24,2026-03-27,301,301,Closed
PO-003407,SUP-019,2026-03-21,2026-04-03,2026-04-03,346,346,Closed
PO-001941,SUP-007,2026-03-21,2026-04-01,2026-04-01,571,571,Closed
PO-000895,SUP-003,2026-03-21,2026-03-31,2026-03-30,40,40,Closed
PO-001659,SUP-006,2026-03-21,2026-03-30,2026-03-31,179,179,Closed
PO-003820,SUP-023,2026-03-21,2026-03-25,2026-03-24,92,92,Closed
PO-001138,SUP-004,2026-03-21,2026-03-27,2026-03-27,96,96,Closed
PO-003410,SUP-019,2026-03-21,2026-04-04,2026-04-04,419,348,Closed
PO-003490,SUP-020,2026-03-22,2026-03-26,2026-03-26,149,149,Closed
PO-003095,SUP-016,2026-03-22,2026-03-31,2026-03-31,509,509,Closed
PO-003489,SUP-020,2026-03-22,2026-03-25,2026-03-25,268,268,Closed
PO-000356,SUP-001,2026-03-22,2026-03-24,2026-03-25,371,371,Closed
PO-002449,SUP-010,2026-03-22,2026-03-26,2026-03-26,158,158,Closed
PO-004299,SUP-037,2026-03-22,2026-03-28,2026-03-28,159,159,Closed
PO-001658,SUP-006,2026-03-22,2026-03-31,2026-03-31,105,105,Closed
PO-000908,SUP-003,2026-03-23,2026-03-31,2026-03-31,283,283,Closed
PO-004143,SUP-033,2026-03-23,2026-03-30,2026-03-30,141,141,Closed
PO-001660,SUP-006,2026-03-23,2026-04-02,2026-04-02,1342,1342,Closed
PO-001668,SUP-006,2026-03-23,2026-04-02,2026-04-02,279,279,Closed
PO-001670,SUP-006,2026-03-23,2026-04-01,2026-04-01,529,529,Closed
PO-003823,SUP-023,2026-03-23,2026-03-27,2026-03-27,328,232,Closed
PO-002773,SUP-013,2026-03-23,2026-03-29,2026-03-29,625,625,Closed
PO-001140,SUP-004,2026-03-23,2026-03-30,2026-03-30,396,396,Closed
PO-003968,SUP-027,2026-03-24,2026-04-01,2026-04-01,645,505,Closed
PO-001939,SUP-007,2026-03-24,2026-04-04,2026-04-04,197,197,Closed
PO-002688,SUP-012,2026-03-24,2026-04-02,2026-04-02,326,326,Closed
PO-002580,SUP-011,2026-03-24,2026-03-29,2026-03-29,1184,1184,Closed
PO-000349,SUP-001,2026-03-25,2026-03-27,2026-03-27,101,101,Closed
PO-000650,SUP-002,2026-03-25,2026-03-30,2026-03-29,214,214,Closed
PO-002775,SUP-013,2026-03-25,2026-04-03,2026-04-02,357,357,Closed
PO-003869,SUP-024,2026-03-25,2026-03-27,2026-03-27,186,186,Closed
PO-003871,SUP-024,2026-03-25,2026-03-27,2026-03-28,264,264,Closed
PO-001139,SUP-004,2026-03-25,2026-03-31,2026-03-31,316,316,Closed
PO-001673,SUP-006,2026-03-25,2026-04-02,2026-04-02,852,852,Closed
PO-002686,SUP-012,2026-03-25,2026-04-01,2026-04-01,338,338,Closed
PO-000649,SUP-002,2026-03-26,2026-04-01,2026-04-01,1083,1083,Closed
PO-003411,SUP-019,2026-03-26,2026-04-09,2026-04-09,82,82,Closed
PO-003721,SUP-022,2026-03-26,2026-04-04,2026-04-04,398,398,Closed
PO-002220,SUP-008,2026-03-26,2026-03-31,2026-03-31,129,129,Closed
PO-000900,SUP-003,2026-03-26,2026-04-04,2026-04-04,322,322,Closed
PO-003601,SUP-021,2026-03-27,2026-04-05,2026-04-05,209,209,Closed
PO-001669,SUP-006,2026-03-27,2026-04-03,2026-04-02,366,366,Closed
PO-004243,SUP-036,2026-03-27,2026-04-01,2026-04-01,131,131,Closed
PO-003211,SUP-017,2026-03-27,2026-04-03,2026-04-03,169,169,Closed
PO-001662,SUP-006,2026-03-27,2026-04-03,2026-04-03,266,266,Closed
PO-004334,SUP-038,2026-03-28,2026-04-10,2026-04-10,96,96,Closed
PO-003722,SUP-022,2026-03-28,2026-04-04,2026-04-04,111,111,Closed
PO-002987,SUP-015,2026-03-28,2026-03-30,2026-03-30,410,410,Closed
PO-002579,SUP-011,2026-03-28,2026-03-30,2026-03-30,257,257,Closed
PO-002683,SUP-012,2026-03-28,2026-04-05,2026-04-05,392,392,Closed
PO-002991,SUP-015,2026-03-29,2026-03-31,2026-03-31,330,330,Closed
PO-002349,SUP-009,2026-03-29,2026-04-07,2026-04-07,292,292,Closed
PO-000353,SUP-001,2026-03-29,2026-04-01,2026-04-01,449,449,Closed
PO-000901,SUP-003,2026-03-29,2026-04-05,2026-04-05,495,495,Closed
PO-002584,SUP-011,2026-03-29,2026-04-03,2026-04-05,223,223,Closed
PO-001656,SUP-006,2026-03-29,2026-04-06,2026-04-06,102,102,Closed
PO-003302,SUP-018,2026-03-30,2026-04-03,2026-04-03,134,134,Closed
PO-001408,SUP-005,2026-03-30,2026-04-03,2026-04-03,95,95,Closed
PO-002221,SUP-008,2026-03-30,2026-04-04,2026-04-04,210,210,Closed
PO-003409,SUP-019,2026-03-30,2026-04-11,2026-04-11,272,201,Closed
PO-002577,SUP-011,2026-03-30,2026-04-02,2026-04-02,692,692,Closed
PO-003909,SUP-025,2026-03-30,2026-04-09,2026-04-09,149,149,Closed
PO-001671,SUP-006,2026-03-30,2026-04-09,2026-04-09,416,416,Closed
PO-000651,SUP-002,2026-03-30,2026-04-03,2026-04-04,442,442,Closed
PO-001940,SUP-007,2026-03-31,2026-04-12,2026-04-11,194,194,Closed
PO-004182,SUP-034,2026-03-31,2026-04-03,2026-04-03,326,326,Closed
PO-002581,SUP-011,2026-03-31,2026-04-02,2026-04-02,185,185,Closed
PO-002578,SUP-011,2026-03-31,2026-04-05,2026-04-05,1156,1156,Closed
PO-003720,SUP-022,2026-03-31,2026-04-09,2026-04-09,239,239,Closed
PO-000347,SUP-001,2026-03-31,2026-04-03,2026-04-04,206,206,Closed
PO-000646,SUP-002,2026-03-31,2026-04-05,2026-04-05,351,351,Closed
PO-003599,SUP-021,2026-03-31,2026-04-07,2026-04-07,222,222,Closed
PO-001682,SUP-006,2026-04-01,2026-04-08,2026-04-08,94,94,Closed
PO-000362,SUP-001,2026-04-01,2026-04-04,2026-04-05,147,147,Closed
PO-000658,SUP-002,2026-04-01,2026-04-05,2026-04-05,287,287,Closed
PO-002454,SUP-010,2026-04-01,2026-04-06,2026-04-05,231,203,Closed
PO-000665,SUP-002,2026-04-01,2026-04-06,2026-04-06,278,278,Closed
PO-002460,SUP-010,2026-04-01,2026-04-04,2026-04-04,154,154,Closed
PO-002228,SUP-008,2026-04-01,2026-04-06,2026-04-06,71,71,Closed
PO-003724,SUP-022,2026-04-01,2026-04-08,2026-04-09,161,161,Closed
PO-002878,SUP-014,2026-04-01,2026-04-09,2026-04-09,213,203,Closed
PO-003825,SUP-023,2026-04-01,2026-04-04,2026-04-03,329,329,Closed
PO-001674,SUP-006,2026-04-02,2026-04-10,2026-04-11,631,631,Closed
PO-002691,SUP-012,2026-04-02,2026-04-11,2026-04-11,131,131,Closed
PO-001419,SUP-005,2026-04-02,2026-04-06,2026-04-06,260,260,Closed
PO-003934,SUP-026,2026-04-02,2026-04-08,2026-04-08,99,99,Closed
PO-002461,SUP-010,2026-04-02,2026-04-06,2026-04-06,1107,1107,Closed
PO-001411,SUP-005,2026-04-02,2026-04-07,2026-04-07,111,111,Closed
PO-002232,SUP-008,2026-04-02,2026-04-04,2026-04-04,89,89,Closed
PO-000367,SUP-001,2026-04-02,2026-04-05,2026-04-05,179,179,Closed
PO-000916,SUP-003,2026-04-02,2026-04-11,2026-04-11,664,664,Closed
PO-000657,SUP-002,2026-04-03,2026-04-09,2026-04-09,676,676,Closed
PO-001413,SUP-005,2026-04-03,2026-04-08,2026-04-08,563,563,Closed
PO-000359,SUP-001,2026-04-03,2026-04-08,2026-04-08,175,175,Closed
PO-003874,SUP-024,2026-04-03,2026-04-07,2026-04-07,218,218,Closed
PO-001680,SUP-006,2026-04-03,2026-04-11,2026-04-11,77,77,Closed
PO-002237,SUP-008,2026-04-03,2026-04-06,2026-04-05,229,184,Closed
PO-000363,SUP-001,2026-04-03,2026-04-05,2026-04-05,119,119,Closed
PO-003612,SUP-021,2026-04-03,2026-04-12,2026-04-12,182,182,Closed
PO-002227,SUP-008,2026-04-03,2026-04-05,2026-04-05,520,520,Closed
PO-001151,SUP-004,2026-04-03,2026-04-10,2026-04-11,383,383,Closed
PO-002993,SUP-015,2026-04-04,2026-04-07,2026-04-07,362,362,Closed
PO-000662,SUP-002,2026-04-04,2026-04-08,2026-04-08,396,396,Closed
PO-004405,SUP-040,2026-04-04,2026-04-11,2026-04-11,278,278,Closed
PO-003609,SUP-021,2026-04-04,2026-04-14,2026-04-15,174,174,Closed
PO-001147,SUP-004,2026-04-04,2026-04-11,2026-04-11,465,465,Closed
PO-003606,SUP-021,2026-04-05,2026-04-15,2026-04-15,393,393,Closed
PO-001412,SUP-005,2026-04-05,2026-04-08,2026-04-08,312,312,Closed
PO-002585,SUP-011,2026-04-06,2026-04-11,2026-04-11,121,91,Closed
PO-001952,SUP-007,2026-04-06,2026-04-20,2026-04-20,195,195,Closed
PO-002995,SUP-015,2026-04-06,2026-04-08,2026-04-08,240,240,Closed
PO-002352,SUP-009,2026-04-06,2026-04-15,2026-04-15,288,288,Closed
PO-001422,SUP-005,2026-04-06,2026-04-09,2026-04-09,637,637,Closed
PO-000909,SUP-003,2026-04-07,2026-04-15,2026-04-15,145,145,Closed
PO-000659,SUP-002,2026-04-07,2026-04-11,2026-04-11,320,320,Closed
PO-003872,SUP-024,2026-04-07,2026-04-12,2026-04-12,379,329,Closed
PO-000663,SUP-002,2026-04-07,2026-04-13,2026-04-12,574,574,Closed
PO-004183,SUP-034,2026-04-07,2026-04-10,2026-04-10,369,369,Closed
PO-001676,SUP-006,2026-04-07,2026-04-17,2026-04-17,224,224,Closed
PO-003099,SUP-016,2026-04-08,2026-04-15,2026-04-15,141,141,Closed
PO-003608,SUP-021,2026-04-08,2026-04-16,2026-04-17,1319,1319,Closed
PO-000374,SUP-001,2026-04-08,2026-04-13,2026-04-15,186,186,Closed
PO-002586,SUP-011,2026-04-08,2026-04-13,2026-04-12,305,305,Closed
PO-002457,SUP-010,2026-04-08,2026-04-12,2026-04-12,719,719,Closed
PO-003307,SUP-018,2026-04-08,2026-04-14,2026-04-14,265,265,Closed
PO-003726,SUP-022,2026-04-08,2026-04-17,2026-04-18,342,342,Closed
PO-002997,SUP-015,2026-04-08,2026-04-13,2026-04-13,119,103,Closed
PO-001152,SUP-004,2026-04-09,2026-04-15,2026-04-15,120,120,Closed
PO-002587,SUP-011,2026-04-09,2026-04-12,2026-04-12,690,562,Closed
PO-003723,SUP-022,2026-04-09,2026-04-16,2026-04-15,200,200,Closed
PO-003216,SUP-017,2026-04-09,2026-04-19,2026-04-19,781,781,Closed
PO-000655,SUP-002,2026-04-09,2026-04-13,2026-04-13,397,397,Closed
PO-004245,SUP-036,2026-04-09,2026-04-12,2026-04-12,73,51,Closed
PO-002876,SUP-014,2026-04-09,2026-04-16,2026-04-17,168,168,Closed
PO-003873,SUP-024,2026-04-10,2026-04-13,2026-04-13,388,388,Closed
PO-002877,SUP-014,2026-04-10,2026-04-20,2026-04-20,287,287,Closed
PO-003933,SUP-026,2026-04-10,2026-04-14,2026-04-14,100,100,Closed
PO-001150,SUP-004,2026-04-10,2026-04-18,2026-04-18,129,129,Closed
PO-001679,SUP-006,2026-04-11,2026-04-19,2026-04-19,252,252,Closed
PO-003493,SUP-020,2026-04-11,2026-04-13,2026-04-13,355,355,Closed
PO-001420,SUP-005,2026-04-11,2026-04-15,2026-04-15,294,294,Closed
PO-002235,SUP-008,2026-04-12,2026-04-17,2026-04-17,115,111,Closed
PO-002455,SUP-010,2026-04-12,2026-04-18,2026-04-18,155,155,Closed
PO-000915,SUP-003,2026-04-12,2026-04-19,2026-04-19,179,179,Closed
PO-000910,SUP-003,2026-04-12,2026-04-21,2026-04-21,200,200,Closed
PO-001684,SUP-006,2026-04-12,2026-04-22,2026-04-22,355,355,Closed
PO-003413,SUP-019,2026-04-12,2026-04-25,2026-04-28,161,161,Closed
PO-001686,SUP-006,2026-04-12,2026-04-21,2026-04-21,199,199,Closed
PO-001146,SUP-004,2026-04-12,2026-04-21,2026-04-21,459,459,Closed
PO-001153,SUP-004,2026-04-13,2026-04-20,2026-04-20,331,331,Closed
PO-001424,SUP-005,2026-04-13,2026-04-18,2026-04-18,205,205,Closed
PO-000371,SUP-001,2026-04-13,2026-04-15,2026-04-17,182,182,Closed
PO-002453,SUP-010,2026-04-13,2026-04-19,2026-04-19,220,220,Closed
PO-002456,SUP-010,2026-04-13,2026-04-19,2026-04-19,514,451,Closed
PO-000660,SUP-002,2026-04-13,2026-04-17,2026-04-16,229,229,Closed
PO-000370,SUP-001,2026-04-13,2026-04-15,2026-04-15,463,463,Closed
PO-003416,SUP-019,2026-04-14,2026-04-25,2026-04-25,354,322,Closed
PO-003312,SUP-018,2026-04-14,2026-04-20,2026-04-22,44,44,Closed
PO-004301,SUP-037,2026-04-14,2026-04-20,2026-04-20,313,313,Closed
PO-000369,SUP-001,2026-04-14,2026-04-16,2026-04-16,229,229,Closed
PO-001155,SUP-004,2026-04-14,2026-04-23,2026-04-23,125,125,Closed
PO-002452,SUP-010,2026-04-14,2026-04-18,2026-04-18,250,250,Closed
PO-002238,SUP-008,2026-04-14,2026-04-16,2026-04-16,579,579,Closed
PO-001415,SUP-005,2026-04-14,2026-04-17,2026-04-17,614,614,Closed
PO-004112,SUP-032,2026-04-14,2026-04-18,2026-04-19,278,278,Closed
PO-004244,SUP-036,2026-04-15,2026-04-18,2026-04-18,222,184,Closed
PO-002236,SUP-008,2026-04-15,2026-04-17,2026-04-17,216,216,Closed
PO-002776,SUP-013,2026-04-15,2026-04-23,2026-04-23,148,135,Closed
PO-003611,SUP-021,2026-04-15,2026-04-24,2026-04-24,56,56,Closed
PO-001683,SUP-006,2026-04-15,2026-04-22,2026-04-22,474,474,Closed
PO-001410,SUP-005,2026-04-16,2026-04-21,2026-04-21,79,79,Closed
PO-001414,SUP-005,2026-04-16,2026-04-21,2026-04-21,136,136,Closed
PO-003494,SUP-020,2026-04-16,2026-04-21,2026-04-22,711,711,Closed
PO-001949,SUP-007,2026-04-16,2026-04-30,2026-04-30,366,366,Closed
PO-000361,SUP-001,2026-04-16,2026-04-19,2026-04-19,179,179,Closed
PO-000360,SUP-001,2026-04-16,2026-04-18,2026-04-17,554,554,Closed
PO-004113,SUP-032,2026-04-17,2026-04-19,2026-04-19,126,126,Closed
PO-000656,SUP-002,2026-04-17,2026-04-23,2026-04-23,599,599,Closed
PO-001144,SUP-004,2026-04-17,2026-04-24,2026-04-24,57,57,Closed
PO-001416,SUP-005,2026-04-17,2026-04-23,2026-04-23,250,250,Closed
PO-000653,SUP-002,2026-04-17,2026-04-23,2026-04-23,102,102,Closed
PO-000365,SUP-001,2026-04-17,2026-04-19,2026-04-20,146,146,Closed
PO-001947,SUP-007,2026-04-17,2026-05-01,2026-05-01,193,193,Closed
PO-001688,SUP-006,2026-04-17,2026-04-24,2026-04-24,187,187,Closed
PO-002588,SUP-011,2026-04-17,2026-04-20,2026-04-20,218,218,Closed
PO-003213,SUP-017,2026-04-17,2026-04-25,2026-04-25,473,473,Closed
PO-002591,SUP-011,2026-04-17,2026-04-22,2026-04-22,242,173,Closed
PO-001145,SUP-004,2026-04-18,2026-04-25,2026-04-25,218,218,Closed
PO-000364,SUP-001,2026-04-18,2026-04-22,2026-04-22,114,114,Closed
PO-002592,SUP-011,2026-04-18,2026-04-23,2026-04-23,82,82,Closed
PO-001149,SUP-004,2026-04-19,2026-04-25,2026-04-25,252,252,Closed
PO-000661,SUP-002,2026-04-19,2026-04-23,2026-04-23,117,117,Closed
PO-002590,SUP-011,2026-04-19,2026-04-21,2026-04-21,419,419,Closed
PO-002233,SUP-008,2026-04-19,2026-04-24,2026-04-24,254,254,Closed
PO-001425,SUP-005,2026-04-19,2026-04-23,2026-04-23,240,240,Closed
PO-003725,SUP-022,2026-04-19,2026-04-27,2026-04-27,64,64,Closed
PO-001154,SUP-004,2026-04-20,2026-04-26,2026-04-26,1137,1137,Closed
PO-003308,SUP-018,2026-04-20,2026-04-25,2026-04-24,364,325,Closed
PO-002459,SUP-010,2026-04-20,2026-04-26,2026-04-26,1026,1026,Closed
PO-003214,SUP-017,2026-04-20,2026-04-30,2026-04-30,137,137,Closed
PO-002230,SUP-008,2026-04-20,2026-04-25,2026-04-24,162,133,Closed
PO-001687,SUP-006,2026-04-20,2026-04-27,2026-04-27,121,121,Closed
PO-003097,SUP-016,2026-04-20,2026-04-28,2026-04-29,81,81,Closed
PO-000911,SUP-003,2026-04-20,2026-04-27,2026-04-27,534,534,Closed
PO-003098,SUP-016,2026-04-21,2026-04-30,2026-04-30,268,268,Closed
PO-002994,SUP-015,2026-04-21,2026-04-24,2026-04-25,373,373,Closed
PO-000368,SUP-001,2026-04-21,2026-04-24,2026-04-25,379,379,Closed
PO-001423,SUP-005,2026-04-21,2026-04-27,2026-04-27,180,180,Closed
PO-002234,SUP-008,2026-04-21,2026-04-24,2026-04-24,185,185,Closed
PO-002689,SUP-012,2026-04-22,2026-04-29,2026-04-28,158,158,Closed
PO-002690,SUP-012,2026-04-22,2026-05-01,2026-05-01,463,463,Closed
PO-002458,SUP-010,2026-04-22,2026-04-28,2026-04-28,1326,1326,Closed
PO-000652,SUP-002,2026-04-22,2026-04-27,2026-04-27,230,230,Closed
PO-000375,SUP-001,2026-04-23,2026-04-25,2026-04-25,322,322,Closed
PO-002589,SUP-011,2026-04-23,2026-04-25,2026-04-25,40,40,Closed
PO-004111,SUP-032,2026-04-23,2026-04-25,2026-04-25,208,208,Closed
PO-003310,SUP-018,2026-04-23,2026-04-27,2026-04-27,255,255,Closed
PO-000664,SUP-002,2026-04-23,2026-04-29,2026-04-29,369,369,Closed
PO-001143,SUP-004,2026-04-23,2026-04-30,2026-04-30,106,106,Closed
PO-003309,SUP-018,2026-04-23,2026-04-28,2026-04-30,121,121,Closed
PO-003311,SUP-018,2026-04-23,2026-04-27,2026-04-27,389,389,Closed
PO-000366,SUP-001,2026-04-23,2026-04-28,2026-04-29,314,314,Closed
PO-003607,SUP-021,2026-04-24,2026-05-04,2026-05-09,204,204,Closed
PO-002231,SUP-008,2026-04-24,2026-04-27,2026-04-27,178,178,Closed
PO-001418,SUP-005,2026-04-24,2026-04-30,2026-04-30,215,215,Closed
PO-003215,SUP-017,2026-04-24,2026-05-02,2026-05-02,198,198,Closed
PO-004337,SUP-038,2026-04-24,2026-05-08,2026-05-08,331,331,Closed
PO-001950,SUP-007,2026-04-24,2026-05-05,2026-05-05,712,712,Closed
PO-002996,SUP-015,2026-04-24,2026-04-29,2026-04-30,297,216,Closed
PO-000914,SUP-003,2026-04-24,2026-05-02,2026-05-02,406,406,Closed
PO-002354,SUP-009,2026-04-25,2026-05-03,2026-05-02,491,491,Closed
PO-002353,SUP-009,2026-04-25,2026-05-03,2026-05-03,341,341,Closed
PO-003610,SUP-021,2026-04-25,2026-05-03,2026-05-03,122,122,Closed
PO-001678,SUP-006,2026-04-25,2026-05-04,2026-05-04,112,80,Closed
PO-000912,SUP-003,2026-04-26,2026-05-03,2026-05-03,181,181,Closed
PO-001675,SUP-006,2026-04-26,2026-05-05,2026-05-08,236,236,Closed
PO-000373,SUP-001,2026-04-26,2026-04-29,2026-05-01,318,318,Closed
PO-003415,SUP-019,2026-04-26,2026-05-09,2026-05-10,633,633,Closed
PO-000372,SUP-001,2026-04-26,2026-04-30,2026-04-29,310,310,Closed
PO-000913,SUP-003,2026-04-26,2026-05-05,2026-05-05,263,263,Closed
PO-001148,SUP-004,2026-04-27,2026-05-03,2026-05-02,242,242,Closed
PO-001953,SUP-007,2026-04-27,2026-05-10,2026-05-09,52,52,Closed
PO-001951,SUP-007,2026-04-27,2026-05-08,2026-05-08,152,152,Closed
PO-001677,SUP-006,2026-04-27,2026-05-07,2026-05-07,363,363,Closed
PO-003414,SUP-019,2026-04-27,2026-05-11,2026-05-11,111,111,Closed
PO-001681,SUP-006,2026-04-28,2026-05-05,2026-05-05,736,736,Closed
PO-004212,SUP-035,2026-04-28,2026-05-07,2026-05-08,260,223,Closed
PO-001948,SUP-007,2026-04-28,2026-05-12,2026-05-11,1076,1076,Closed
PO-001685,SUP-006,2026-04-28,2026-05-08,2026-05-08,187,187,Closed
PO-002229,SUP-008,2026-04-28,2026-05-01,2026-05-01,403,403,Closed
PO-001417,SUP-005,2026-04-29,2026-05-05,2026-05-04,271,271,Closed
PO-002992,SUP-015,2026-04-29,2026-05-03,2026-05-03,601,601,Closed
PO-003492,SUP-020,2026-04-29,2026-05-03,2026-05-03,172,159,Closed
PO-003824,SUP-023,2026-04-29,2026-05-02,2026-05-02,120,120,Closed
PO-003100,SUP-016,2026-04-29,2026-05-05,2026-05-05,189,189,Closed
PO-001421,SUP-005,2026-04-30,2026-05-03,2026-05-03,469,469,Closed
PO-002239,SUP-008,2026-04-30,2026-05-03,2026-05-03,299,299,Closed
PO-001954,SUP-007,2026-04-30,2026-05-12,2026-05-12,162,162,Closed
PO-000654,SUP-002,2026-04-30,2026-05-06,2026-05-06,731,731,Closed
PO-004374,SUP-039,2026-04-30,2026-05-05,2026-05-05,168,168,Closed
PO-001431,SUP-005,2026-05-01,2026-05-05,2026-05-05,767,767,Closed
PO-004185,SUP-034,2026-05-01,2026-05-05,2026-05-05,165,165,Closed
PO-001699,SUP-006,2026-05-01,2026-05-09,2026-05-08,119,119,Closed
PO-002880,SUP-014,2026-05-01,2026-05-09,2026-05-09,372,372,Closed
PO-003315,SUP-018,2026-05-02,2026-05-08,2026-05-08,90,90,Closed
PO-002593,SUP-011,2026-05-02,2026-05-05,2026-05-05,1026,969,Closed
PO-002246,SUP-008,2026-05-02,2026-05-04,2026-05-04,425,425,Closed
PO-001958,SUP-007,2026-05-03,2026-05-15,2026-05-15,596,596,Closed
PO-000918,SUP-003,2026-05-03,2026-05-11,2026-05-11,308,308,Closed
PO-002243,SUP-008,2026-05-03,2026-05-07,2026-05-07,421,421,Closed
PO-004246,SUP-036,2026-05-03,2026-05-08,2026-05-08,894,894,Closed
PO-001692,SUP-006,2026-05-04,2026-05-12,2026-05-12,180,180,Closed
PO-002464,SUP-010,2026-05-04,2026-05-08,2026-05-08,496,496,Closed
PO-001966,SUP-007,2026-05-05,2026-05-19,2026-05-19,595,595,Closed
PO-001967,SUP-007,2026-05-05,2026-05-19,2026-05-19,432,432,Closed
PO-002356,SUP-009,2026-05-05,2026-05-15,2026-05-15,302,302,Closed
PO-001696,SUP-006,2026-05-05,2026-05-14,2026-05-14,72,72,Closed
PO-003218,SUP-017,2026-05-05,2026-05-13,2026-05-13,320,320,Closed
PO-000670,SUP-002,2026-05-05,2026-05-08,2026-05-08,158,158,Closed
PO-001693,SUP-006,2026-05-06,2026-05-14,2026-05-14,406,406,Closed
PO-002357,SUP-009,2026-05-06,2026-05-13,2026-05-13,238,238,Closed
PO-002782,SUP-013,2026-05-07,2026-05-13,2026-05-12,287,210,Closed
PO-000377,SUP-001,2026-05-07,2026-05-09,2026-05-09,265,265,Closed
PO-000924,SUP-003,2026-05-07,2026-05-17,2026-05-16,117,117,Closed
PO-002783,SUP-013,2026-05-07,2026-05-13,2026-05-13,183,183,Closed
PO-003101,SUP-016,2026-05-07,2026-05-13,2026-05-13,150,150,Closed
PO-000381,SUP-001,2026-05-07,2026-05-09,2026-05-09,195,195,Closed
PO-002247,SUP-008,2026-05-07,2026-05-10,2026-05-10,752,752,Closed
PO-002780,SUP-013,2026-05-08,2026-05-14,2026-05-14,179,179,Closed
PO-000390,SUP-001,2026-05-08,2026-05-10,2026-05-10,465,465,Closed
PO-004249,SUP-036,2026-05-08,2026-05-10,2026-05-10,137,137,Closed
PO-001962,SUP-007,2026-05-08,2026-05-19,2026-05-19,225,225,Closed
PO-000666,SUP-002,2026-05-08,2026-05-11,2026-05-11,91,91,Closed
PO-001955,SUP-007,2026-05-08,2026-05-21,2026-05-21,1096,1096,Closed
PO-001959,SUP-007,2026-05-08,2026-05-21,2026-05-21,40,40,Closed
PO-003318,SUP-018,2026-05-08,2026-05-14,2026-05-14,596,596,Closed
PO-002998,SUP-015,2026-05-08,2026-05-10,2026-05-10,571,494,Closed
PO-004144,SUP-033,2026-05-09,2026-05-16,2026-05-16,1001,1001,Closed
PO-000668,SUP-002,2026-05-09,2026-05-15,2026-05-15,494,494,Closed
PO-003728,SUP-022,2026-05-09,2026-05-17,2026-05-17,255,255,Closed
PO-000388,SUP-001,2026-05-09,2026-05-11,2026-05-12,281,281,Closed
PO-001969,SUP-007,2026-05-09,2026-05-23,2026-05-23,159,159,Closed
PO-002999,SUP-015,2026-05-10,2026-05-13,2026-05-13,142,142,Closed
PO-003827,SUP-023,2026-05-10,2026-05-16,2026-05-16,176,176,Closed
PO-001428,SUP-005,2026-05-10,2026-05-15,2026-05-15,533,533,Closed
PO-001960,SUP-007,2026-05-10,2026-05-24,2026-05-24,202,202,Closed
PO-002241,SUP-008,2026-05-11,2026-05-14,2026-05-14,368,368,Closed
PO-000385,SUP-001,2026-05-11,2026-05-13,2026-05-13,76,76,Closed
PO-001698,SUP-006,2026-05-11,2026-05-20,2026-05-20,125,125,Closed
PO-001691,SUP-006,2026-05-12,2026-05-19,2026-05-19,381,381,Closed
PO-003219,SUP-017,2026-05-12,2026-05-20,2026-05-20,698,698,Closed
PO-002244,SUP-008,2026-05-12,2026-05-16,2026-05-15,176,176,Closed
PO-003314,SUP-018,2026-05-12,2026-05-15,2026-05-14,142,142,Closed
PO-002355,SUP-009,2026-05-13,2026-05-20,2026-05-20,908,908,Closed
PO-000669,SUP-002,2026-05-13,2026-05-18,2026-05-18,358,358,Closed
PO-000386,SUP-001,2026-05-13,2026-05-17,2026-05-17,327,327,Closed
PO-002779,SUP-013,2026-05-13,2026-05-22,2026-05-22,320,320,Closed
PO-001427,SUP-005,2026-05-13,2026-05-17,2026-05-18,162,162,Closed
PO-003102,SUP-016,2026-05-13,2026-05-20,2026-05-20,242,242,Closed
PO-001963,SUP-007,2026-05-13,2026-05-27,2026-05-27,153,153,Closed
PO-000384,SUP-001,2026-05-14,2026-05-17,2026-05-18,1998,1998,Closed
PO-003615,SUP-021,2026-05-14,2026-05-22,2026-05-22,744,744,Closed
PO-001157,SUP-004,2026-05-14,2026-05-20,2026-05-20,551,551,Closed
PO-003730,SUP-022,2026-05-14,2026-05-22,2026-05-27,947,947,Closed
PO-000673,SUP-002,2026-05-14,2026-05-17,2026-05-17,240,240,Closed
PO-001433,SUP-005,2026-05-14,2026-05-17,2026-05-16,371,371,Closed
PO-002778,SUP-013,2026-05-15,2026-05-22,2026-05-22,240,240,Closed
PO-001159,SUP-004,2026-05-15,2026-05-22,2026-05-22,305,305,Closed
PO-000671,SUP-002,2026-05-15,2026-05-20,2026-05-20,82,82,Closed
PO-003105,SUP-016,2026-05-15,2026-05-22,2026-05-22,304,304,Closed
PO-002465,SUP-010,2026-05-15,2026-05-21,2026-05-21,551,551,Closed
PO-000925,SUP-003,2026-05-16,2026-05-24,2026-05-24,198,198,Closed
PO-002250,SUP-008,2026-05-16,2026-05-21,2026-05-21,171,171,Closed
PO-002777,SUP-013,2026-05-16,2026-05-25,2026-05-25,606,606,Closed
PO-000672,SUP-002,2026-05-16,2026-05-21,2026-05-20,406,406,Closed
PO-000376,SUP-001,2026-05-16,2026-05-19,2026-05-19,428,428,Closed
PO-000382,SUP-001,2026-05-16,2026-05-20,2026-05-23,1034,1034,Closed
PO-004247,SUP-036,2026-05-17,2026-05-20,2026-05-21,130,111,Closed
PO-002879,SUP-014,2026-05-17,2026-05-25,2026-05-25,168,168,Closed
PO-000378,SUP-001,2026-05-17,2026-05-20,2026-05-20,155,155,Closed
PO-001694,SUP-006,2026-05-17,2026-05-25,2026-05-25,147,147,Closed
PO-001965,SUP-007,2026-05-18,2026-05-31,2026-05-31,100,100,Closed
PO-000919,SUP-003,2026-05-18,2026-05-25,2026-05-24,496,496,Closed
PO-002359,SUP-009,2026-05-18,2026-05-27,2026-05-27,332,332,Closed
PO-002463,SUP-010,2026-05-19,2026-05-23,2026-05-23,307,307,Closed
PO-003969,SUP-027,2026-05-19,2026-05-27,2026-05-27,188,188,Closed
PO-001690,SUP-006,2026-05-19,2026-05-29,2026-05-29,190,190,Closed
PO-000920,SUP-003,2026-05-19,2026-05-26,2026-05-26,215,215,Closed
PO-002781,SUP-013,2026-05-20,2026-05-27,2026-05-27,509,509,Closed
PO-003875,SUP-024,2026-05-20,2026-05-22,2026-05-22,263,241,Closed
PO-003935,SUP-026,2026-05-20,2026-05-24,2026-05-24,193,193,Closed
PO-000927,SUP-003,2026-05-20,2026-05-27,2026-05-29,316,316,Closed
PO-001158,SUP-004,2026-05-20,2026-05-29,2026-05-29,215,215,Closed
PO-003001,SUP-015,2026-05-21,2026-05-23,2026-05-24,87,87,Closed
PO-004114,SUP-032,2026-05-21,2026-05-24,2026-05-25,443,443,Closed
PO-003103,SUP-016,2026-05-21,2026-05-27,2026-05-27,274,274,Closed
PO-001968,SUP-007,2026-05-21,2026-06-03,2026-06-03,610,610,Closed
PO-003826,SUP-023,2026-05-21,2026-05-24,2026-05-26,321,321,Closed
PO-001964,SUP-007,2026-05-21,2026-06-01,2026-06-01,178,178,Closed
PO-000383,SUP-001,2026-05-21,2026-05-24,2026-05-24,383,383,Closed
PO-003317,SUP-018,2026-05-22,2026-05-25,2026-05-25,387,387,Closed
PO-003614,SUP-021,2026-05-22,2026-06-01,2026-05-31,67,67,Closed
PO-003104,SUP-016,2026-05-22,2026-05-28,2026-05-28,68,68,Closed
PO-003729,SUP-022,2026-05-22,2026-05-29,2026-05-29,575,575,Closed
PO-001961,SUP-007,2026-05-22,2026-06-04,2026-06-03,217,217,Closed
PO-000921,SUP-003,2026-05-22,2026-06-01,2026-06-01,631,631,Closed
PO-001695,SUP-006,2026-05-23,2026-05-31,2026-05-31,843,843,Closed
PO-003316,SUP-018,2026-05-23,2026-05-26,2026-05-26,108,108,Closed
PO-002245,SUP-008,2026-05-24,2026-05-28,2026-05-28,246,246,Closed
PO-000929,SUP-003,2026-05-24,2026-05-31,2026-05-31,415,415,Closed
PO-000922,SUP-003,2026-05-24,2026-06-03,2026-06-03,88,88,Closed
PO-001430,SUP-005,2026-05-24,2026-05-29,2026-05-29,42,42,Closed
PO-003319,SUP-018,2026-05-24,2026-05-30,2026-05-30,83,83,Closed
PO-003613,SUP-021,2026-05-24,2026-06-01,2026-06-03,190,190,Closed
PO-001432,SUP-005,2026-05-24,2026-05-27,2026-05-27,216,216,Closed
PO-003727,SUP-022,2026-05-24,2026-05-31,2026-05-31,88,88,Closed
PO-004248,SUP-036,2026-05-24,2026-05-28,2026-06-02,469,469,Closed
PO-001435,SUP-005,2026-05-25,2026-05-30,2026-05-30,824,824,Closed
PO-000923,SUP-003,2026-05-25,2026-06-01,2026-06-01,287,287,Closed
PO-004375,SUP-039,2026-05-25,2026-05-28,2026-05-27,253,229,Closed
PO-003495,SUP-020,2026-05-25,2026-05-27,2026-05-27,141,141,Closed
PO-003828,SUP-023,2026-05-25,2026-05-28,2026-05-28,191,173,Closed
PO-004376,SUP-039,2026-05-25,2026-05-27,2026-05-27,109,109,Closed
PO-001697,SUP-006,2026-05-25,2026-06-04,2026-06-04,568,568,Closed
PO-001426,SUP-005,2026-05-25,2026-05-28,2026-05-28,520,520,Closed
PO-001156,SUP-004,2026-05-26,2026-06-03,2026-06-03,315,315,Closed
PO-004186,SUP-034,2026-05-26,2026-05-31,2026-05-31,439,439,Closed
PO-001160,SUP-004,2026-05-26,2026-06-01,2026-06-01,223,223,Closed
PO-000928,SUP-003,2026-05-26,2026-06-03,2026-06-03,96,96,Closed
PO-000387,SUP-001,2026-05-26,2026-05-30,2026-06-02,392,392,Closed
PO-001689,SUP-006,2026-05-27,2026-06-03,2026-06-02,131,131,Closed
PO-000380,SUP-001,2026-05-27,2026-05-30,2026-05-30,191,191,Closed
PO-003217,SUP-017,2026-05-27,2026-06-03,2026-06-03,277,277,Closed
PO-003002,SUP-015,2026-05-28,2026-05-31,2026-05-30,317,317,Closed
PO-000379,SUP-001,2026-05-28,2026-06-01,2026-06-01,401,401,Closed
PO-003990,SUP-028,2026-05-28,2026-06-01,2026-06-01,270,270,Closed
PO-003497,SUP-020,2026-05-28,2026-06-01,2026-06-01,206,206,Closed
PO-003910,SUP-025,2026-05-28,2026-06-06,2026-06-06,1213,1213,Closed
PO-002360,SUP-009,2026-05-28,2026-06-05,2026-06-05,105,105,Closed
PO-003829,SUP-023,2026-05-28,2026-05-31,2026-05-31,250,250,Closed
PO-004184,SUP-034,2026-05-28,2026-06-02,2026-06-02,358,358,Closed
PO-000917,SUP-003,2026-05-28,2026-06-07,2026-06-07,161,161,Closed
PO-000667,SUP-002,2026-05-29,2026-06-03,2026-06-03,345,345,Closed
PO-002462,SUP-010,2026-05-29,2026-06-02,2026-06-02,60,60,Closed
PO-000389,SUP-001,2026-05-29,2026-06-01,2026-06-01,142,100,Closed
PO-001957,SUP-007,2026-05-29,2026-06-09,2026-06-11,176,176,Closed
PO-001956,SUP-007,2026-05-29,2026-06-09,2026-06-09,260,260,Closed
PO-002248,SUP-008,2026-05-29,2026-06-02,2026-06-02,217,217,Closed
PO-000930,SUP-003,2026-05-30,2026-06-07,2026-06-07,284,284,Closed
PO-001429,SUP-005,2026-05-30,2026-06-02,2026-06-02,246,246,Closed
PO-003496,SUP-020,2026-05-30,2026-06-04,2026-06-04,381,340,Closed
PO-001434,SUP-005,2026-05-30,2026-06-03,2026-06-03,136,136,Closed
PO-002240,SUP-008,2026-05-31,2026-06-04,2026-06-04,297,297,Closed
PO-003003,SUP-015,2026-05-31,2026-06-03,2026-06-03,247,247,Closed
PO-002358,SUP-009,2026-05-31,2026-06-08,2026-06-08,421,421,Closed
PO-003000,SUP-015,2026-05-31,2026-06-02,2026-06-02,525,525,Closed
PO-002242,SUP-008,2026-05-31,2026-06-04,2026-06-04,154,112,Closed
PO-000926,SUP-003,2026-05-31,2026-06-08,2026-06-08,185,185,Closed
PO-002249,SUP-008,2026-05-31,2026-06-05,2026-06-05,265,265,Closed
PO-003616,SUP-021,2026-05-31,2026-06-08,2026-06-08,380,380,Closed
PO-003313,SUP-018,2026-05-31,2026-06-06,2026-06-06,151,151,Closed
PO-000680,SUP-002,2026-06-01,2026-06-04,2026-06-04,718,718,Closed
PO-003498,SUP-020,2026-06-01,2026-06-03,2026-06-02,132,132,Closed
PO-003417,SUP-019,2026-06-01,2026-06-15,2026-06-15,189,189,Closed
PO-001438,SUP-005,2026-06-01,2026-06-05,2026-06-05,211,211,Closed
PO-001436,SUP-005,2026-06-01,2026-06-05,2026-06-07,432,432,Closed
PO-003971,SUP-027,2026-06-01,2026-06-09,2026-06-09,392,392,Closed
PO-000391,SUP-001,2026-06-01,2026-06-06,2026-06-06,296,296,Closed
PO-003833,SUP-023,2026-06-02,2026-06-07,2026-06-07,959,959,Closed
PO-003733,SUP-022,2026-06-02,2026-06-11,2026-06-11,683,683,Closed
PO-003992,SUP-028,2026-06-02,2026-06-06,2026-06-06,92,92,Closed
PO-000397,SUP-001,2026-06-02,2026-06-05,2026-06-06,1267,1267,Closed
PO-002467,SUP-010,2026-06-02,2026-06-08,2026-06-08,415,415,Closed
PO-000939,SUP-003,2026-06-02,2026-06-10,2026-06-10,488,488,Closed
PO-000396,SUP-001,2026-06-02,2026-06-07,2026-06-08,398,398,Closed
PO-002785,SUP-013,2026-06-02,2026-06-08,2026-06-07,45,45,Closed
PO-002255,SUP-008,2026-06-02,2026-06-04,2026-06-03,487,487,Closed
PO-001169,SUP-004,2026-06-03,2026-06-11,2026-06-11,84,84,Closed
PO-001444,SUP-005,2026-06-03,2026-06-09,2026-06-09,108,108,Closed
PO-000932,SUP-003,2026-06-03,2026-06-10,2026-06-10,625,625,Closed
PO-001162,SUP-004,2026-06-03,2026-06-09,2026-06-08,221,221,Closed
PO-003109,SUP-016,2026-06-03,2026-06-09,2026-06-09,611,583,Closed
PO-003110,SUP-016,2026-06-03,2026-06-09,2026-06-09,76,76,Closed
PO-003832,SUP-023,2026-06-04,2026-06-09,2026-06-09,292,292,Closed
PO-000392,SUP-001,2026-06-04,2026-06-09,2026-06-09,153,153,Closed
PO-003221,SUP-017,2026-06-04,2026-06-13,2026-06-13,75,75,Closed
PO-004339,SUP-038,2026-06-04,2026-06-18,2026-06-18,209,209,Closed
PO-001709,SUP-006,2026-06-04,2026-06-14,2026-06-14,281,281,Closed
PO-003007,SUP-015,2026-06-04,2026-06-08,2026-06-08,228,228,Closed
PO-000688,SUP-002,2026-06-05,2026-06-09,2026-06-09,105,105,Closed
PO-003419,SUP-019,2026-06-05,2026-06-16,2026-06-16,200,200,Closed
PO-003970,SUP-027,2026-06-05,2026-06-15,2026-06-15,80,80,Closed
PO-003111,SUP-016,2026-06-05,2026-06-11,2026-06-12,264,264,Closed
PO-002259,SUP-008,2026-06-05,2026-06-09,2026-06-09,327,327,Closed
PO-002466,SUP-010,2026-06-05,2026-06-11,2026-06-11,299,299,Closed
PO-002787,SUP-013,2026-06-05,2026-06-12,2026-06-12,244,244,Closed
PO-003321,SUP-018,2026-06-05,2026-06-10,2026-06-10,245,245,Closed
PO-002264,SUP-008,2026-06-05,2026-06-10,2026-06-10,1110,1110,Closed
PO-003010,SUP-015,2026-06-05,2026-06-07,2026-06-07,904,904,Closed
PO-001972,SUP-007,2026-06-05,2026-06-18,2026-06-18,165,165,Closed
PO-000934,SUP-003,2026-06-06,2026-06-14,2026-06-14,100,100,Closed
PO-001161,SUP-004,2026-06-06,2026-06-12,2026-06-11,199,199,Closed
PO-001973,SUP-007,2026-06-06,2026-06-20,2026-06-20,155,155,Closed
PO-003222,SUP-017,2026-06-06,2026-06-14,2026-06-14,450,450,Closed
PO-000400,SUP-001,2026-06-07,2026-06-12,2026-06-13,1795,1795,Closed
PO-001978,SUP-007,2026-06-07,2026-06-19,2026-06-19,176,176,Closed
PO-000940,SUP-003,2026-06-07,2026-06-15,2026-06-15,593,593,Closed
PO-001702,SUP-006,2026-06-07,2026-06-14,2026-06-14,257,257,Closed
PO-001711,SUP-006,2026-06-07,2026-06-14,2026-06-14,170,170,Closed
PO-003991,SUP-028,2026-06-07,2026-06-12,2026-06-16,126,126,Closed
PO-004340,SUP-038,2026-06-07,2026-06-20,2026-06-19,179,179,Closed
PO-001704,SUP-006,2026-06-07,2026-06-15,2026-06-15,527,527,Closed
PO-000403,SUP-001,2026-06-08,2026-06-11,2026-06-11,160,160,Closed
PO-000682,SUP-002,2026-06-08,2026-06-13,2026-06-13,263,263,Closed
PO-002362,SUP-009,2026-06-08,2026-06-17,2026-06-19,466,385,Closed
PO-004303,SUP-037,2026-06-08,2026-06-11,2026-06-11,407,407,Closed
PO-004050,SUP-030,2026-06-08,2026-06-15,2026-06-14,536,536,Closed
PO-003418,SUP-019,2026-06-08,2026-06-21,2026-06-20,437,437,Closed
PO-002786,SUP-013,2026-06-08,2026-06-17,2026-06-16,304,304,Closed
PO-002258,SUP-008,2026-06-09,2026-06-11,2026-06-11,747,747,Closed
PO-000683,SUP-002,2026-06-09,2026-06-13,2026-06-12,73,73,Closed
PO-004338,SUP-038,2026-06-09,2026-06-21,2026-06-21,334,334,Closed
PO-004377,SUP-039,2026-06-09,2026-06-12,2026-06-14,2093,2093,Closed
PO-001706,SUP-006,2026-06-09,2026-06-16,2026-06-15,348,348,Closed
PO-000402,SUP-001,2026-06-09,2026-06-12,2026-06-13,316,316,Closed
PO-004115,SUP-032,2026-06-10,2026-06-13,2026-06-13,475,475,Closed
PO-002257,SUP-008,2026-06-10,2026-06-14,2026-06-14,221,221,Closed
PO-001170,SUP-004,2026-06-10,2026-06-19,2026-06-19,173,173,Closed
PO-001167,SUP-004,2026-06-10,2026-06-19,2026-06-19,63,63,Closed
PO-003502,SUP-020,2026-06-10,2026-06-14,2026-06-14,167,167,Closed
PO-003731,SUP-022,2026-06-11,2026-06-20,2026-06-20,216,181,Closed
PO-000677,SUP-002,2026-06-11,2026-06-14,2026-06-14,335,335,Closed
PO-004187,SUP-034,2026-06-11,2026-06-16,2026-06-15,248,248,Closed
PO-003503,SUP-020,2026-06-11,2026-06-13,2026-06-13,427,427,Closed
PO-000401,SUP-001,2026-06-12,2026-06-16,2026-06-17,209,209,Closed
PO-001705,SUP-006,2026-06-12,2026-06-20,2026-06-20,63,63,Closed
PO-003005,SUP-015,2026-06-12,2026-06-16,2026-06-16,426,426,Closed
PO-003877,SUP-024,2026-06-12,2026-06-15,2026-06-15,185,173,Closed
PO-000679,SUP-002,2026-06-12,2026-06-16,2026-06-16,207,207,Closed
PO-001975,SUP-007,2026-06-13,2026-06-27,2026-06-27,555,555,Closed
PO-001970,SUP-007,2026-06-13,2026-06-27,2026-06-27,181,181,Closed
PO-002261,SUP-008,2026-06-13,2026-06-18,2026-06-18,294,294,Closed
PO-003320,SUP-018,2026-06-13,2026-06-18,2026-06-18,118,118,Closed
PO-001440,SUP-005,2026-06-14,2026-06-19,2026-06-19,267,267,Closed
PO-004088,SUP-031,2026-06-14,2026-06-26,2026-06-26,371,371,Closed
PO-001708,SUP-006,2026-06-14,2026-06-22,2026-06-22,106,106,Closed
PO-000942,SUP-003,2026-06-14,2026-06-22,2026-06-22,171,171,Closed
PO-003223,SUP-017,2026-06-14,2026-06-21,2026-06-21,289,289,Closed
PO-003732,SUP-022,2026-06-14,2026-06-21,2026-06-21,227,227,Closed
PO-001442,SUP-005,2026-06-14,2026-06-17,2026-06-16,196,196,Closed
PO-002884,SUP-014,2026-06-14,2026-06-21,2026-06-21,427,427,Closed
PO-000941,SUP-003,2026-06-15,2026-06-22,2026-06-22,143,143,Closed
PO-000936,SUP-003,2026-06-15,2026-06-24,2026-06-24,206,206,Closed
PO-001976,SUP-007,2026-06-15,2026-06-27,2026-06-27,299,299,Closed
PO-001441,SUP-005,2026-06-15,2026-06-20,2026-06-24,578,578,Closed
PO-004149,SUP-033,2026-06-15,2026-06-24,2026-06-24,663,663,Closed
PO-002260,SUP-008,2026-06-15,2026-06-18,2026-06-18,318,318,Closed
PO-003876,SUP-024,2026-06-15,2026-06-20,2026-06-20,186,186,Closed
PO-004213,SUP-035,2026-06-15,2026-06-24,2026-06-28,198,184,Closed
PO-002469,SUP-010,2026-06-15,2026-06-18,2026-06-18,947,790,Closed
PO-003618,SUP-021,2026-06-15,2026-06-22,2026-06-22,238,238,Closed
PO-003323,SUP-018,2026-06-15,2026-06-19,2026-06-20,157,157,Closed
PO-004020,SUP-029,2026-06-15,2026-06-22,2026-06-22,294,294,Closed
PO-000399,SUP-001,2026-06-15,2026-06-20,2026-06-20,321,321,Closed
PO-000675,SUP-002,2026-06-16,2026-06-19,2026-06-19,176,176,Closed
PO-002468,SUP-010,2026-06-17,2026-06-22,2026-06-22,98,98,Closed
PO-001701,SUP-006,2026-06-17,2026-06-24,2026-06-24,85,85,Closed
PO-003830,SUP-023,2026-06-17,2026-06-22,2026-06-23,231,231,Closed
PO-002882,SUP-014,2026-06-17,2026-06-25,2026-06-24,225,225,Closed
PO-002693,SUP-012,2026-06-17,2026-06-25,2026-06-25,169,169,Closed
PO-004251,SUP-036,2026-06-17,2026-06-20,2026-06-20,288,267,Closed
PO-000398,SUP-001,2026-06-17,2026-06-20,2026-06-20,1389,1389,Closed
PO-001983,SUP-007,2026-06-18,2026-07-02,2026-07-02,283,283,Closed
PO-003009,SUP-015,2026-06-18,2026-06-23,2026-06-23,276,276,Closed
PO-001439,SUP-005,2026-06-18,2026-06-24,2026-06-24,655,520,Closed
PO-000681,SUP-002,2026-06-18,2026-06-22,2026-06-22,284,284,Closed
PO-000686,SUP-002,2026-06-18,2026-06-24,2026-06-24,420,420,Closed
PO-001710,SUP-006,2026-06-19,2026-06-27,2026-06-27,309,309,Closed
PO-003501,SUP-020,2026-06-19,2026-06-23,2026-06-24,113,113,Closed
PO-003420,SUP-019,2026-06-19,2026-07-01,2026-07-01,288,288,Closed
PO-004146,SUP-033,2026-06-19,2026-06-29,2026-06-29,166,166,Closed
PO-004214,SUP-035,2026-06-19,2026-06-29,2026-06-29,377,377,Closed
PO-002252,SUP-008,2026-06-19,2026-06-22,2026-06-22,309,309,Closed
PO-002361,SUP-009,2026-06-19,2026-06-27,2026-06-27,138,138,Closed
PO-002363,SUP-009,2026-06-19,2026-06-29,2026-06-29,127,127,Closed
PO-001437,SUP-005,2026-06-20,2026-06-26,2026-06-26,193,193,Closed
PO-002253,SUP-008,2026-06-20,2026-06-22,2026-06-22,364,364,Closed
PO-002784,SUP-013,2026-06-20,2026-06-27,2026-06-27,88,88,Closed
PO-001163,SUP-004,2026-06-20,2026-06-26,2026-06-26,360,360,Closed
PO-003220,SUP-017,2026-06-20,2026-06-27,2026-06-27,710,710,Closed
PO-001982,SUP-007,2026-06-21,2026-07-05,2026-07-05,165,165,Closed
PO-003834,SUP-023,2026-06-21,2026-06-24,2026-06-24,187,187,Closed
PO-001164,SUP-004,2026-06-21,2026-06-28,2026-06-27,96,96,Closed
PO-002256,SUP-008,2026-06-21,2026-06-25,2026-06-25,214,214,Closed
PO-001979,SUP-007,2026-06-21,2026-07-03,2026-07-03,511,511,Closed
PO-001980,SUP-007,2026-06-21,2026-07-02,2026-07-02,1020,1020,Closed
PO-003224,SUP-017,2026-06-21,2026-06-30,2026-06-30,71,71,Closed
PO-004145,SUP-033,2026-06-21,2026-06-28,2026-06-28,132,132,Closed
PO-003322,SUP-018,2026-06-22,2026-06-25,2026-06-25,140,123,Closed
PO-001703,SUP-006,2026-06-22,2026-06-30,2026-06-30,56,56,Closed
PO-002251,SUP-008,2026-06-22,2026-06-24,2026-06-24,271,271,Closed
PO-000404,SUP-001,2026-06-22,2026-06-24,2026-06-24,672,672,Closed
PO-002263,SUP-008,2026-06-22,2026-06-27,2026-06-27,321,321,Closed
PO-003617,SUP-021,2026-06-22,2026-06-29,2026-07-02,845,845,Closed
PO-000937,SUP-003,2026-06-22,2026-07-01,2026-06-30,138,138,Closed
PO-003500,SUP-020,2026-06-22,2026-06-27,2026-06-27,434,434,Closed
PO-003994,SUP-028,2026-06-23,2026-06-25,2026-06-25,159,159,Closed
PO-002692,SUP-012,2026-06-23,2026-07-03,2026-07-03,505,505,Closed
PO-000394,SUP-001,2026-06-23,2026-06-28,2026-06-28,154,154,Closed
PO-000406,SUP-001,2026-06-23,2026-06-26,2026-06-28,378,268,Closed
PO-002883,SUP-014,2026-06-24,2026-07-04,2026-07-04,237,237,Closed
PO-000405,SUP-001,2026-06-24,2026-06-29,2026-06-30,149,149,Closed
PO-001165,SUP-004,2026-06-24,2026-07-02,2026-07-02,245,245,Closed
PO-000933,SUP-003,2026-06-24,2026-07-01,2026-07-01,534,534,Closed
PO-002881,SUP-014,2026-06-24,2026-07-02,2026-07-02,201,201,Closed
PO-000931,SUP-003,2026-06-24,2026-07-02,2026-07-02,188,174,Closed
PO-000935,SUP-003,2026-06-25,2026-07-05,2026-07-05,566,566,Closed
PO-003008,SUP-015,2026-06-25,2026-06-30,2026-07-01,92,92,Closed
PO-002594,SUP-011,2026-06-25,2026-06-28,2026-06-28,139,139,Closed
PO-004148,SUP-033,2026-06-25,2026-07-04,2026-07-04,713,713,Closed
PO-000687,SUP-002,2026-06-25,2026-07-01,2026-07-01,239,239,Closed
PO-000685,SUP-002,2026-06-25,2026-06-29,2026-06-29,258,258,Closed
PO-001977,SUP-007,2026-06-25,2026-07-06,2026-07-06,824,824,Closed
PO-003108,SUP-016,2026-06-25,2026-07-01,2026-07-01,626,626,Closed
PO-001974,SUP-007,2026-06-26,2026-07-07,2026-07-06,231,231,Closed
PO-003004,SUP-015,2026-06-26,2026-06-28,2026-06-29,186,186,Closed
PO-003107,SUP-016,2026-06-26,2026-07-03,2026-07-03,44,44,Closed
PO-003106,SUP-016,2026-06-26,2026-07-02,2026-07-02,611,611,Closed
PO-003911,SUP-025,2026-06-26,2026-07-03,2026-07-02,196,196,Closed
PO-000678,SUP-002,2026-06-26,2026-07-01,2026-07-01,184,184,Closed
PO-001445,SUP-005,2026-06-26,2026-07-02,2026-07-02,323,323,Closed
PO-001443,SUP-005,2026-06-27,2026-07-01,2026-07-01,138,138,Closed
PO-003831,SUP-023,2026-06-27,2026-07-02,2026-07-05,326,326,Closed
PO-001971,SUP-007,2026-06-27,2026-07-09,2026-07-09,489,489,Closed
PO-002254,SUP-008,2026-06-27,2026-06-30,2026-06-30,222,222,Closed
PO-003619,SUP-021,2026-06-27,2026-07-07,2026-07-07,112,112,Closed
PO-000393,SUP-001,2026-06-28,2026-07-03,2026-07-02,164,148,Closed
PO-004302,SUP-037,2026-06-28,2026-07-01,2026-06-30,706,706,Closed
PO-000676,SUP-002,2026-06-28,2026-07-04,2026-07-04,106,106,Closed
PO-002886,SUP-014,2026-06-28,2026-07-07,2026-07-07,96,96,Closed
PO-002885,SUP-014,2026-06-28,2026-07-07,2026-07-07,399,399,Closed
PO-000938,SUP-003,2026-06-28,2026-07-06,2026-07-06,241,241,Closed
PO-001166,SUP-004,2026-06-28,2026-07-07,2026-07-07,262,262,Closed
PO-002262,SUP-008,2026-06-28,2026-07-03,2026-07-03,505,505,Closed
PO-003996,SUP-028,2026-06-28,2026-07-02,2026-07-02,259,259,Closed
PO-003995,SUP-028,2026-06-28,2026-07-01,2026-07-01,247,247,Closed
PO-001168,SUP-004,2026-06-29,2026-07-06,2026-07-06,154,154,Closed
PO-004147,SUP-033,2026-06-29,2026-07-06,2026-07-08,357,357,Closed
PO-001700,SUP-006,2026-06-29,2026-07-06,2026-07-06,100,100,Closed
PO-001981,SUP-007,2026-06-29,2026-07-11,2026-07-11,302,302,Closed
PO-004250,SUP-036,2026-06-29,2026-07-01,2026-07-03,392,392,Closed
PO-003499,SUP-020,2026-06-29,2026-07-01,2026-06-30,511,511,Closed
PO-001707,SUP-006,2026-06-29,2026-07-09,2026-07-09,213,213,Closed
PO-003006,SUP-015,2026-06-29,2026-07-01,2026-07-01,680,680,Closed
PO-000674,SUP-002,2026-06-29,2026-07-02,2026-07-02,449,449,Closed
PO-000395,SUP-001,2026-06-30,2026-07-03,2026-07-06,380,380,Closed
PO-003993,SUP-028,2026-06-30,2026-07-04,2026-07-04,180,171,Closed
PO-000684,SUP-002,2026-06-30,2026-07-05,2026-07-05,224,224,Closed
PO-004089,SUP-031,2026-06-30,2026-07-11,2026-07-10,507,507,Closed
PO-002364,SUP-009,2026-06-30,2026-07-09,2026-07-09,324,324,Closed
PO-004406,SUP-040,2026-06-30,2026-07-07,2026-07-07,189,189,Closed
